scientificName,phyloTreeTipLabel,phyloTreeFileName,^skos:prefLabel,^ot:originalLabel,^ot:ottTaxonName,^ot:taxonLink,^ot:ottId
Nicotiana rosulata,Nicotiana rosulata,ot_1003_Tr100305.nex,-,Nicotiana rosulata,Nicotiana rosulata,"{'@tb:identifier.taxon': 184580, '@tb:identifier.taxonVariant': 257210, '@ubio': '5845909', '@uniprot': '200309'}",755391
Solanum thelopodium,Solanum thelopodium,ot_1003_Tr100305.nex,-,Solanum thelopodium,Solanum thelopodium,"{'@tb:identifier.taxon': 632129, '@tb:identifier.taxonVariant': 847141, '@ubio': '1801103', '@uniprot': '205585'}",4045
Nicotiana goodspeedii,Nicotiana goodspeedii,ot_1003_Tr100305.nex,-,Nicotiana goodspeedii,Nicotiana goodspeedii,"{'@tb:identifier.taxon': 184576, '@tb:identifier.taxonVariant': 257206, '@ubio': '5845882', '@uniprot': '200305'}",755411
Nolana sedifolia,Nolana sedifolia,ot_1003_Tr100305.nex,-,Nolana sedifolia,Nolana sedifolia,"{'@tb:identifier.taxon': 95050, '@tb:identifier.taxonVariant': 174221, '@ubio': '5957969', '@uniprot': '84200'}",956764
Nothocestrum latifolium,Nothocestrum latifolium,ot_1003_Tr100305.nex,-,Nothocestrum latifolium,Nothocestrum latifolium,"{'@tb:identifier.taxon': 429029, '@tb:identifier.taxonVariant': 565240, '@ubio': '2653687', '@uniprot': '540822'}",383971
Chamaesaracha sordida,Chamaesaracha sordida,ot_1003_Tr100305.nex,-,Chamaesaracha sordida,Chamaesaracha sordida,"{'@tb:identifier.taxon': 5692, '@tb:identifier.taxonVariant': 13795, '@ubio': '2653596', '@uniprot': '304121'}",264841
Lycianthes shanesii,Lycianthes shanesii,ot_1003_Tr100305.nex,-,Lycianthes shanesii,Lycianthes shanesii,"{'@tb:identifier.taxon': 168563, '@tb:identifier.taxonVariant': 243050, '@ubio': '10201188', '@uniprot': '180578'}",997062
Petunia secreta,Petunia secreta,ot_1003_Tr100305.nex,-,Petunia secreta,Petunia secreta,"{'@tb:identifier.taxon': 283623, '@tb:identifier.taxonVariant': 336734, '@ubio': '10272157', '@uniprot': '323111'}",446934
Nicotiana glutinosa,Nicotiana glutinosa,ot_1003_Tr100305.nex,-,Nicotiana glutinosa,Nicotiana glutinosa,"{'@tb:identifier.taxon': 19091, '@tb:identifier.taxonVariant': 44440, '@ubio': '2669881', '@uniprot': '35889'}",77372
Solanum tetrathecum,Solanum tetrathecum,ot_1003_Tr100305.nex,-,Solanum tetrathecum,Solanum tetrathecum,"{'@tb:identifier.taxon': 349423, '@tb:identifier.taxonVariant': 382914, '@ubio': '9109921', '@uniprot': '401009'}",765650
Solanum candidum,Solanum candidum,ot_1003_Tr100305.nex,-,Solanum candidum,Solanum candidum,"{'@tb:identifier.taxon': 27146, '@tb:identifier.taxonVariant': 63390, '@ubio': '5862425', '@uniprot': '115663'}",399745
Convolvulus,Convolvulus,ot_1003_Tr100304.nex,-,Convolvulus,Convolvulus,"{'@tb:identifier.taxon': 6896, '@tb:identifier.taxonVariant': 16704, '@ubio': '3874914', '@uniprot': '4122'}",1071034
Solanum campylacanthum,Solanum campylacanthum,ot_1003_Tr100305.nex,-,Solanum campylacanthum,Solanum campylacanthum,"{'@tb:identifier.taxon': 27145, '@tb:identifier.taxonVariant': 63388, '@ubio': '5862415', '@uniprot': '329765'}",535387
Coeloneurum ferrugineum,Coeloneurum ferrugineum,ot_1003_Tr100305.nex,-,Coeloneurum ferrugineum,Coeloneurum ferrugineum,"{'@tb:identifier.taxon': 205527, '@tb:identifier.taxonVariant': 274984, '@ubio': '3439684', '@uniprot': '225619'}",1040652
Iochroma gesnerioides,Iochroma gesnerioides,ot_1003_Tr100305.nex,-,Iochroma gesnerioides,Iochroma gesnerioides,"{'@tb:identifier.taxon': 316957, '@tb:identifier.taxonVariant': 491590, '@ubio': '10296478', '@uniprot': '362360'}",809970
Lycium strandveldense,Lycium strandveldense,ot_1003_Tr100305.nex,-,Lycium strandveldense,Lycium strandveldense,"{'@tb:identifier.taxon': 362387, '@tb:identifier.taxonVariant': 390421, '@ubio': '9167955', '@uniprot': '416541'}",505219
Solanum cheesmaniae,Solanum cheesmaniae,ot_1003_Tr100305.nex,-,Solanum cheesmaniae,Solanum cheesmaniae,"{'@tb:identifier.taxon': 632154, '@tb:identifier.taxonVariant': 847166, '@ubio': '5884221', '@uniprot': '142759'}",242855
Cyphanthera microphylla,Cyphanthera microphylla,ot_1003_Tr100305.nex,-,Cyphanthera microphylla,Cyphanthera microphylla,"{'@tb:identifier.taxon': 8149, '@tb:identifier.taxonVariant': 19612, '@ubio': '5969250', '@uniprot': '195733'}",810429
Brugmansia arborea,Brugmansia arborea,ot_1003_Tr100305.nex,-,Brugmansia arborea,Brugmansia arborea,"{'@tb:identifier.taxon': 65433, '@tb:identifier.taxonVariant': 140378, '@ubio': '2777561', '@uniprot': '41689'}",843304
Lycium gilliesianum,Lycium gilliesianum,ot_1003_Tr100305.nex,-,Lycium gilliesianum,Lycium gilliesianum,"{'@tb:identifier.taxon': 301697, '@tb:identifier.taxonVariant': 350385, '@ubio': '9105161', '@uniprot': '343882'}",596956
Nolana diffusa,Nolana diffusa,ot_1003_Tr100305.nex,-,Nolana diffusa,Nolana diffusa,"{'@tb:identifier.taxon': 95031, '@tb:identifier.taxonVariant': 174202, '@ubio': '5957956', '@uniprot': '84181'}",325308
Solanum stellativelutinum,Solanum stellativelutinum,ot_1003_Tr100305.nex,-,Solanum stellativelutinum,Solanum stellativelutinum,"{'@tb:identifier.taxon': 604545, '@tb:identifier.taxonVariant': 806737, '@ubio': '9230172'}",715568
Iochroma edule,Iochroma edule,ot_1003_Tr100305.nex,-,Iochroma edule,Iochroma edule,"{'@tb:identifier.taxon': 35205, '@tb:identifier.taxonVariant': 81580, '@ubio': '8443574', '@uniprot': '362358'}",974481
Nolana weissiana,Nolana weissiana,ot_1003_Tr100305.nex,-,Nolana weissiana,Nolana weissiana,"{'@tb:identifier.taxon': 395110, '@tb:identifier.taxonVariant': 405849, '@ubio': '9382026', '@uniprot': '459206'}",551332
Jaltomata oppositifolia,Jaltomata oppositifolia,ot_1003_Tr100305.nex,-,Jaltomata oppositifolia,Jaltomata oppositifolia,-,532699
Physochlaina praealta,Physochlaina praealta,ot_1003_Tr100305.nex,-,Physochlaina praealta,Physochlaina praealta,"{'@tb:identifier.taxon': 601955, '@tb:identifier.taxonVariant': 802601, '@ubio': '9178318'}",855649
Lycianthes biflora,Lycianthes biflora,ot_1003_Tr100305.nex,-,Lycianthes biflora,Lycianthes biflora,"{'@tb:identifier.taxon': 218457, '@tb:identifier.taxonVariant': 285145, '@ubio': '1800483', '@uniprot': '241757'}",27696
Capsicum cardenasii,Capsicum cardenasii,ot_1003_Tr100305.nex,-,Capsicum cardenasii,Capsicum cardenasii,"{'@tb:identifier.taxon': 157200, '@tb:identifier.taxonVariant': 232513, '@ubio': '5828470', '@uniprot': '165698'}",408632
Lycium chilense,Lycium chilense,ot_1003_Tr100305.nex,-,Lycium chilense,Lycium chilense,"{'@tb:identifier.taxon': 149240, '@tb:identifier.taxonVariant': 225053, '@ubio': '3440222', '@uniprot': '155081'}",814797
Jaltomata bohsiana,Jaltomata bohsiana,ot_1003_Tr100305.nex,-,Jaltomata bohsiana,Jaltomata bohsiana,-,482494
Solanum vicinum,Solanum vicinum,ot_1003_Tr100305.nex,-,Solanum vicinum,Solanum vicinum,"{'@tb:identifier.taxon': 619636, '@tb:identifier.taxonVariant': 829724, '@ubio': '8400049'}",141368
Solanum lamprocarpum,Solanum lamprocarpum,ot_1003_Tr100305.nex,-,Solanum lamprocarpum,Solanum lamprocarpum,"{'@tb:identifier.taxon': 619575, '@tb:identifier.taxonVariant': 829654, '@ubio': '9222253'}",991014
Tzeltalia calidaria,Tzeltalia calidaria,ot_1003_Tr100305.nex,-,Tzeltalia calidaria,Tzeltalia calidaria,"{'@tb:identifier.taxon': 30162, '@tb:identifier.taxonVariant': 70421, '@ubio': '5981230', '@uniprot': '304115'}",839484
Athenaea pogogena,Athenaea pogogena,ot_1003_Tr100305.nex,-,Athenaea pogogena,Athenaea pogogena,"{'@tb:identifier.taxon': 619534, '@tb:identifier.taxonVariant': 829610, '@ubio': '3439837'}",5521807
Solanum violaceum,Solanum violaceum,ot_1003_Tr100305.nex,-,Solanum violaceum,Solanum violaceum,"{'@tb:identifier.taxon': 27300, '@tb:identifier.taxonVariant': 63699, '@ubio': '5983855', '@uniprot': '329803'}",701412
Solanum habrochaites,Solanum habrochaites,ot_1003_Tr100305.nex,-,Solanum habrochaites,Solanum habrochaites,"{'@tb:identifier.taxon': 79800, '@tb:identifier.taxonVariant': 157633, '@ubio': '8717920', '@uniprot': '62890'}",885264
Solanum glutinosum,Solanum glutinosum,ot_1003_Tr100305.nex,-,Solanum glutinosum,Solanum glutinosum,"{'@tb:identifier.taxon': 27184, '@tb:identifier.taxonVariant': 63466, '@ubio': '1801068', '@uniprot': '329774'}",14216
Nicotiana occidentalis,Nicotiana occidentalis,ot_1003_Tr100305.nex,-,Nicotiana occidentalis,Nicotiana occidentalis,"{'@tb:identifier.taxon': 184583, '@tb:identifier.taxonVariant': 257213, '@ubio': '5866199', '@uniprot': '200313'}",232360
Scopolia japonica,Scopolia japonica,ot_1003_Tr100305.nex,-,Scopolia japonica,Scopolia japonica,"{'@tb:identifier.taxon': 202078, '@tb:identifier.taxonVariant': 272306, '@ubio': '3440377', '@uniprot': '221162'}",435703
Solanum accrescens,Solanum accrescens,ot_1003_Tr100305.nex,-,Solanum accrescens,Solanum accrescens,"{'@tb:identifier.taxon': 27115, '@tb:identifier.taxonVariant': 63321, '@ubio': '3440500', '@uniprot': '205522'}",886489
Solanum clandestinum,Solanum clandestinum,ot_1003_Tr100305.nex,-,Solanum clandestinum,Solanum clandestinum,"{'@tb:identifier.taxon': 305380, '@tb:identifier.taxonVariant': 353546, '@ubio': '10287050', '@uniprot': '348168'}",1063229
Lycium minimum,Lycium minimum,ot_1003_Tr100305.nex,-,Lycium minimum,Lycium minimum,"{'@tb:identifier.taxon': 362381, '@tb:identifier.taxonVariant': 390412, '@ubio': '9105296', '@uniprot': '416535'}",86069
Lycianthes furcatistellata,Lycianthes furcatistellata,ot_1003_Tr100305.nex,-,Lycianthes furcatistellata,Lycianthes furcatistellata,"{'@tb:identifier.taxon': 342849, '@tb:identifier.taxonVariant': 378916, '@ubio': '9117888', '@uniprot': '393150'}",339700
Jaborosa integrifolia,Jaborosa integrifolia,ot_1003_Tr100305.nex,-,Jaborosa integrifolia,Jaborosa integrifolia,"{'@tb:identifier.taxon': 149238, '@tb:identifier.taxonVariant': 225051, '@ubio': '2667652', '@uniprot': '155079'}",650754
Solanum jabrense,Solanum jabrense,ot_1003_Tr100305.nex,-,Solanum jabrense,Solanum jabrense,"{'@tb:identifier.taxon': 604539, '@tb:identifier.taxonVariant': 806731, '@ubio': '3440596'}",991012
Lycium pallidum,Lycium pallidum,ot_1003_Tr100305.nex,-,Lycium pallidum,Lycium pallidum,"{'@tb:identifier.taxon': 116736, '@tb:identifier.taxonVariant': 195089, '@ubio': '2653622', '@uniprot': '112876'}",560940
Solanum tenuipes,Solanum tenuipes,ot_1003_Tr100305.nex,-,Solanum tenuipes,Solanum tenuipes,"{'@tb:identifier.taxon': 537262, '@tb:identifier.taxonVariant': 712717}",872803
Solanum oplocense,Solanum oplocense,ot_1003_Tr100305.nex,-,Solanum oplocense,Solanum oplocense,"{'@tb:identifier.taxon': 278971, '@tb:identifier.taxonVariant': 332731, '@ubio': '5862800', '@uniprot': '317830'}",1023758
Lycianthes sanctaeclarae,Lycianthes sanctaeclarae,ot_1003_Tr100305.nex,-,Lycianthes sanctaeclarae,Lycianthes sanctaeclarae,"{'@tb:identifier.taxon': 342864, '@tb:identifier.taxonVariant': 378931, '@ubio': '9152528', '@uniprot': '393165'}",864332
Capsicum flexuosum,Capsicum flexuosum,ot_1003_Tr100305.nex,-,Capsicum flexuosum,Capsicum flexuosum,"{'@tb:identifier.taxon': 218454, '@tb:identifier.taxonVariant': 285141, '@ubio': '5891428', '@uniprot': '241754'}",27704
Solanum yungasense,Solanum yungasense,ot_1003_Tr100305.nex,-,Solanum yungasense,Solanum yungasense,"{'@tb:identifier.taxon': 278978, '@tb:identifier.taxonVariant': 332744, '@ubio': '3440532', '@uniprot': '317837'}",649194
Solanum laxissimum,Solanum laxissimum,ot_1003_Tr100305.nex,-,Solanum laxissimum,Solanum laxissimum,"{'@tb:identifier.taxon': 87048, '@tb:identifier.taxonVariant': 165811, '@ubio': '5864615', '@uniprot': '73573'}",887236
Nicotiana solanifolia,Nicotiana solanifolia,ot_1003_Tr100305.nex,-,Nicotiana solanifolia,Nicotiana solanifolia,"{'@tb:identifier.taxon': 121199, '@tb:identifier.taxonVariant': 199007, '@ubio': '5845926', '@uniprot': '118714'}",210467
Solanum pungetium,Solanum pungetium,ot_1003_Tr100305.nex,-,Solanum pungetium,Solanum pungetium,"{'@tb:identifier.taxon': 619589, '@tb:identifier.taxonVariant': 829668, '@ubio': '9109568'}",192042
Nicotiana rotundifolia,Nicotiana rotundifolia,ot_1003_Tr100305.nex,-,Nicotiana rotundifolia,Nicotiana rotundifolia,"{'@tb:identifier.taxon': 184581, '@tb:identifier.taxonVariant': 257211, '@ubio': '5866201', '@uniprot': '200310'}",232354
Nolana coronata,Nolana coronata,ot_1003_Tr100305.nex,-,Nolana coronata,Nolana coronata,"{'@tb:identifier.taxon': 95029, '@tb:identifier.taxonVariant': 174200, '@ubio': '5957954', '@uniprot': '84179'}",849815
Hyoscyamus niger,Hyoscyamus niger,ot_1003_Tr100305.nex,-,Hyoscyamus niger,Hyoscyamus niger,"{'@tb:identifier.taxon': 50897, '@tb:identifier.taxonVariant': 120477, '@ubio': '2653605', '@uniprot': '4079'}",822716
Solanum stenophyllidium,Solanum stenophyllidium,ot_1003_Tr100305.nex,-,Solanum stenophyllidium,Solanum stenophyllidium,"{'@tb:identifier.taxon': 27138, '@tb:identifier.taxonVariant': 113547, '@ubio': '3440624', '@uniprot': '205531'}",311882
Solanum unilobum,Solanum unilobum,ot_1003_Tr100305.nex,-,Solanum unilobum,Solanum unilobum,"{'@tb:identifier.taxon': 40233, '@tb:identifier.taxonVariant': 93390, '@ubio': '5885458', '@uniprot': '265420'}",985301
Solanum occultum,Solanum occultum,ot_1003_Tr100305.nex,-,Solanum occultum,Solanum occultum,"{'@tb:identifier.taxon': 40213, '@tb:identifier.taxonVariant': 93345, '@ubio': '5993466', '@uniprot': '265406'}",1035627
Solanum nobile,Solanum nobile,ot_1003_Tr100305.nex,-,Solanum nobile,Solanum nobile,"{'@tb:identifier.taxon': 349416, '@tb:identifier.taxonVariant': 382909, '@ubio': '8637656', '@uniprot': '401001'}",193890
Physalis cordata,Physalis cordata,ot_1003_Tr100305.nex,-,Physalis cordata,Physalis cordata,"{'@tb:identifier.taxon': 22163, '@tb:identifier.taxonVariant': 51535, '@ubio': '2653664', '@uniprot': '304142'}",414764
Withania coagulans,Withania coagulans,ot_1003_Tr100305.nex,-,Withania coagulans,Withania coagulans,"{'@tb:identifier.taxon': 168564, '@tb:identifier.taxonVariant': 243053, '@ubio': '5863705', '@uniprot': '180581'}",819596
Solanum talarense,Solanum talarense,ot_1003_Tr100305.nex,-,Solanum talarense,Solanum talarense,"{'@tb:identifier.taxon': 604570, '@tb:identifier.taxonVariant': 806762, '@ubio': '9161193'}",715560
Nierembergia linariifolia,Nierembergia linariifolia,ot_1003_Tr100305.nex,-,Nierembergia linariifolia,Nierembergia linariifolia,"{'@tb:identifier.taxon': 245745, '@tb:identifier.taxonVariant': 465959, '@ubio': '9190227', '@uniprot': '274375'}",474441
Lycium californicum,Lycium californicum,ot_1003_Tr100305.nex,-,Lycium californicum,Lycium californicum,"{'@tb:identifier.taxon': 116728, '@tb:identifier.taxonVariant': 195084, '@ubio': '2653615', '@uniprot': '112867'}",40052
Solanum drymophilum,Solanum drymophilum,ot_1003_Tr100305.nex,-,Solanum drymophilum,Solanum drymophilum,"{'@tb:identifier.taxon': 27172, '@tb:identifier.taxonVariant': 63445, '@ubio': '2653560', '@uniprot': '205548'}",836443
Solanum gardneri,Solanum gardneri,ot_1003_Tr100305.nex,-,Solanum gardneri,Solanum gardneri,"{'@tb:identifier.taxon': 604534, '@tb:identifier.taxonVariant': 806726, '@ubio': '3440736'}",414058
,Lycium microphyllum,ot_1003_Tr100305.nex,-,Lycium microphyllum,-,"{'@tb:identifier.taxon': 619545, '@tb:identifier.taxonVariant': 829624, '@ubio': '9119163'}",-
Jaltomata sagastegui,Jaltomata sagastegui,ot_1003_Tr100305.nex,-,Jaltomata sagastegui,Jaltomata sagastegui,"{'@tb:identifier.taxon': 14827, '@tb:identifier.taxonVariant': 34851, '@ubio': '8742133'}",532693
Lycianthes dejecta,Lycianthes dejecta,ot_1003_Tr100305.nex,-,Lycianthes dejecta,Lycianthes dejecta,"{'@tb:identifier.taxon': 326601, '@tb:identifier.taxonVariant': 368164, '@ubio': '3440194', '@uniprot': '374035'}",626040
Nolana baccata,Nolana baccata,ot_1003_Tr100305.nex,-,Nolana baccata,Nolana baccata,"{'@tb:identifier.taxon': 395093, '@tb:identifier.taxonVariant': 405825, '@ubio': '9382193', '@uniprot': '459189'}",131405
Capsicum coccineum,Capsicum coccineum,ot_1003_Tr100305.nex,-,Capsicum coccineum,Capsicum coccineum,"{'@tb:identifier.taxon': 342839, '@tb:identifier.taxonVariant': 378907, '@ubio': '3439931', '@uniprot': '393140'}",914545
Datura ceratocaula,Datura ceratocaula,ot_1003_Tr100305.nex,-,Datura ceratocaula,Datura ceratocaula,"{'@tb:identifier.taxon': 615221, '@tb:identifier.taxonVariant': 822780, '@ubio': '5832826'}",644781
Solanum gympiense,Solanum gympiense,ot_1003_Tr100305.nex,-,Solanum gympiense,Solanum gympiense,"{'@tb:identifier.taxon': 619567, '@tb:identifier.taxonVariant': 829646, '@ubio': '8636062'}",294705
Solanum hyporhodium,Solanum hyporhodium,ot_1003_Tr100305.nex,-,Solanum hyporhodium,Solanum hyporhodium,"{'@tb:identifier.taxon': 27193, '@tb:identifier.taxonVariant': 63483, '@ubio': '2669872', '@uniprot': '227726'}",835540
Solanum oxyphyllum,Solanum oxyphyllum,ot_1003_Tr100305.nex,-,Solanum oxyphyllum,Solanum oxyphyllum,"{'@tb:identifier.taxon': 40217, '@tb:identifier.taxonVariant': 93351, '@ubio': '3440460', '@uniprot': '265407'}",1035625
Lycium chanar,Lycium chanar,ot_1003_Tr100305.nex,-,Lycium chanar,Lycium chanar,"{'@tb:identifier.taxon': 362372, '@tb:identifier.taxonVariant': 390398, '@ubio': '9167061', '@uniprot': '416526'}",660384
Hyoscyamus pusillus,Hyoscyamus pusillus,ot_1003_Tr100305.nex,-,Hyoscyamus pusillus,Hyoscyamus pusillus,"{'@tb:identifier.taxon': 429016, '@tb:identifier.taxonVariant': 565212, '@ubio': '5839494', '@uniprot': '540805'}",434585
Anisodus tanguticus,Anisodus tanguticus,ot_1003_Tr100305.nex,-,Anisodus tanguticus,Anisodus tanguticus,"{'@tb:identifier.taxon': 220192, '@tb:identifier.taxonVariant': 286516, '@ubio': '5974902', '@uniprot': '243964'}",660902
Physalis nicandroides,Physalis nicandroides,ot_1003_Tr100305.nex,-,Physalis nicandroides,Physalis nicandroides,"{'@tb:identifier.taxon': 22182, '@tb:identifier.taxonVariant': 51580, '@ubio': '5863691', '@uniprot': '304159'}",940407
Cestrum pacayense,Cestrum pacayense,ot_1003_Tr100305.nex,-,Cestrum pacayense,Cestrum pacayense,"{'@tb:identifier.taxon': 36730, '@tb:identifier.taxonVariant': 85009, '@ubio': '9138153', '@uniprot': '385337'}",317959
Solanum bulbocastanum,Solanum bulbocastanum,ot_1003_Tr100305.nex,-,Solanum bulbocastanum,Solanum bulbocastanum,"{'@tb:identifier.taxon': 632166, '@tb:identifier.taxonVariant': 847178, '@ubio': '476056', '@uniprot': '147425'}",475230
Lycium ameghinoi,Lycium ameghinoi,ot_1003_Tr100305.nex,-,Lycium ameghinoi,Lycium ameghinoi,"{'@tb:identifier.taxon': 116721, '@tb:identifier.taxonVariant': 195073, '@ubio': '5960506', '@uniprot': '112860'}",40032
Anthocercis littorea,Anthocercis littorea,ot_1003_Tr100305.nex,-,Anthocercis littorea,Anthocercis littorea,"{'@tb:identifier.taxon': 1856, '@tb:identifier.taxonVariant': 4536, '@ubio': '3439867', '@uniprot': '195721'}",286580
Solanum doddsii,Solanum doddsii,ot_1003_Tr100305.nex,-,Solanum doddsii,Solanum doddsii,"{'@tb:identifier.taxon': 27171, '@tb:identifier.taxonVariant': 63444, '@ubio': '5866420', '@uniprot': '205547'}",3870028
Petunia saxicola,Petunia saxicola,ot_1003_Tr100305.nex,-,Petunia saxicola,Petunia saxicola,"{'@tb:identifier.taxon': 283622, '@tb:identifier.taxonVariant': 336733, '@ubio': '5912924', '@uniprot': '323110'}",446932
Physalis philadelphica,Physalis philadelphica,ot_1003_Tr100305.nex,-,Physalis philadelphica,Physalis philadelphica,"{'@tb:identifier.taxon': 22185, '@tb:identifier.taxonVariant': 51587, '@ubio': '2668646', '@uniprot': '304130'}",788338
Schizanthus grahamii,Schizanthus grahamii,ot_1003_Tr100305.nex,-,Schizanthus grahamii,Schizanthus grahamii,"{'@tb:identifier.taxon': 315564, '@tb:identifier.taxonVariant': 360783, '@ubio': '5874571', '@uniprot': '360628'}",94236
Physalis campanulata,Physalis campanulata,ot_1003_Tr100305.nex,-,Physalis campanulata,Physalis campanulata,"{'@tb:identifier.taxon': 22158, '@tb:identifier.taxonVariant': 51524, '@ubio': '3440296', '@uniprot': '304140'}",414769
Mandragora turcomanica,Mandragora turcomanica,ot_1003_Tr100305.nex,-,Mandragora turcomanica,Mandragora turcomanica,"{'@tb:identifier.taxon': 619548, '@tb:identifier.taxonVariant': 829627, '@ubio': '5923752'}",855651
Anthocercis myosotidea,Anthocercis myosotidea,ot_1003_Tr100305.nex,-,Anthocercis myosotidea,Anthocercis myosotidea,"{'@tb:identifier.taxon': 8150, '@tb:identifier.taxonVariant': 113196, '@ubio': '5969316', '@uniprot': '196374'}",994196
Cestrum chiriquianum,Cestrum chiriquianum,ot_1003_Tr100305.nex,-,Cestrum chiriquianum,Cestrum chiriquianum,"{'@tb:identifier.taxon': 36745, '@tb:identifier.taxonVariant': 85041, '@ubio': '9138199', '@uniprot': '385321'}",392643
Solanum prinophyllum,Solanum prinophyllum,ot_1003_Tr100305.nex,-,Solanum prinophyllum,Solanum prinophyllum,"{'@tb:identifier.taxon': 27248, '@tb:identifier.taxonVariant': 63599, '@ubio': '5970598', '@uniprot': '205572'}",210906
Solanum sparsipilum,Solanum sparsipilum,ot_1003_Tr100305.nex,-,Solanum sparsipilum,Solanum sparsipilum,"{'@tb:identifier.taxon': 162437, '@tb:identifier.taxonVariant': 438765, '@ubio': '5866299', '@uniprot': '172796'}",598918
Solanum gabrielae,Solanum gabrielae,ot_1003_Tr100305.nex,-,Solanum gabrielae,Solanum gabrielae,"{'@tb:identifier.taxon': 619564, '@tb:identifier.taxonVariant': 829643, '@ubio': '9108692'}",414062
Solanum sturtianum,Solanum sturtianum,ot_1003_Tr100305.nex,-,Solanum sturtianum,Solanum sturtianum,"{'@tb:identifier.taxon': 34299, '@tb:identifier.taxonVariant': 79177, '@ubio': '5863113'}",715556
Juanulloa mexicana,Juanulloa mexicana,ot_1003_Tr100305.nex,-,Juanulloa mexicana,Juanulloa mexicana,"{'@tb:identifier.taxon': 429018, '@tb:identifier.taxonVariant': 565219, '@ubio': '9117239', '@uniprot': '540808'}",232454
Solanum horridum,Solanum horridum,ot_1003_Tr100305.nex,-,Solanum horridum,Solanum horridum,"{'@tb:identifier.taxon': 619569, '@tb:identifier.taxonVariant': 829648, '@ubio': '9193846'}",991002
Jaltomata dendroidea,Jaltomata dendroidea,ot_1003_Tr100305.nex,-,Jaltomata dendroidea,Jaltomata dendroidea,-,1058975
Nolana elegans,Nolana elegans,ot_1003_Tr100305.nex,-,Nolana elegans,Nolana elegans,"{'@tb:identifier.taxon': 95033, '@tb:identifier.taxonVariant': 174204, '@ubio': '5957957', '@uniprot': '84183'}",405028
Cestrum acutifolium,Cestrum acutifolium,ot_1003_Tr100305.nex,-,Cestrum acutifolium,Cestrum acutifolium,"{'@tb:identifier.taxon': 36747, '@tb:identifier.taxonVariant': 85046, '@ubio': '3439966', '@uniprot': '385318'}",918542
Nicotiana umbratica,Nicotiana umbratica,ot_1003_Tr100305.nex,-,Nicotiana umbratica,Nicotiana umbratica,"{'@tb:identifier.taxon': 121197, '@tb:identifier.taxonVariant': 199005, '@ubio': '5845942', '@uniprot': '118712'}",210476
Fabiana imbricata,Fabiana imbricata,ot_1003_Tr100305.nex,-,Fabiana imbricata,Fabiana imbricata,"{'@tb:identifier.taxon': 279062, '@tb:identifier.taxonVariant': 477301, '@ubio': '2669859', '@uniprot': '317934'}",851417
Lycianthes pringlei,Lycianthes pringlei,ot_1003_Tr100305.nex,-,Lycianthes pringlei,Lycianthes pringlei,"{'@tb:identifier.taxon': 342859, '@tb:identifier.taxonVariant': 378926, '@ubio': '8728667', '@uniprot': '393160'}",864338
Witheringia macrantha,Witheringia macrantha,ot_1003_Tr100305.nex,-,Witheringia macrantha,Witheringia macrantha,"{'@tb:identifier.taxon': 30938, '@tb:identifier.taxonVariant': 72206, '@ubio': '5981232', '@uniprot': '304117'}",839488
Solanum dasyphyllum,Solanum dasyphyllum,ot_1003_Tr100305.nex,-,Solanum dasyphyllum,Solanum dasyphyllum,"{'@tb:identifier.taxon': 27167, '@tb:identifier.taxonVariant': 63429, '@ubio': '5863087', '@uniprot': '329772'}",14212
Solanum annuum,Solanum annuum,ot_1003_Tr100305.nex,-,Solanum annuum,Solanum annuum,"{'@tb:identifier.taxon': 619551, '@tb:identifier.taxonVariant': 829630, '@ubio': '9173696'}",3870184
Schizanthus laetus,Schizanthus laetus,ot_1003_Tr100305.nex,-,Schizanthus laetus,Schizanthus laetus,"{'@tb:identifier.taxon': 315568, '@tb:identifier.taxonVariant': 360791, '@ubio': '5985524', '@uniprot': '360632'}",668613
Iochroma fuchsioides,Iochroma fuchsioides,ot_1003_Tr100305.nex,-,Iochroma fuchsioides,Iochroma fuchsioides,"{'@tb:identifier.taxon': 14637, '@tb:identifier.taxonVariant': 34390, '@ubio': '5981224', '@uniprot': '304105'}",315013
Nicotiana tabacum,Nicotiana tabacum,ot_1003_Tr100305.nex,-,Nicotiana tabacum,Nicotiana tabacum,"{'@tb:identifier.taxon': 19095, '@tb:identifier.taxonVariant': 44449, '@ubio': '2653643', '@uniprot': '4097'}",222787
Nicotiana glauca,Nicotiana glauca,ot_1003_Tr100305.nex,-,Nicotiana glauca,Nicotiana glauca,"{'@tb:identifier.taxon': 50903, '@tb:identifier.taxonVariant': 120496, '@ubio': '2653647', '@uniprot': '4090'}",222783
Aureliana fasciculata,Aureliana fasciculata,ot_1003_Tr100305.nex,-,Aureliana fasciculata,Aureliana fasciculata,"{'@tb:identifier.taxon': 168559, '@tb:identifier.taxonVariant': 243045, '@ubio': '3439847', '@uniprot': '180572'}",997074
Dunalia obovata,Dunalia obovata,ot_1003_Tr100305.nex,-,Dunalia obovata,Dunalia obovata,"{'@tb:identifier.taxon': 35214, '@tb:identifier.taxonVariant': 81612, '@ubio': '9107255', '@uniprot': '362346'}",448170
Solanum ovigerum,Solanum ovigerum,ot_1003_Tr100305.nex,-,Solanum ovigerum,Solanum ovigerum,"{'@tb:identifier.taxon': 448171, '@tb:identifier.taxonVariant': 592628, '@ubio': '9192490', '@uniprot': '488920'}",148845
Nierembergia calycina,Nierembergia calycina,ot_1003_Tr100305.nex,-,Nierembergia calycina,Nierembergia calycina,"{'@tb:identifier.taxon': 41305, '@tb:identifier.taxonVariant': 96279, '@ubio': '9196828', '@uniprot': '274373'}",474437
Solanum paraibanum,Solanum paraibanum,ot_1003_Tr100305.nex,-,Solanum paraibanum,Solanum paraibanum,"{'@tb:identifier.taxon': 604552, '@tb:identifier.taxonVariant': 806744, '@ubio': '9245859'}",766371
Solanum lasiocarpum,Solanum lasiocarpum,ot_1003_Tr100305.nex,-,Solanum lasiocarpum,Solanum lasiocarpum,"{'@tb:identifier.taxon': 27205, '@tb:identifier.taxonVariant': 63511, '@ubio': '5895610', '@uniprot': '227722'}",835552
Petunia reitzii,Petunia reitzii,ot_1003_Tr100305.nex,-,Petunia reitzii,Petunia reitzii,"{'@tb:identifier.taxon': 283621, '@tb:identifier.taxonVariant': 336732, '@ubio': '5912920', '@uniprot': '323109'}",341971
Lycium deserti,Lycium deserti,ot_1003_Tr100305.nex,-,Lycium deserti,Lycium deserti,"{'@tb:identifier.taxon': 395092, '@tb:identifier.taxonVariant': 405823, '@ubio': '9496959', '@uniprot': '459188'}",131407
Solanum vescum,Solanum vescum,ot_1003_Tr100305.nex,-,Solanum vescum,Solanum vescum,"{'@tb:identifier.taxon': 570035, '@tb:identifier.taxonVariant': 790058, '@ubio': '9225534'}",503660
Solanum caricifolium,Solanum caricifolium,ot_1003_Tr100305.nex,-,Solanum caricifolium,Solanum caricifolium,-,939582
Solanum peruvianum,Solanum peruvianum,ot_1003_Tr100305.nex,-,Solanum peruvianum,Solanum peruvianum,"{'@tb:identifier.taxon': 632150, '@tb:identifier.taxonVariant': 847162, '@ubio': '485911', '@uniprot': '4082'}",378975
Petunia axillaris,Petunia axillaris,ot_1003_Tr100305.nex,-,Petunia axillaris,Petunia axillaris,"{'@tb:identifier.taxon': 21345, '@tb:identifier.taxonVariant': 49636, '@ubio': '2653655', '@uniprot': '33119'}",232467
Solanum brevicaule,Solanum brevicaule,ot_1003_Tr100305.nex,-,Solanum brevicaule,Solanum brevicaule,"{'@tb:identifier.taxon': 632167, '@tb:identifier.taxonVariant': 847179, '@ubio': '5862368', '@uniprot': '205532'}",311880
Solanum rugosum,Solanum rugosum,ot_1003_Tr100305.nex,-,Solanum rugosum,Solanum rugosum,"{'@tb:identifier.taxon': 27266, '@tb:identifier.taxonVariant': 63632, '@ubio': '2653569', '@uniprot': '205578'}",210929
Solanum dissectum,Solanum dissectum,ot_1003_Tr100305.nex,-,Solanum dissectum,Solanum dissectum,"{'@tb:identifier.taxon': 619560, '@tb:identifier.taxonVariant': 829639, '@ubio': '8636043'}",939568
Solanum opacum,Solanum opacum,ot_1003_Tr100305.nex,-,Solanum opacum,Solanum opacum,"{'@tb:identifier.taxon': 349417, '@tb:identifier.taxonVariant': 506921, '@ubio': '5862960', '@uniprot': '401002'}",468689
Solanum atropurpureum,Solanum atropurpureum,ot_1003_Tr100305.nex,-,Solanum atropurpureum,Solanum atropurpureum,"{'@tb:identifier.taxon': 27134, '@tb:identifier.taxonVariant': 63359, '@ubio': '5862308', '@uniprot': '267266'}",217948
Lycium pumilum,Lycium pumilum,ot_1003_Tr100305.nex,-,Lycium pumilum,Lycium pumilum,"{'@tb:identifier.taxon': 362383, '@tb:identifier.taxonVariant': 390415, '@ubio': '9164738', '@uniprot': '416537'}",86074
Solanum brownii,Solanum brownii,ot_1003_Tr100305.nex,-,Solanum brownii,Solanum brownii,"{'@tb:identifier.taxon': 349403, '@tb:identifier.taxonVariant': 382892, '@ubio': '9175466', '@uniprot': '400988'}",885667
Solanum mauritianum,Solanum mauritianum,ot_1003_Tr100305.nex,-,Solanum mauritianum,Solanum mauritianum,"{'@tb:identifier.taxon': 27216, '@tb:identifier.taxonVariant': 63538, '@ubio': '2653540', '@uniprot': '205564'}",785106
Solanum riojense,Solanum riojense,ot_1003_Tr100305.nex,-,Solanum riojense,Solanum riojense,"{'@tb:identifier.taxon': 27262, '@tb:identifier.taxonVariant': 63620, '@ubio': '5970602', '@uniprot': '205576'}",210914
Iochroma australe,Iochroma australe,ot_1003_Tr100305.nex,-,Iochroma australe,Iochroma australe,"{'@tb:identifier.taxon': 316956, '@tb:identifier.taxonVariant': 361711, '@ubio': '10296477', '@uniprot': '362352'}",974489
Solanum turneroides,Solanum turneroides,ot_1003_Tr100305.nex,-,Solanum turneroides,Solanum turneroides,"{'@tb:identifier.taxon': 27293, '@tb:identifier.taxonVariant': 63684, '@ubio': '3440432', '@uniprot': '205589'}",284300
Cestrum violaceum,Cestrum violaceum,ot_1003_Tr100305.nex,-,Cestrum violaceum,Cestrum violaceum,"{'@tb:identifier.taxon': 36721, '@tb:identifier.taxonVariant': 84987, '@ubio': '9143732', '@uniprot': '385346'}",242628
Solanum acaule,Solanum acaule,ot_1003_Tr100305.nex,-,Solanum acaule,Solanum acaule,"{'@tb:identifier.taxon': 632168, '@tb:identifier.taxonVariant': 847180, '@ubio': '5861922', '@uniprot': '103871'}",614622
Capsicum recurvatum,Capsicum recurvatum,ot_1003_Tr100305.nex,-,Capsicum recurvatum,Capsicum recurvatum,"{'@tb:identifier.taxon': 397349, '@tb:identifier.taxonVariant': 406668, '@ubio': '9112005', '@uniprot': '462291'}",445180
Mandragora caulescens,Mandragora caulescens,ot_1003_Tr100305.nex,-,Mandragora caulescens,Mandragora caulescens,"{'@tb:identifier.taxon': 429021, '@tb:identifier.taxonVariant': 565227, '@ubio': '5923754', '@uniprot': '337183'}",329323
Scopolia carniolica,Scopolia carniolica,ot_1003_Tr100305.nex,-,Scopolia carniolica,Scopolia carniolica,"{'@tb:identifier.taxon': 232604, '@tb:identifier.taxonVariant': 295147, '@ubio': '2669260', '@uniprot': '258457'}",595763
Lycium ciliatum,Lycium ciliatum,ot_1003_Tr100305.nex,-,Lycium ciliatum,Lycium ciliatum,"{'@tb:identifier.taxon': 149239, '@tb:identifier.taxonVariant': 225052, '@ubio': '5992277', '@uniprot': '155080'}",814816
Deprea sachapapa,Larnax sachapapa,ot_1003_Tr100305.nex,-,Larnax sachapapa,Deprea sachapapa,"{'@tb:identifier.taxon': 35193, '@tb:identifier.taxonVariant': 81542, '@ubio': '5960795', '@uniprot': '115738'}",903494
Lycium torreyi,Lycium torreyi,ot_1003_Tr100305.nex,-,Lycium torreyi,Lycium torreyi,"{'@tb:identifier.taxon': 127956, '@tb:identifier.taxonVariant': 205505, '@ubio': '2653627', '@uniprot': '127640'}",735524
Capsicum annuum,Capsicum annuum,ot_1003_Tr100305.nex,-,Capsicum annuum,Capsicum annuum,"{'@tb:identifier.taxon': 4846, '@tb:identifier.taxonVariant': 11677, '@ubio': '2653579', '@uniprot': '4072'}",473836
Nolana urubambae,Nolana urubambae,ot_1003_Tr100305.nex,-,Nolana urubambae,Nolana urubambae,"{'@tb:identifier.taxon': 395108, '@tb:identifier.taxonVariant': 405845, '@ubio': '9381993', '@uniprot': '459204'}",551335
Solanum whalenii,Solanum whalenii,ot_1003_Tr100305.nex,-,Solanum whalenii,Solanum whalenii,"{'@tb:identifier.taxon': 604576, '@tb:identifier.taxonVariant': 806768, '@ubio': '9176789'}",141364
Iochroma ellipticum,Iochroma ellipticum,ot_1003_Tr100305.nex,-,Iochroma ellipticum,Iochroma ellipticum,"{'@tb:identifier.taxon': 35204, '@tb:identifier.taxonVariant': 81575, '@ubio': '9218382', '@uniprot': '362359'}",974479
Solanum viridifolium,Solanum viridifolium,ot_1003_Tr100305.nex,-,Solanum viridifolium,Solanum viridifolium,"{'@tb:identifier.taxon': 619633, '@tb:identifier.taxonVariant': 829721, '@ubio': '3440799'}",141366
Solanum juvenale,Solanum juvenale,ot_1003_Tr100305.nex,-,Solanum juvenale,Solanum juvenale,"{'@tb:identifier.taxon': 604572, '@tb:identifier.taxonVariant': 806764, '@ubio': '9175604'}",991006
Crenidium spinescens,Crenidium spinescens,ot_1003_Tr100305.nex,-,Crenidium spinescens,Crenidium spinescens,"{'@tb:identifier.taxon': 7450, '@tb:identifier.taxonVariant': 18034, '@ubio': '5969247', '@uniprot': '195729'}",286584
Solanum violaceimarmoratum,Solanum violaceimarmoratum,ot_1003_Tr100305.nex,-,Solanum violaceimarmoratum,Solanum violaceimarmoratum,"{'@tb:identifier.taxon': 632158, '@tb:identifier.taxonVariant': 847170, '@ubio': '5862712', '@uniprot': '315348'}",774992
Solanum thruppii,Solanum thruppii,ot_1003_Tr100305.nex,-,Solanum thruppii,Solanum thruppii,"{'@tb:identifier.taxon': 27282, '@tb:identifier.taxonVariant': 63664, '@ubio': '5983839', '@uniprot': '329768'}",1031454
,Lycium duplicatum,ot_1003_Tr100305.nex,-,Lycium duplicatum,-,-,-
Anisodus luridus,Anisodus luridus,ot_1003_Tr100305.nex,-,Anisodus luridus,Anisodus luridus,"{'@tb:identifier.taxon': 232605, '@tb:identifier.taxonVariant': 295148, '@ubio': '5976534', '@uniprot': '258458'}",100843
Solanum serpens,Solanum serpens,ot_1003_Tr100305.nex,-,Solanum serpens,Solanum serpens,"{'@tb:identifier.taxon': 619638, '@tb:identifier.taxonVariant': 829726, '@ubio': '8400188'}",715564
Solanum vernei,Solanum vernei,ot_1003_Tr100305.nex,-,Solanum vernei,Solanum vernei,"{'@tb:identifier.taxon': 154766, '@tb:identifier.taxonVariant': 230206, '@ubio': '5862722', '@uniprot': '162495'}",125740
Lycium nodosum,Lycium nodosum,ot_1003_Tr100305.nex,-,Lycium nodosum,Lycium nodosum,"{'@tb:identifier.taxon': 301702, '@tb:identifier.taxonVariant': 350395, '@ubio': '5984649', '@uniprot': '343887'}",596966
Solanum fraxinifolium,Solanum fraxinifolium,ot_1003_Tr100305.nex,-,Solanum fraxinifolium,Solanum fraxinifolium,"{'@tb:identifier.taxon': 632182, '@tb:identifier.taxonVariant': 847194, '@ubio': '5886512', '@uniprot': '265242'}",81458
Hunzikeria texana,Hunzikeria texana,ot_1003_Tr100305.nex,-,Hunzikeria texana,Hunzikeria texana,"{'@tb:identifier.taxon': 41311, '@tb:identifier.taxonVariant': 96291, '@ubio': '2667516', '@uniprot': '274394'}",324474
Solanum villosum,Solanum villosum,ot_1003_Tr100305.nex,-,Solanum villosum,Solanum villosum,"{'@tb:identifier.taxon': 27299, '@tb:identifier.taxonVariant': 63697, '@ubio': '3879208', '@uniprot': '115671'}",358705
Deprea purpurea,Larnax purpurea,ot_1003_Tr100305.nex,-,Larnax purpurea,Deprea purpurea,"{'@tb:identifier.taxon': 118763, '@tb:identifier.taxonVariant': 197113, '@ubio': '5960794', '@uniprot': '115737'}",903498
Lycianthes heteroclita,Lycianthes heteroclita,ot_1003_Tr100305.nex,-,Lycianthes heteroclita,Lycianthes heteroclita,"{'@tb:identifier.taxon': 16491, '@tb:identifier.taxonVariant': 38656, '@ubio': '5954773', '@uniprot': '52872'}",326635
Nierembergia hippomanica,Nierembergia hippomanica,ot_1003_Tr100305.nex,-,Nierembergia hippomanica,Nierembergia hippomanica,"{'@tb:identifier.taxon': 429028, '@tb:identifier.taxonVariant': 565239, '@ubio': '2653651', '@uniprot': '144308'}",1080371
Physalis greenmanii,Physalis greenmanii,ot_1003_Tr100305.nex,-,Physalis greenmanii,Physalis greenmanii,"{'@tb:identifier.taxon': 22167, '@tb:identifier.taxonVariant': 51545, '@ubio': '3440309', '@uniprot': '304146'}",298427
Nolana johnstonii,Nolana johnstonii,ot_1003_Tr100305.nex,-,Nolana johnstonii,Nolana johnstonii,"{'@tb:identifier.taxon': 395097, '@tb:identifier.taxonVariant': 405829, '@ubio': '9381721', '@uniprot': '459193'}",705978
Jaborosa squarrosa,Jaborosa squarrosa,ot_1003_Tr100305.nex,-,Jaborosa squarrosa,Jaborosa squarrosa,"{'@tb:identifier.taxon': 301693, '@tb:identifier.taxonVariant': 350377, '@ubio': '9182922', '@uniprot': '343878'}",970950
Nolana galapagensis,Nolana galapagensis,ot_1003_Tr100305.nex,-,Nolana galapagensis,Nolana galapagensis,"{'@tb:identifier.taxon': 95035, '@tb:identifier.taxonVariant': 174206, '@ubio': '5957959', '@uniprot': '84185'}",849696
Solanum pseudolulo,Solanum pseudolulo,ot_1003_Tr100305.nex,-,Solanum pseudolulo,Solanum pseudolulo,"{'@tb:identifier.taxon': 27250, '@tb:identifier.taxonVariant': 63602, '@ubio': '5919767', '@uniprot': '227724'}",835545
Anisodus carniolicoides,Anisodus carniolicoides,ot_1003_Tr100305.nex,-,Anisodus carniolicoides,Anisodus carniolicoides,"{'@tb:identifier.taxon': 232606, '@tb:identifier.taxonVariant': 295150, '@ubio': '5976535', '@uniprot': '258459'}",100845
Solanum buddleifolium,Solanum buddleifolium,ot_1003_Tr100305.nex,-,Solanum buddleifolium,Solanum buddleifolium,-,1086076
,Deprea sylvaticum,ot_1003_Tr100305.nex,-,Deprea sylvaticum,-,-,-
Nolana tocopillensis,Nolana tocopillensis,ot_1003_Tr100305.nex,-,Nolana tocopillensis,Nolana tocopillensis,"{'@tb:identifier.taxon': 95053, '@tb:identifier.taxonVariant': 174224, '@ubio': '5957972', '@uniprot': '84203'}",956758
Solanum oligacanthum,Solanum oligacanthum,ot_1003_Tr100305.nex,-,Solanum oligacanthum,Solanum oligacanthum,"{'@tb:identifier.taxon': 619585, '@tb:identifier.taxonVariant': 829664, '@ubio': '9225459'}",766361
Physalis coztomatl,Physalis coztomatl,ot_1003_Tr100305.nex,-,Physalis coztomatl,Physalis coztomatl,"{'@tb:identifier.taxon': 22164, '@tb:identifier.taxonVariant': 51539, '@ubio': '5863708', '@uniprot': '304143'}",414766
Withania somnifera,Withania somnifera,ot_1003_Tr100305.nex,-,Withania somnifera,Withania somnifera,"{'@tb:identifier.taxon': 127395, '@tb:identifier.taxonVariant': 204955, '@ubio': '2669862', '@uniprot': '126910'}",374058
Solanum pinnatisectum,Solanum pinnatisectum,ot_1003_Tr100305.nex,-,Solanum pinnatisectum,Solanum pinnatisectum,"{'@tb:identifier.taxon': 632162, '@tb:identifier.taxonVariant': 847174, '@ubio': '476066', '@uniprot': '50273'}",30642
Nierembergia pulchella,Nierembergia pulchella,ot_1003_Tr100305.nex,-,Nierembergia pulchella,Nierembergia pulchella,"{'@tb:identifier.taxon': 245750, '@tb:identifier.taxonVariant': 465964, '@ubio': '9223058', '@uniprot': '274381'}",898768
Nicotiana corymbosa,Nicotiana corymbosa,ot_1003_Tr100305.nex,-,Nicotiana corymbosa,Nicotiana corymbosa,"{'@tb:identifier.taxon': 184572, '@tb:identifier.taxonVariant': 444877, '@ubio': '5845872', '@uniprot': '200301'}",755399
Solanum hindsianum,Solanum hindsianum,ot_1003_Tr100305.nex,-,Solanum hindsianum,Solanum hindsianum,"{'@tb:identifier.taxon': 27190, '@tb:identifier.taxonVariant': 63475, '@ubio': '2669393', '@uniprot': '205591'}",159588
Reyesia,Reyesia sp,ot_1003_Tr100305.nex,-,Reyesia sp,Reyesia,-,162213
Nicotiana nudicaulis,Nicotiana nudicaulis,ot_1003_Tr100305.nex,-,Nicotiana nudicaulis,Nicotiana nudicaulis,"{'@tb:identifier.taxon': 70735, '@tb:identifier.taxonVariant': 146878, '@ubio': '3440278', '@uniprot': '49452'}",893253
Solanum ochrophyllum,Solanum ochrophyllum,ot_1003_Tr100305.nex,-,Solanum ochrophyllum,Solanum ochrophyllum,"{'@tb:identifier.taxon': 27232, '@tb:identifier.taxonVariant': 63566, '@ubio': '3440808', '@uniprot': '205569'}",785130
Solanum limitare,Solanum limitare,ot_1003_Tr100305.nex,-,Solanum limitare,Solanum limitare,"{'@tb:identifier.taxon': 619577, '@tb:identifier.taxonVariant': 829656, '@ubio': '8637671'}",464547
Solanum incompletum,Solanum incompletum,ot_1003_Tr100305.nex,-,Solanum incompletum,Solanum incompletum,"{'@tb:identifier.taxon': 27196, '@tb:identifier.taxonVariant': 63489, '@ubio': '2669394', '@uniprot': '329780'}",691769
Jaltomata sanchez-vegae,Jaltomata sanchezvegae,ot_1003_Tr100305.nex,-,Jaltomata sanchezvegae,Jaltomata sanchez-vegae,-,532709
Solanum lasiophyllum,Solanum lasiophyllum,ot_1003_Tr100305.nex,-,Solanum lasiophyllum,Solanum lasiophyllum,"{'@tb:identifier.taxon': 326583, '@tb:identifier.taxonVariant': 368137, '@ubio': '9109063', '@uniprot': '374014'}",573881
Solanum argentinum,Solanum argentinum,ot_1003_Tr100305.nex,-,Solanum argentinum,Solanum argentinum,"{'@tb:identifier.taxon': 27131, '@tb:identifier.taxonVariant': 63356, '@ubio': '3440724', '@uniprot': '52875'}",326645
Solanum agrimonifolium,Solanum agrimonifolium,ot_1003_Tr100305.nex,-,Solanum agrimonifolium,Solanum agrimonifolium,"{'@tb:identifier.taxon': 278957, '@tb:identifier.taxonVariant': 332706, '@ubio': '3440513', '@uniprot': '317816'}",973481
Nicotiana velutina,Nicotiana velutina,ot_1003_Tr100305.nex,-,Nicotiana velutina,Nicotiana velutina,"{'@tb:identifier.taxon': 70737, '@tb:identifier.taxonVariant': 146880, '@ubio': '5845946', '@uniprot': '49454'}",882081
Nolana parviflora,Nolana parviflora,ot_1003_Tr100305.nex,-,Nolana parviflora,Nolana parviflora,"{'@tb:identifier.taxon': 395101, '@tb:identifier.taxonVariant': 405835, '@ubio': '9382465', '@uniprot': '459197'}",705986
Schizanthus alpestris,Schizanthus alpestris,ot_1003_Tr100305.nex,-,Schizanthus alpestris,Schizanthus alpestris,"{'@tb:identifier.taxon': 315562, '@tb:identifier.taxonVariant': 360779, '@ubio': '5985519', '@uniprot': '360626'}",94219
Solanum fusiforme,Solanum fusiforme,ot_1003_Tr100305.nex,-,Solanum fusiforme,Solanum fusiforme,"{'@tb:identifier.taxon': 40226, '@tb:identifier.taxonVariant': 93370, '@ubio': '3440861', '@uniprot': '265401'}",1035631
Solanum rixosum,Solanum rixosum,ot_1003_Tr100305.nex,-,Solanum rixosum,Solanum rixosum,"{'@tb:identifier.taxon': 619639, '@tb:identifier.taxonVariant': 829727, '@ubio': '8400170'}",192048
Solanum bahamense,Solanum bahamense,ot_1003_Tr100305.nex,-,Solanum bahamense,Solanum bahamense,"{'@tb:identifier.taxon': 27137, '@tb:identifier.taxonVariant': 63365, '@ubio': '2653518', '@uniprot': '329764'}",1031428
Lycium yunnanense,Lycium yunnanense,ot_1003_Tr100305.nex,-,Lycium yunnanense,Lycium yunnanense,"{'@tb:identifier.taxon': 619547, '@tb:identifier.taxonVariant': 829626, '@ubio': '9177928'}",798221
Physalis carpenteri,Physalis carpenteri,ot_1003_Tr100305.nex,-,Physalis carpenteri,Physalis carpenteri,"{'@tb:identifier.taxon': 22159, '@tb:identifier.taxonVariant': 51525, '@ubio': '2653662', '@uniprot': '304112'}",631643
Solanum densevestitum,Solanum densevestitum,ot_1003_Tr100305.nex,-,Solanum densevestitum,Solanum densevestitum,"{'@tb:identifier.taxon': 619556, '@tb:identifier.taxonVariant': 829635, '@ubio': '9108447'}",939572
Eriolarynx lorentzii,Eriolarynx lorentzii,ot_1003_Tr100305.nex,-,Eriolarynx lorentzii,Eriolarynx lorentzii,"{'@tb:identifier.taxon': 30518, '@tb:identifier.taxonVariant': 81597, '@ubio': '5981225', '@uniprot': '304107'}",315007
Solanum marginatum,Solanum marginatum,ot_1003_Tr100305.nex,-,Solanum marginatum,Solanum marginatum,"{'@tb:identifier.taxon': 27215, '@tb:identifier.taxonVariant': 63537, '@ubio': '2653539', '@uniprot': '329785'}",691775
Scopolia parviflora,Scopolia parviflora,ot_1003_Tr100305.nex,-,Scopolia parviflora,Scopolia parviflora,"{'@tb:identifier.taxon': 232602, '@tb:identifier.taxonVariant': 295145, '@ubio': '5976532', '@uniprot': '258455'}",100828
Solanum fallax,Solanum fallax,ot_1003_Tr100305.nex,-,Solanum fallax,Solanum fallax,"{'@tb:identifier.taxon': 40209, '@tb:identifier.taxonVariant': 93338, '@ubio': '5993464', '@uniprot': '265400'}",1035633
Solanum longiconicum,Solanum longiconicum,ot_1003_Tr100305.nex,-,Solanum longiconicum,Solanum longiconicum,"{'@tb:identifier.taxon': 278966, '@tb:identifier.taxonVariant': 332722, '@ubio': '5862784', '@uniprot': '317825'}",447380
Lycianthes pseudolycioides,Lycianthes pseudolycioides,ot_1003_Tr100305.nex,-,Lycianthes pseudolycioides,Lycianthes pseudolycioides,"{'@tb:identifier.taxon': 342860, '@tb:identifier.taxonVariant': 378927, '@ubio': '3440163', '@uniprot': '393161'}",864340
Solanum capsicastrum,Solanum capsicastrum,ot_1003_Tr100305.nex,-,Solanum capsicastrum,Solanum capsicastrum,"{'@tb:identifier.taxon': 349404, '@tb:identifier.taxonVariant': 382894, '@ubio': '2669388', '@uniprot': '400989'}",885665
Nolana aplocaryoides,Nolana aplocaryoides,ot_1003_Tr100305.nex,-,Nolana aplocaryoides,Nolana aplocaryoides,"{'@tb:identifier.taxon': 95022, '@tb:identifier.taxonVariant': 174193, '@ubio': '5845976', '@uniprot': '84172'}",696749
Lycium shockleyi,Lycium shockleyi,ot_1003_Tr100305.nex,-,Lycium shockleyi,Lycium shockleyi,"{'@tb:identifier.taxon': 127955, '@tb:identifier.taxonVariant': 205504, '@ubio': '2653625', '@uniprot': '127639'}",109774
Lycianthes fasciculata,Lycianthes fasciculata,ot_1003_Tr100305.nex,-,Lycianthes fasciculata,Lycianthes fasciculata,"{'@tb:identifier.taxon': 342848, '@tb:identifier.taxonVariant': 378915, '@ubio': '3440162', '@uniprot': '393149'}",914560
Solanum cinereum,Solanum cinereum,ot_1003_Tr100305.nex,-,Solanum cinereum,Solanum cinereum,"{'@tb:identifier.taxon': 27154, '@tb:identifier.taxonVariant': 63404, '@ubio': '5970591', '@uniprot': '205539'}",311860
Solanum enantiophyllanthum,Solanum enantiophyllanthum,ot_1003_Tr100305.nex,-,Solanum enantiophyllanthum,Solanum enantiophyllanthum,"{'@tb:identifier.taxon': 619563, '@tb:identifier.taxonVariant': 829642, '@ubio': '9127384'}",5521817
Cestrum elegans,Cestrum elegans,ot_1003_Tr100305.nex,-,Cestrum elegans,Cestrum elegans,"{'@tb:identifier.taxon': 5487, '@tb:identifier.taxonVariant': 13299, '@ubio': '3439982', '@uniprot': '103475'}",904620
Physalis melanocystis,Physalis melanocystis,ot_1003_Tr100305.nex,-,Physalis melanocystis,Physalis melanocystis,"{'@tb:identifier.taxon': 22176, '@tb:identifier.taxonVariant': 51568, '@ubio': '5981233', '@uniprot': '304125'}",264834
Solanum vespertilio,Solanum vespertilio,ot_1003_Tr100305.nex,-,Solanum vespertilio,Solanum vespertilio,"{'@tb:identifier.taxon': 27296, '@tb:identifier.taxonVariant': 63690, '@ubio': '5960784', '@uniprot': '115670'}",975898
Symonanthus bancroftii,Symonanthus bancroftii,ot_1003_Tr100305.nex,-,Symonanthus bancroftii,Symonanthus bancroftii,"{'@tb:identifier.taxon': 28335, '@tb:identifier.taxonVariant': 66077, '@ubio': '5969254', '@uniprot': '195743'}",439854
Nicotiana langsdorffii,Nicotiana langsdorffii,ot_1003_Tr100305.nex,-,Nicotiana langsdorffii,Nicotiana langsdorffii,"{'@tb:identifier.taxon': 121185, '@tb:identifier.taxonVariant': 198994, '@ubio': '2669882', '@uniprot': '118700'}",733968
Leucophysalis nana,Leucophysalis nana,ot_1003_Tr100305.nex,-,Leucophysalis nana,Leucophysalis nana,"{'@tb:identifier.taxon': 15850, '@tb:identifier.taxonVariant': 37169, '@ubio': '2653611', '@uniprot': '304110'}",839476
Nicotiana picilla,Nicotiana picilla,ot_1003_Tr100305.nex,-,Nicotiana picilla,Nicotiana picilla,"{'@tb:identifier.taxon': 184593, '@tb:identifier.taxonVariant': 257223, '@ubio': '5970019', '@uniprot': '200323'}",806475
Lycianthes geminiflora,Lycianthes geminiflora,ot_1003_Tr100305.nex,-,Lycianthes geminiflora,Lycianthes geminiflora,"{'@tb:identifier.taxon': 342850, '@tb:identifier.taxonVariant': 378917, '@ubio': '9117902', '@uniprot': '393151'}",339698
Solanum paniculatum,Solanum paniculatum,ot_1003_Tr100305.nex,-,Solanum paniculatum,Solanum paniculatum,"{'@tb:identifier.taxon': 27239, '@tb:identifier.taxonVariant': 63582, '@ubio': '3440506', '@uniprot': '329794'}",168867
Plowmania nyctaginoides,Plowmania nyctaginoides,ot_1003_Tr100305.nex,-,Plowmania nyctaginoides,Plowmania nyctaginoides,"{'@tb:identifier.taxon': 429033, '@tb:identifier.taxonVariant': 565244, '@ubio': '9183626', '@uniprot': '540829'}",383957
Solanum pubigerum,Solanum pubigerum,ot_1003_Tr100305.nex,-,Solanum pubigerum,Solanum pubigerum,"{'@tb:identifier.taxon': 27252, '@tb:identifier.taxonVariant': 63605, '@ubio': '5970599', '@uniprot': '205573'}",210903
Mellissia begoniifolia,Mellissia begoniifolia,ot_1003_Tr100305.nex,-,Mellissia begoniifolia,Mellissia begoniifolia,"{'@tb:identifier.taxon': 477358, '@tb:identifier.taxonVariant': 632691, '@ubio': '7151697', '@uniprot': '540818'}",1011315
Schizanthus lacteus,Schizanthus lacteus,ot_1003_Tr100305.nex,-,Schizanthus lacteus,Schizanthus lacteus,"{'@tb:identifier.taxon': 315567, '@tb:identifier.taxonVariant': 360789, '@ubio': '5985523', '@uniprot': '360631'}",668618
Solanum sibundoyense,Solanum sibundoyense,ot_1003_Tr100305.nex,-,Solanum sibundoyense,Solanum sibundoyense,"{'@tb:identifier.taxon': 238251, '@tb:identifier.taxonVariant': 300311, '@ubio': '5993468', '@uniprot': '265415'}",509386
Solanum kurzii,Solanum kurzii,ot_1003_Tr100305.nex,-,Solanum kurzii,Solanum kurzii,"{'@tb:identifier.taxon': 619574, '@tb:identifier.taxonVariant': 829653, '@ubio': '9228437'}",991016
Solanum conicum,Solanum conicum,ot_1003_Tr100305.nex,-,Solanum conicum,Solanum conicum,"{'@tb:identifier.taxon': 564516, '@tb:identifier.taxonVariant': 785369, '@ubio': '9126126', '@uniprot': '0'}",271289
Solanum arnezii,Solanum arnezii,ot_1003_Tr100305.nex,-,Solanum arnezii,Solanum arnezii,"{'@tb:identifier.taxon': 278960, '@tb:identifier.taxonVariant': 561292, '@ubio': '5872922', '@uniprot': '317819'}",973475
Lycianthes surotatensis,Lycianthes surotatensis,ot_1003_Tr100305.nex,-,Lycianthes surotatensis,Lycianthes surotatensis,"{'@tb:identifier.taxon': 218458, '@tb:identifier.taxonVariant': 285147, '@ubio': '3440185', '@uniprot': '241758'}",27694
Solanum bicorne,Solanum bicorne,ot_1003_Tr100305.nex,-,Solanum bicorne,Solanum bicorne,"{'@tb:identifier.taxon': 344943, '@tb:identifier.taxonVariant': 380211, '@ubio': '9124567', '@uniprot': '395916'}",105115
Physalis angustifolia,Physalis angustifolia,ot_1003_Tr100305.nex,-,Physalis angustifolia,Physalis angustifolia,"{'@tb:identifier.taxon': 22154, '@tb:identifier.taxonVariant': 51517, '@ubio': '2653660', '@uniprot': '304137'}",788341
Solanum grayi,Solanum grayi,ot_1003_Tr100305.nex,-,Solanum grayi,Solanum grayi,"{'@tb:identifier.taxon': 537256, '@tb:identifier.taxonVariant': 712706}",985885
Physalis hederifolia,Physalis hederifolia,ot_1003_Tr100305.nex,-,Physalis hederifolia,Physalis hederifolia,"{'@tb:identifier.taxon': 267722, '@tb:identifier.taxonVariant': 323597, '@ubio': '2653666', '@uniprot': '304132'}",788335
Lycium parishii,Lycium parishii,ot_1003_Tr100305.nex,-,Lycium parishii,Lycium parishii,"{'@tb:identifier.taxon': 127953, '@tb:identifier.taxonVariant': 205502, '@ubio': '2653623', '@uniprot': '127637'}",109769
Solanum moxosense,Solanum moxosense,ot_1003_Tr100305.nex,-,Solanum moxosense,Solanum moxosense,-,800981
Cestrum endlicheri,Cestrum endlicheri,ot_1003_Tr100305.nex,-,Cestrum endlicheri,Cestrum endlicheri,"{'@tb:identifier.taxon': 36743, '@tb:identifier.taxonVariant': 85037, '@ubio': '9112990', '@uniprot': '385323'}",392647
Jaltomata darcyana,Jaltomata darcyana,ot_1003_Tr100305.nex,-,Jaltomata darcyana,Jaltomata darcyana,"{'@tb:identifier.taxon': 570312, '@tb:identifier.taxonVariant': 790587, '@ubio': '8447439'}",1058966
Solanum panduriforme,Solanum panduriforme,ot_1003_Tr100305.nex,-,Solanum panduriforme,Solanum panduriforme,"{'@tb:identifier.taxon': 27238, '@tb:identifier.taxonVariant': 63580, '@ubio': '5888916', '@uniprot': '329793'}",580611
Lycianthes ciliolata,Lycianthes ciliolata,ot_1003_Tr100305.nex,-,Lycianthes ciliolata,Lycianthes ciliolata,"{'@tb:identifier.taxon': 16489, '@tb:identifier.taxonVariant': 38654, '@ubio': '1800463', '@uniprot': '180574'}",997078
Duboisia leichhardtii,Duboisia leichhardtii,ot_1003_Tr100305.nex,-,Duboisia leichhardtii,Duboisia leichhardtii,"{'@tb:identifier.taxon': 9638, '@tb:identifier.taxonVariant': 23044, '@ubio': '2669857', '@uniprot': '195736'}",810423
Nicotiana acuminata,Nicotiana acuminata,ot_1003_Tr100305.nex,-,Nicotiana acuminata,Nicotiana acuminata,"{'@tb:identifier.taxon': 19087, '@tb:identifier.taxonVariant': 44427, '@ubio': '2653644', '@uniprot': '4086'}",378999
Solanum aviculare,Solanum aviculare,ot_1003_Tr100305.nex,-,Solanum aviculare,Solanum aviculare,"{'@tb:identifier.taxon': 632145, '@tb:identifier.taxonVariant': 847157, '@ubio': '457602', '@uniprot': '4114'}",494825
Solanum lyratum,Solanum lyratum,ot_1003_Tr100305.nex,-,Solanum lyratum,Solanum lyratum,"{'@tb:identifier.taxon': 209402, '@tb:identifier.taxonVariant': 278206, '@ubio': '5973434', '@uniprot': '230192'}",693272
Schultesianthus leucanthus,Schultesianthus leucanthus,ot_1003_Tr100305.nex,-,Schultesianthus leucanthus,Schultesianthus leucanthus,"{'@tb:identifier.taxon': 429038, '@tb:identifier.taxonVariant': 565252, '@ubio': '9155487', '@uniprot': '540831'}",960291
Solanum asperum,Solanum asperum,ot_1003_Tr100305.nex,-,Solanum asperum,Solanum asperum,"{'@tb:identifier.taxon': 555876, '@tb:identifier.taxonVariant': 736347, '@ubio': '3440695', '@uniprot': '681489'}",651350
Lycium sandwicense,Lycium sandwicense,ot_1003_Tr100305.nex,-,Lycium sandwicense,Lycium sandwicense,"{'@tb:identifier.taxon': 116740, '@tb:identifier.taxonVariant': 195092, '@ubio': '2653629', '@uniprot': '112880'}",194443
Mandragora officinarum,Mandragora officinarum,ot_1003_Tr100305.nex,-,Mandragora officinarum,Mandragora officinarum,"{'@tb:identifier.taxon': 59765, '@tb:identifier.taxonVariant': 132889, '@ubio': '2669861', '@uniprot': '33117'}",232461
Jaltomata herrerae,Jaltomata herrerae,ot_1003_Tr100305.nex,-,Jaltomata herrerae,Jaltomata herrerae,"{'@tb:identifier.taxon': 570321, '@tb:identifier.taxonVariant': 790614, '@ubio': '5893823'}",1058971
Solanum colombianum,Solanum colombianum,ot_1003_Tr100305.nex,-,Solanum colombianum,Solanum colombianum,"{'@tb:identifier.taxon': 278962, '@tb:identifier.taxonVariant': 332715, '@ubio': '5866284', '@uniprot': '317821'}",447372
Lycianthes multiflora,Lycianthes multiflora,ot_1003_Tr100305.nex,-,Lycianthes multiflora,Lycianthes multiflora,"{'@tb:identifier.taxon': 342855, '@tb:identifier.taxonVariant': 378922, '@ubio': '3440166', '@uniprot': '393156'}",339715
Nicotiana otophora,Nicotiana otophora,ot_1003_Tr100305.nex,-,Nicotiana otophora,Nicotiana otophora,"{'@tb:identifier.taxon': 50904, '@tb:identifier.taxonVariant': 120499, '@ubio': '3440274', '@uniprot': '4091'}",222781
Nolana mollis,Nolana mollis,ot_1003_Tr100305.nex,-,Nolana mollis,Nolana mollis,"{'@tb:identifier.taxon': 95043, '@tb:identifier.taxonVariant': 174214, '@ubio': '5991345', '@uniprot': '84193'}",1001624
Duboisia hopwoodii,Duboisia hopwoodii,ot_1003_Tr100305.nex,-,Duboisia hopwoodii,Duboisia hopwoodii,"{'@tb:identifier.taxon': 429012, '@tb:identifier.taxonVariant': 565205, '@ubio': '2669856', '@uniprot': '540800'}",434595
Solanum glabratum,Solanum glabratum,ot_1003_Tr100305.nex,-,Solanum glabratum,Solanum glabratum,"{'@tb:identifier.taxon': 546232, '@tb:identifier.taxonVariant': 724378, '@ubio': '9211955', '@uniprot': '666132'}",331175
Solanum felinum,Solanum felinum,ot_1003_Tr100305.nex,-,Solanum felinum,Solanum felinum,"{'@tb:identifier.taxon': 27178, '@tb:identifier.taxonVariant': 63457, '@ubio': '5974278', '@uniprot': '238981'}",835023
Melananthus guatemalensis,Melananthus guatemalensis,ot_1003_Tr100305.nex,-,Melananthus guatemalensis,Melananthus guatemalensis,"{'@tb:identifier.taxon': 429024, '@tb:identifier.taxonVariant': 565235, '@ubio': '3440254', '@uniprot': '540816'}",1011298
Lycianthes inaequilatera,Lycianthes inaequilatera,ot_1003_Tr100305.nex,-,Lycianthes inaequilatera,Lycianthes inaequilatera,"{'@tb:identifier.taxon': 35219, '@tb:identifier.taxonVariant': 81626, '@ubio': '3440175', '@uniprot': '362375'}",655930
Solanum centrale,Solanum centrale,ot_1003_Tr100305.nex,-,Solanum centrale,Solanum centrale,"{'@tb:identifier.taxon': 349405, '@tb:identifier.taxonVariant': 382896, '@ubio': '9233786', '@uniprot': '400990'}",361002
Solanum andreanum,Solanum andreanum,ot_1003_Tr100305.nex,-,Solanum andreanum,Solanum andreanum,"{'@tb:identifier.taxon': 276748, '@tb:identifier.taxonVariant': 330620, '@ubio': '3440806', '@uniprot': '315332'}",46930
Solanum bolivianum,Solanum bolivianum,ot_1003_Tr100305.nex,-,Solanum bolivianum,Solanum bolivianum,"{'@tb:identifier.taxon': 604547, '@tb:identifier.taxonVariant': 806739, '@ubio': '3440419'}",1086161
Solanum albicans,Solanum albicans,ot_1003_Tr100305.nex,-,Solanum albicans,Solanum albicans,"{'@tb:identifier.taxon': 276749, '@tb:identifier.taxonVariant': 330622, '@ubio': '5864184', '@uniprot': '315333'}",46928
Solanum elaeagnifolium,Solanum elaeagnifolium,ot_1003_Tr100305.nex,-,Solanum elaeagnifolium,Solanum elaeagnifolium,"{'@tb:identifier.taxon': 27175, '@tb:identifier.taxonVariant': 63452, '@ubio': '2653527', '@uniprot': '115664'}",399742
Lycianthes beckneriana,Lycianthes beckneriana,ot_1003_Tr100305.nex,-,Lycianthes beckneriana,Lycianthes beckneriana,"{'@tb:identifier.taxon': 342846, '@tb:identifier.taxonVariant': 378913, '@ubio': '9152363', '@uniprot': '393147'}",914551
Tzeltalia amphitricha,Tzeltalia amphitricha,ot_1003_Tr100305.nex,-,Tzeltalia amphitricha,Tzeltalia amphitricha,"{'@tb:identifier.taxon': 30161, '@tb:identifier.taxonVariant': 70420, '@ubio': '5981228', '@uniprot': '304114'}",839486
Solanum lanceifolium,Solanum lanceifolium,ot_1003_Tr100305.nex,-,Solanum lanceifolium,Solanum lanceifolium,"{'@tb:identifier.taxon': 604560, '@tb:identifier.taxonVariant': 806752, '@ubio': '2653561'}",464542
Trianaea speciosa,Trianaea speciosa,ot_1003_Tr100305.nex,-,Trianaea speciosa,Trianaea speciosa,"{'@tb:identifier.taxon': 619641, '@tb:identifier.taxonVariant': 829729, '@ubio': '9185106'}",5521814
Nolana inflata,Nolana inflata,ot_1003_Tr100305.nex,-,Nolana inflata,Nolana inflata,"{'@tb:identifier.taxon': 95040, '@tb:identifier.taxonVariant': 174211, '@ubio': '5957963', '@uniprot': '84190'}",899680
Solanum aphyodendron,Solanum aphyodendron,ot_1003_Tr100305.nex,-,Solanum aphyodendron,Solanum aphyodendron,"{'@tb:identifier.taxon': 27128, '@tb:identifier.taxonVariant': 63349, '@ubio': '5970588', '@uniprot': '205530'}",311886
Solanum fructo-tecto,Solanum fructotecto,ot_1003_Tr100305.nex,-,Solanum fructotecto,Solanum fructo-tecto,-,348206
Lycium schweinfurthii,Lycium schweinfurthii,ot_1003_Tr100305.nex,-,Lycium schweinfurthii,Lycium schweinfurthii,"{'@tb:identifier.taxon': 362385, '@tb:identifier.taxonVariant': 390419, '@ubio': '5944246', '@uniprot': '416539'}",86088
Cestrum macrophyllum,Cestrum macrophyllum,ot_1003_Tr100305.nex,-,Cestrum macrophyllum,Cestrum macrophyllum,"{'@tb:identifier.taxon': 429008, '@tb:identifier.taxonVariant': 565197, '@ubio': '2771308', '@uniprot': '540795'}",445283
Solanum paludosum,Solanum paludosum,ot_1003_Tr100305.nex,-,Solanum paludosum,Solanum paludosum,"{'@tb:identifier.taxon': 604564, '@tb:identifier.taxonVariant': 806756, '@ubio': '3440549'}",766363
Lycium depressum,Lycium depressum,ot_1003_Tr100305.nex,-,Lycium depressum,Lycium depressum,"{'@tb:identifier.taxon': 362374, '@tb:identifier.taxonVariant': 390402, '@ubio': '5892488', '@uniprot': '416528'}",660399
Solanum tenuispinum,Solanum tenuispinum,ot_1003_Tr100305.nex,-,Solanum tenuispinum,Solanum tenuispinum,"{'@tb:identifier.taxon': 27279, '@tb:identifier.taxonVariant': 63659, '@ubio': '3440435', '@uniprot': '238979'}",510734
Solanum hexandrum,Solanum hexandrum,ot_1003_Tr100305.nex,-,Solanum hexandrum,Solanum hexandrum,"{'@tb:identifier.taxon': 604535, '@tb:identifier.taxonVariant': 806727, '@ubio': '3440682'}",991004
Deprea parviflora,Larnax parviflora,ot_1003_Tr100305.nex,-,Larnax parviflora,Deprea parviflora,"{'@tb:identifier.taxon': 118760, '@tb:identifier.taxonVariant': 197110, '@ubio': '5960791', '@uniprot': '115734'}",903496
Solanum tobagense,Solanum tobagense,ot_1003_Tr100305.nex,-,Solanum tobagense,Solanum tobagense,"{'@tb:identifier.taxon': 40218, '@tb:identifier.taxonVariant': 93354, '@ubio': '5993470', '@uniprot': '265419'}",509416
Nolana ramosissima,Nolana ramosissima,ot_1003_Tr100305.nex,-,Nolana ramosissima,Nolana ramosissima,"{'@tb:identifier.taxon': 95046, '@tb:identifier.taxonVariant': 174217, '@ubio': '5991346', '@uniprot': '84196'}",1001613
Nothocestrum longifolium,Nothocestrum longifolium,ot_1003_Tr100305.nex,-,Nothocestrum longifolium,Nothocestrum longifolium,"{'@tb:identifier.taxon': 429030, '@tb:identifier.taxonVariant': 565241, '@ubio': '2653688', '@uniprot': '540823'}",383969
Solanum angustialatum,Solanum angustialatum,ot_1003_Tr100305.nex,-,Solanum angustialatum,Solanum angustialatum,"{'@tb:identifier.taxon': 564512, '@tb:identifier.taxonVariant': 785365, '@ubio': '9123797', '@uniprot': '0'}",515084
Solanum hoplopetalum,Solanum hoplopetalum,ot_1003_Tr100305.nex,-,Solanum hoplopetalum,Solanum hoplopetalum,"{'@tb:identifier.taxon': 34290, '@tb:identifier.taxonVariant': 79159, '@ubio': '9233207', '@uniprot': '368033'}",518434
Bouchetia erecta,Bouchetia erecta,ot_1003_Tr100305.nex,-,Bouchetia erecta,Bouchetia erecta,"{'@tb:identifier.taxon': 41312, '@tb:identifier.taxonVariant': 96295, '@ubio': '2653578', '@uniprot': '274392'}",324478
Leucophysalis viscosa,Leucophysalis viscosa,ot_1003_Tr100305.nex,-,Leucophysalis viscosa,Leucophysalis viscosa,"{'@tb:identifier.taxon': 15851, '@tb:identifier.taxonVariant': 37172, '@ubio': '5981227', '@uniprot': '304111'}",839473
Solanum calileguae,Solanum calileguae,ot_1003_Tr100305.nex,-,Solanum calileguae,Solanum calileguae,"{'@tb:identifier.taxon': 27142, '@tb:identifier.taxonVariant': 63383, '@ubio': '5970589', '@uniprot': '205534'}",311876
Lycium barbarum,Lycium barbarum,ot_1003_Tr100305.nex,-,Lycium barbarum,Lycium barbarum,"{'@tb:identifier.taxon': 116724, '@tb:identifier.taxonVariant': 195077, '@ubio': '2667971', '@uniprot': '112863'}",40038
Nolana chapiensis,Nolana chapiensis,ot_1003_Tr100305.nex,-,Nolana chapiensis,Nolana chapiensis,"{'@tb:identifier.taxon': 395087, '@tb:identifier.taxonVariant': 784073}",131385
Deprea orinocensis,Deprea orinocensis,ot_1003_Tr100305.nex,-,Deprea orinocensis,Deprea orinocensis,"{'@tb:identifier.taxon': 127389, '@tb:identifier.taxonVariant': 204949, '@ubio': '5863694', '@uniprot': '126899'}",245272
Solanum crotonoides,Solanum crotonoides,ot_1003_Tr100305.nex,-,Solanum crotonoides,Solanum crotonoides,"{'@tb:identifier.taxon': 27165, '@tb:identifier.taxonVariant': 63427, '@ubio': '5983840', '@uniprot': '329770'}",14207
Solanum urticans,Solanum urticans,ot_1003_Tr100305.nex,-,Solanum urticans,Solanum urticans,"{'@tb:identifier.taxon': 604544, '@tb:identifier.taxonVariant': 806736, '@ubio': '3440677'}",141370
Solanum mapiriense,Solanum mapiriense,ot_1003_Tr100305.nex,-,Solanum mapiriense,Solanum mapiriense,"{'@tb:identifier.taxon': 27214, '@tb:identifier.taxonVariant': 63535, '@ubio': '3440688', '@uniprot': '205563'}",785126
Solanum ochranthum,Solanum ochranthum,ot_1003_Tr100305.nex,-,Solanum ochranthum,Solanum ochranthum,"{'@tb:identifier.taxon': 632173, '@tb:identifier.taxonVariant': 847185, '@ubio': '1800979', '@uniprot': '154974'}",98033
Solanum raphanifolium,Solanum raphanifolium,ot_1003_Tr100305.nex,-,Solanum raphanifolium,Solanum raphanifolium,"{'@tb:identifier.taxon': 162014, '@tb:identifier.taxonVariant': 561173, '@ubio': '5862811', '@uniprot': '172264'}",218594
Lycium oxycarpum,Lycium oxycarpum,ot_1003_Tr100305.nex,-,Lycium oxycarpum,Lycium oxycarpum,"{'@tb:identifier.taxon': 301703, '@tb:identifier.taxonVariant': 350397, '@ubio': '5892484', '@uniprot': '343888'}",596951
Solanum chacoense,Solanum chacoense,ot_1003_Tr100305.nex,-,Solanum chacoense,Solanum chacoense,"{'@tb:identifier.taxon': 27151, '@tb:identifier.taxonVariant': 63398, '@ubio': '5862472', '@uniprot': '4108'}",1020653
Nicotiana linearis,Nicotiana linearis,ot_1003_Tr100305.nex,-,Nicotiana linearis,Nicotiana linearis,"{'@tb:identifier.taxon': 121186, '@tb:identifier.taxonVariant': 198996, '@ubio': '5862063', '@uniprot': '118701'}",733966
Schizanthus litoralis,Schizanthus litoralis,ot_1003_Tr100305.nex,-,Schizanthus litoralis,Schizanthus litoralis,"{'@tb:identifier.taxon': 315569, '@tb:identifier.taxonVariant': 360793, '@ubio': '5985525', '@uniprot': '360633'}",668615
Nolana arequipensis,Nolana arequipensis,ot_1003_Tr100305.nex,-,Nolana arequipensis,Nolana arequipensis,"{'@tb:identifier.taxon': 395090, '@tb:identifier.taxonVariant': 784074}",131401
Solanum dimorphispinum,Solanum dimorphispinum,ot_1003_Tr100305.nex,-,Solanum dimorphispinum,Solanum dimorphispinum,"{'@tb:identifier.taxon': 619558, '@tb:identifier.taxonVariant': 829637, '@ubio': '9108496'}",939576
Physalis pruinosa,Physalis pruinosa,ot_1003_Tr100305.nex,-,Physalis pruinosa,Physalis pruinosa,"{'@tb:identifier.taxon': 22186, '@tb:identifier.taxonVariant': 51589, '@ubio': '2776002', '@uniprot': '304161'}",364768
Oryctes nevadensis,Oryctes nevadensis,ot_1003_Tr100305.nex,-,Oryctes nevadensis,Oryctes nevadensis,"{'@tb:identifier.taxon': 19973, '@tb:identifier.taxonVariant': 46471, '@ubio': '2653653', '@uniprot': '304124'}",264832
Petunia mantiqueirensis,Petunia mantiqueirensis,ot_1003_Tr100305.nex,-,Petunia mantiqueirensis,Petunia mantiqueirensis,"{'@tb:identifier.taxon': 283620, '@tb:identifier.taxonVariant': 336731, '@ubio': '5912962', '@uniprot': '323108'}",341973
Calibrachoa parviflora,Calibrachoa parviflora,ot_1003_Tr100305.nex,-,Calibrachoa parviflora,Calibrachoa parviflora,"{'@tb:identifier.taxon': 308151, '@tb:identifier.taxonVariant': 355701, '@ubio': '2665884', '@uniprot': '352208'}",196189
Schizanthus integrifolius,Schizanthus integrifolius,ot_1003_Tr100305.nex,-,Schizanthus integrifolius,Schizanthus integrifolius,"{'@tb:identifier.taxon': 315566, '@tb:identifier.taxonVariant': 360787, '@ubio': '5985522', '@uniprot': '360630'}",713323
Solanum rovirosanum,Solanum rovirosanum,ot_1003_Tr100305.nex,-,Solanum rovirosanum,Solanum rovirosanum,"{'@tb:identifier.taxon': 27265, '@tb:identifier.taxonVariant': 63631, '@ubio': '5862964', '@uniprot': '205577'}",210912
Jaltomata procumbens,Jaltomata procumbens,ot_1003_Tr100305.nex,-,Jaltomata procumbens,Jaltomata procumbens,"{'@tb:identifier.taxon': 14825, '@tb:identifier.taxonVariant': 34840, '@ubio': '2667660', '@uniprot': '45845'}",590332
Capsicum campylopodium,Capsicum campylopodium,ot_1003_Tr100305.nex,-,Capsicum campylopodium,Capsicum campylopodium,"{'@tb:identifier.taxon': 397345, '@tb:identifier.taxonVariant': 406662, '@ubio': '5891453', '@uniprot': '462287'}",1021807
Solanum rigescentoides,Solanum rigescentoides,ot_1003_Tr100305.nex,-,Solanum rigescentoides,Solanum rigescentoides,"{'@tb:identifier.taxon': 619591, '@tb:identifier.taxonVariant': 829670, '@ubio': '9165962'}",192050
Lycianthes moziniana,Lycianthes moziniana,ot_1003_Tr100305.nex,-,Lycianthes moziniana,Lycianthes moziniana,"{'@tb:identifier.taxon': 342854, '@tb:identifier.taxonVariant': 378921, '@ubio': '5880728', '@uniprot': '393155'}",339708
Solanum asterophorum,Solanum asterophorum,ot_1003_Tr100305.nex,-,Solanum asterophorum,Solanum asterophorum,"{'@tb:identifier.taxon': 604538, '@tb:identifier.taxonVariant': 806730, '@ubio': '3440866'}",364022
Symonanthus aromaticus,Symonanthus aromaticus,ot_1003_Tr100305.nex,-,Symonanthus aromaticus,Symonanthus aromaticus,"{'@tb:identifier.taxon': 28334, '@tb:identifier.taxonVariant': 66076, '@ubio': '5969253', '@uniprot': '195742'}",134188
Solanum microdontum,Solanum microdontum,ot_1003_Tr100305.nex,-,Solanum microdontum,Solanum microdontum,"{'@tb:identifier.taxon': 87049, '@tb:identifier.taxonVariant': 165813, '@ubio': '5862786', '@uniprot': '73574'}",887245
Solanum linnaeanum,Solanum linnaeanum,ot_1003_Tr100305.nex,-,Solanum linnaeanum,Solanum linnaeanum,"{'@tb:identifier.taxon': 27208, '@tb:identifier.taxonVariant': 63517, '@ubio': '2788285', '@uniprot': '329777'}",14220
Sclerophylax gilliesii,Sclerophylax gilliesii,ot_1003_Tr100305.nex,-,Sclerophylax gilliesii,Sclerophylax gilliesii,"{'@tb:identifier.taxon': 429035, '@tb:identifier.taxonVariant': 565249, '@ubio': '9223713', '@uniprot': '540833'}",960295
Solanum stagnale,Solanum stagnale,ot_1003_Tr100305.nex,-,Solanum stagnale,Solanum stagnale,"{'@tb:identifier.taxon': 27275, '@tb:identifier.taxonVariant': 63650, '@ubio': '3440426', '@uniprot': '238983'}",835019
Solanum jamaicense,Solanum jamaicense,ot_1003_Tr100305.nex,-,Solanum jamaicense,Solanum jamaicense,"{'@tb:identifier.taxon': 27199, '@tb:identifier.taxonVariant': 63497, '@ubio': '2653534', '@uniprot': '115665'}",399740
Solanum carduiforme,Solanum carduiforme,ot_1003_Tr100305.nex,-,Solanum carduiforme,Solanum carduiforme,"{'@tb:identifier.taxon': 34296, '@tb:identifier.taxonVariant': 79172, '@ubio': '9225291', '@uniprot': '368027'}",1044895
Nolana linearifolia,Nolana linearifolia,ot_1003_Tr100305.nex,-,Nolana linearifolia,Nolana linearifolia,"{'@tb:identifier.taxon': 395099, '@tb:identifier.taxonVariant': 405832, '@ubio': '9382413', '@uniprot': '459195'}",705990
Solanum multiinterruptum,Solanum multiinterruptum,ot_1003_Tr100305.nex,-,Solanum multiinterruptum,Solanum multiinterruptum,"{'@tb:identifier.taxon': 278970, '@tb:identifier.taxonVariant': 332729, '@ubio': '5862777', '@uniprot': '317829'}",447388
Solanum tredecimgranum,Solanum tredecimgranum,ot_1003_Tr100305.nex,-,Solanum tredecimgranum,Solanum tredecimgranum,"{'@tb:identifier.taxon': 619634, '@tb:identifier.taxonVariant': 829722, '@ubio': '9168292'}",3869645
Petunia integrifolia,Petunia integrifolia,ot_1003_Tr100305.nex,-,Petunia integrifolia,Petunia integrifolia,"{'@tb:identifier.taxon': 50910, '@tb:identifier.taxonVariant': 120507, '@ubio': '2653656', '@uniprot': '4103'}",1020641
Cestrum rigidum,Cestrum rigidum,ot_1003_Tr100305.nex,-,Cestrum rigidum,Cestrum rigidum,"{'@tb:identifier.taxon': 408225, '@tb:identifier.taxonVariant': 409993, '@ubio': '3439950', '@uniprot': '481617'}",171405
Dunalia brachyacantha,Dunalia brachyacantha,ot_1003_Tr100305.nex,-,Dunalia brachyacantha,Dunalia brachyacantha,"{'@tb:identifier.taxon': 35215, '@tb:identifier.taxonVariant': 81614, '@ubio': '3410219', '@uniprot': '362345'}",448168
Solanum orbiculatum,Solanum orbiculatum,ot_1003_Tr100305.nex,-,Solanum orbiculatum,Solanum orbiculatum,"{'@tb:identifier.taxon': 349418, '@tb:identifier.taxonVariant': 382910, '@ubio': '9109332', '@uniprot': '401003'}",193894
Hyoscyamus aureus,Hyoscyamus aureus,ot_1003_Tr100305.nex,-,Hyoscyamus aureus,Hyoscyamus aureus,"{'@tb:identifier.taxon': 326604, '@tb:identifier.taxonVariant': 368168, '@ubio': '5873281', '@uniprot': '374038'}",626050
Solanum havanense,Solanum havanense,ot_1003_Tr100305.nex,-,Solanum havanense,Solanum havanense,"{'@tb:identifier.taxon': 27186, '@tb:identifier.taxonVariant': 63468, '@ubio': '5970596', '@uniprot': '205554'}",261798
Solanum multispinum,Solanum multispinum,ot_1003_Tr100305.nex,-,Solanum multispinum,Solanum multispinum,"{'@tb:identifier.taxon': 27224, '@tb:identifier.taxonVariant': 63553, '@ubio': '1800808', '@uniprot': '329788'}",691757
Jaltomata bicolor,Jaltomata bicolor,ot_1003_Tr100305.nex,-,Jaltomata bicolor,Jaltomata bicolor,"{'@tb:identifier.taxon': 570315, '@tb:identifier.taxonVariant': 790597, '@ubio': '9183650'}",482490
Lycium puberulum,Lycium puberulum,ot_1003_Tr100305.nex,-,Lycium puberulum,Lycium puberulum,"{'@tb:identifier.taxon': 127954, '@tb:identifier.taxonVariant': 205503, '@ubio': '2653624', '@uniprot': '127638'}",31869
Jaltomata chotanae,Jaltomata chotanae,ot_1003_Tr100305.nex,-,Jaltomata chotanae,Jaltomata chotanae,-,1058969
Petunia exserta,Petunia exserta,ot_1003_Tr100305.nex,-,Petunia exserta,Petunia exserta,"{'@tb:identifier.taxon': 283627, '@tb:identifier.taxonVariant': 336740, '@ubio': '5912952', '@uniprot': '323115'}",446939
Iochroma squamosum,Iochroma squamosum,ot_1003_Tr100305.nex,-,Iochroma squamosum,Iochroma squamosum,"{'@tb:identifier.taxon': 35197, '@tb:identifier.taxonVariant': 81554, '@ubio': '8948682', '@uniprot': '362372'}",655928
Cestrum oblongifolium,Cestrum oblongifolium,ot_1003_Tr100305.nex,-,Cestrum oblongifolium,Cestrum oblongifolium,"{'@tb:identifier.taxon': 36731, '@tb:identifier.taxonVariant': 85011, '@ubio': '9143410', '@uniprot': '385336'}",317948
Lycium fremontii,Lycium fremontii,ot_1003_Tr100305.nex,-,Lycium fremontii,Lycium fremontii,"{'@tb:identifier.taxon': 127951, '@tb:identifier.taxonVariant': 205499, '@ubio': '2653620', '@uniprot': '127635'}",109764
Solanum mitchellianum,Solanum mitchellianum,ot_1003_Tr100305.nex,-,Solanum mitchellianum,Solanum mitchellianum,"{'@tb:identifier.taxon': 619581, '@tb:identifier.taxonVariant': 829660, '@ubio': '9208762'}",464540
Solanum physalifolium,Solanum physalifolium,ot_1003_Tr100305.nex,-,Solanum physalifolium,Solanum physalifolium,"{'@tb:identifier.taxon': 27243, '@tb:identifier.taxonVariant': 63590, '@ubio': '2669396', '@uniprot': '45836'}",121221
Solanum muricatum,Solanum muricatum,ot_1003_Tr100305.nex,-,Solanum muricatum,Solanum muricatum,"{'@tb:identifier.taxon': 27225, '@tb:identifier.taxonVariant': 63555, '@ubio': '2669878', '@uniprot': '205567'}",785114
Solanum cylindricum,Solanum cylindricum,ot_1003_Tr100305.nex,-,Solanum cylindricum,Solanum cylindricum,"{'@tb:identifier.taxon': 40227, '@tb:identifier.taxonVariant': 93373, '@ubio': '3440655', '@uniprot': '265397'}",280105
Nicotiana raimondii,Nicotiana raimondii,ot_1003_Tr100305.nex,-,Nicotiana raimondii,Nicotiana raimondii,"{'@tb:identifier.taxon': 184582, '@tb:identifier.taxonVariant': 257212, '@ubio': '5862040', '@uniprot': '200312'}",232358
Deprea nieva,Larnax nieva,ot_1003_Tr100305.nex,-,Larnax nieva,Deprea nieva,"{'@tb:identifier.taxon': 619543, '@tb:identifier.taxonVariant': 829622, '@ubio': '9144779'}",903506
Solanum pseudocapsicum,Solanum pseudocapsicum,ot_1003_Tr100305.nex,-,Solanum pseudocapsicum,Solanum pseudocapsicum,"{'@tb:identifier.taxon': 632131, '@tb:identifier.taxonVariant': 847143, '@ubio': '457629', '@uniprot': '45837'}",121218
Solanum taeniotrichum,Solanum taeniotrichum,ot_1003_Tr100305.nex,-,Solanum taeniotrichum,Solanum taeniotrichum,"{'@tb:identifier.taxon': 632185, '@tb:identifier.taxonVariant': 847197, '@ubio': '9163958', '@uniprot': '315331'}",46932
Solanum thomasiifolium,Solanum thomasiifolium,ot_1003_Tr100305.nex,-,Solanum thomasiifolium,Solanum thomasiifolium,"{'@tb:identifier.taxon': 604577, '@tb:identifier.taxonVariant': 806769, '@ubio': '3440698'}",715550
Lycium tenue,Lycium tenue,ot_1003_Tr100305.nex,-,Lycium tenue,Lycium tenue,"{'@tb:identifier.taxon': 149242, '@tb:identifier.taxonVariant': 225055, '@ubio': '5992278', '@uniprot': '155083'}",814776
Physalis heterophylla,Physalis heterophylla,ot_1003_Tr100305.nex,-,Physalis heterophylla,Physalis heterophylla,"{'@tb:identifier.taxon': 22169, '@tb:identifier.taxonVariant': 51549, '@ubio': '2653667', '@uniprot': '304155'}",940381
Cestrum miradorense,Cestrum miradorense,ot_1003_Tr100305.nex,-,Cestrum miradorense,Cestrum miradorense,"{'@tb:identifier.taxon': 36733, '@tb:identifier.taxonVariant': 85015, '@ubio': '9113875', '@uniprot': '385334'}",317964
Nicotiana knightiana,Nicotiana knightiana,ot_1003_Tr100305.nex,-,Nicotiana knightiana,Nicotiana knightiana,"{'@tb:identifier.taxon': 121184, '@tb:identifier.taxonVariant': 198993, '@ubio': '5862034', '@uniprot': '118699'}",1031860
Nicotiana cavicola,Nicotiana cavicola,ot_1003_Tr100305.nex,-,Nicotiana cavicola,Nicotiana cavicola,"{'@tb:identifier.taxon': 121176, '@tb:identifier.taxonVariant': 198984, '@ubio': '5845866', '@uniprot': '118690'}",1031846
Montinia,Montinia,ot_1003_Tr100304.nex,-,Montinia,Montinia,"{'@tb:identifier.taxon': 18112, '@tb:identifier.taxonVariant': 42386, '@ubio': '244044', '@uniprot': '23083'}",642540
Grammosolen dixonii,Grammosolen dixonii,ot_1003_Tr100305.nex,-,Grammosolen dixonii,Grammosolen dixonii,"{'@tb:identifier.taxon': 12515, '@tb:identifier.taxonVariant': 29690, '@ubio': '1800414', '@uniprot': '195739'}",810434
Solanum clarkiae,Solanum clarkiae,ot_1003_Tr100305.nex,-,Solanum clarkiae,Solanum clarkiae,"{'@tb:identifier.taxon': 27156, '@tb:identifier.taxonVariant': 63410, '@ubio': '5983838', '@uniprot': '329767'}",535383
Nolana pallida,Nolana pallida,ot_1003_Tr100305.nex,-,Nolana pallida,Nolana pallida,"{'@tb:identifier.taxon': 395100, '@tb:identifier.taxonVariant': 405834, '@ubio': '9381835', '@uniprot': '459196'}",705984
Eriolarynx fasciculata,Eriolarynx fasciculata,ot_1003_Tr100305.nex,-,Eriolarynx fasciculata,Eriolarynx fasciculata,"{'@tb:identifier.taxon': 316955, '@tb:identifier.taxonVariant': 361710, '@ubio': '10296475', '@uniprot': '362351'}",240240
Solanum pallidum,Solanum pallidum,ot_1003_Tr100305.nex,-,Solanum pallidum,Solanum pallidum,"{'@tb:identifier.taxon': 619586, '@tb:identifier.taxonVariant': 829665, '@ubio': '3440818'}",3869985
Capsicum villosum,Capsicum villosum,ot_1003_Tr100305.nex,-,Capsicum villosum,Capsicum villosum,"{'@tb:identifier.taxon': 397352, '@tb:identifier.taxonVariant': 406673, '@ubio': '5891465', '@uniprot': '462294'}",445174
Nicotiana rustica,Nicotiana rustica,ot_1003_Tr100305.nex,-,Nicotiana rustica,Nicotiana rustica,"{'@tb:identifier.taxon': 50906, '@tb:identifier.taxonVariant': 120502, '@ubio': '2653641', '@uniprot': '4093'}",222777
Solanum retroflexum,Solanum retroflexum,ot_1003_Tr100305.nex,-,Solanum retroflexum,Solanum retroflexum,"{'@tb:identifier.taxon': 218459, '@tb:identifier.taxonVariant': 285150, '@ubio': '5882717', '@uniprot': '241759'}",3869835
Solanum heterodoxum,Solanum heterodoxum,ot_1003_Tr100305.nex,-,Solanum heterodoxum,Solanum heterodoxum,"{'@tb:identifier.taxon': 537257, '@tb:identifier.taxonVariant': 712708}",348195
Solanum glaucophyllum,Solanum glaucophyllum,ot_1003_Tr100305.nex,-,Solanum glaucophyllum,Solanum glaucophyllum,"{'@tb:identifier.taxon': 632141, '@tb:identifier.taxonVariant': 847153, '@ubio': '476060', '@uniprot': '52877'}",326639
Lycianthes lycioides,Lycianthes lycioides,ot_1003_Tr100305.nex,-,Lycianthes lycioides,Lycianthes lycioides,"{'@tb:identifier.taxon': 73489, '@tb:identifier.taxonVariant': 150304, '@ubio': '5954860', '@uniprot': '53504'}",670616
Capsicum lanceolatum,Capsicum lanceolatum,ot_1003_Tr100305.nex,-,Capsicum lanceolatum,Capsicum lanceolatum,"{'@tb:identifier.taxon': 218455, '@tb:identifier.taxonVariant': 285143, '@ubio': '5891489', '@uniprot': '241755'}",169499
Espadaea amoena,Espadaea amoena,ot_1003_Tr100305.nex,-,Espadaea amoena,Espadaea amoena,"{'@tb:identifier.taxon': 205525, '@tb:identifier.taxonVariant': 274982, '@ubio': '3439685', '@uniprot': '225617'}",1040643
Solanum rudepannum,Solanum rudepannum,ot_1003_Tr100305.nex,-,Solanum rudepannum,Solanum rudepannum,"{'@tb:identifier.taxon': 604561, '@tb:identifier.taxonVariant': 806753, '@ubio': '3440632'}",192054
Nolana salsoloides,Nolana salsoloides,ot_1003_Tr100305.nex,-,Nolana salsoloides,Nolana salsoloides,"{'@tb:identifier.taxon': 95048, '@tb:identifier.taxonVariant': 174219, '@ubio': '5957967', '@uniprot': '84198'}",899686
Solanum elachophyllum,Solanum elachophyllum,ot_1003_Tr100305.nex,-,Solanum elachophyllum,Solanum elachophyllum,"{'@tb:identifier.taxon': 619562, '@tb:identifier.taxonVariant': 829641, '@ubio': '9225346'}",414060
Solanum coriaceum,Solanum coriaceum,ot_1003_Tr100305.nex,-,Solanum coriaceum,Solanum coriaceum,"{'@tb:identifier.taxon': 604540, '@tb:identifier.taxonVariant': 806732, '@ubio': '3440704'}",939585
Solanum pinetorum,Solanum pinetorum,ot_1003_Tr100305.nex,-,Solanum pinetorum,Solanum pinetorum,"{'@tb:identifier.taxon': 40221, '@tb:identifier.taxonVariant': 93360, '@ubio': '5993467', '@uniprot': '265409'}",722394
Nolana filifolia,Nolana filifolia,ot_1003_Tr100305.nex,-,Nolana filifolia,Nolana filifolia,"{'@tb:identifier.taxon': 395095, '@tb:identifier.taxonVariant': 405827, '@ubio': '5877712', '@uniprot': '459191'}",705982
Mandragora chinghaiensis,Mandragora chinghaiensis,ot_1003_Tr100305.nex,-,Mandragora chinghaiensis,Mandragora chinghaiensis,"{'@tb:identifier.taxon': 295887, '@tb:identifier.taxonVariant': 345988, '@ubio': '9180489', '@uniprot': '337264'}",54268
Solanum confusum,Solanum confusum,ot_1003_Tr100305.nex,-,Solanum confusum,Solanum confusum,"{'@tb:identifier.taxon': 40229, '@tb:identifier.taxonVariant': 93379, '@ubio': '3440635', '@uniprot': '265395'}",364048
Solanum humile,Solanum humile,ot_1003_Tr100305.nex,-,Solanum humile,Solanum humile,"{'@tb:identifier.taxon': 546235, '@tb:identifier.taxonVariant': 724384, '@ubio': '9179268', '@uniprot': '666135'}",331171
Solanum macrocarpon,Solanum macrocarpon,ot_1003_Tr100305.nex,-,Solanum macrocarpon,Solanum macrocarpon,"{'@tb:identifier.taxon': 27211, '@tb:identifier.taxonVariant': 63528, '@ubio': '2669876', '@uniprot': '115666'}",399738
Lycium fuscum,Lycium fuscum,ot_1003_Tr100305.nex,-,Lycium fuscum,Lycium fuscum,"{'@tb:identifier.taxon': 362376, '@tb:identifier.taxonVariant': 390404, '@ubio': '9105126', '@uniprot': '416530'}",86082
Capsicum baccatum,Capsicum baccatum,ot_1003_Tr100305.nex,-,Capsicum baccatum,Capsicum baccatum,"{'@tb:identifier.taxon': 4847, '@tb:identifier.taxonVariant': 11680, '@ubio': '2777815', '@uniprot': '33114'}",232458
Solanum arachnidanthum,Solanum arachnidanthum,ot_1003_Tr100305.nex,-,Solanum arachnidanthum,Solanum arachnidanthum,"{'@tb:identifier.taxon': 604569, '@tb:identifier.taxonVariant': 806761, '@ubio': '3440763'}",364016
Cestrum fragile,Cestrum fragile,ot_1003_Tr100305.nex,-,Cestrum fragile,Cestrum fragile,"{'@tb:identifier.taxon': 36741, '@tb:identifier.taxonVariant': 85032, '@ubio': '9113197', '@uniprot': '385325'}",392635
Solanum incanum,Solanum incanum,ot_1003_Tr100305.nex,-,Solanum incanum,Solanum incanum,"{'@tb:identifier.taxon': 27194, '@tb:identifier.taxonVariant': 63485, '@ubio': '2669873', '@uniprot': '329779'}",14204
Solanum stramoniifolium,Solanum stramoniifolium,ot_1003_Tr100305.nex,-,Solanum stramoniifolium,Solanum stramoniifolium,"{'@tb:identifier.taxon': 27278, '@tb:identifier.taxonVariant': 113551, '@ubio': '3440898', '@uniprot': '205583'}",4050
Sessea stipulata,Sessea stipulata,ot_1003_Tr100305.nex,-,Sessea stipulata,Sessea stipulata,"{'@tb:identifier.taxon': 36749, '@tb:identifier.taxonVariant': 85051, '@ubio': '9123112', '@uniprot': '385349'}",242634
Anthotroche blackii,Anthotroche blackii,ot_1003_Tr100305.nex,-,Anthotroche blackii,Anthotroche blackii,"{'@tb:identifier.taxon': 1872, '@tb:identifier.taxonVariant': 4571, '@ubio': '5969244', '@uniprot': '195725'}",286572
Datura stramonium,Datura stramonium,ot_1003_Tr100305.nex,-,Datura stramonium,Datura stramonium,"{'@tb:identifier.taxon': 8479, '@tb:identifier.taxonVariant': 20365, '@ubio': '2653602', '@uniprot': '4076'}",822825
Nicotiana sylvestris,Nicotiana sylvestris,ot_1003_Tr100305.nex,-,Nicotiana sylvestris,Nicotiana sylvestris,"{'@tb:identifier.taxon': 19094, '@tb:identifier.taxonVariant': 44448, '@ubio': '2653642', '@uniprot': '4096'}",222794
Physalis arenicola,Physalis arenicola,ot_1003_Tr100305.nex,-,Physalis arenicola,Physalis arenicola,"{'@tb:identifier.taxon': 22157, '@tb:identifier.taxonVariant': 51521, '@ubio': '2653661', '@uniprot': '304139'}",788350
Cestrum sphaerocarpum,Cestrum sphaerocarpum,ot_1003_Tr100305.nex,-,Cestrum sphaerocarpum,Cestrum sphaerocarpum,"{'@tb:identifier.taxon': 36726, '@tb:identifier.taxonVariant': 84999, '@ubio': '9140747', '@uniprot': '385342'}",242621
Nolana carnosa,Nolana carnosa,ot_1003_Tr100305.nex,-,Nolana carnosa,Nolana carnosa,"{'@tb:identifier.taxon': 95025, '@tb:identifier.taxonVariant': 174196, '@ubio': '5957950', '@uniprot': '84175'}",696712
Solanum chomatophilum,Solanum chomatophilum,ot_1003_Tr100305.nex,-,Solanum chomatophilum,Solanum chomatophilum,"{'@tb:identifier.taxon': 278961, '@tb:identifier.taxonVariant': 332713, '@ubio': '3440747', '@uniprot': '317820'}",447374
Nicotiana forsteri,Nicotiana forsteri,ot_1003_Tr100305.nex,-,Nicotiana forsteri,Nicotiana forsteri,"{'@tb:identifier.taxon': 601590, '@tb:identifier.taxonVariant': 802114, '@ubio': '9231693'}",918414
Vassobia dichotoma,Vassobia dichotoma,ot_1003_Tr100305.nex,-,Vassobia dichotoma,Vassobia dichotoma,"{'@tb:identifier.taxon': 35188, '@tb:identifier.taxonVariant': 81525, '@ubio': '9176793', '@uniprot': '362379'}",1024743
Lycium ferocissimum,Lycium ferocissimum,ot_1003_Tr100305.nex,-,Lycium ferocissimum,Lycium ferocissimum,"{'@tb:identifier.taxon': 16494, '@tb:identifier.taxonVariant': 38663, '@ubio': '3440212', '@uniprot': '112874'}",560945
Anthocercis viscosa,Anthocercis viscosa,ot_1003_Tr100305.nex,-,Anthocercis viscosa,Anthocercis viscosa,"{'@tb:identifier.taxon': 1858, '@tb:identifier.taxonVariant': 4539, '@ubio': '1800148', '@uniprot': '33112'}",232452
Physalis peruviana,Physalis peruviana,ot_1003_Tr100305.nex,-,Physalis peruviana,Physalis peruviana,"{'@tb:identifier.taxon': 22184, '@tb:identifier.taxonVariant': 51583, '@ubio': '2653670', '@uniprot': '126903'}",950227
Solanum stoloniferum,Solanum stoloniferum,ot_1003_Tr100305.nex,-,Solanum stoloniferum,Solanum stoloniferum,"{'@tb:identifier.taxon': 632160, '@tb:identifier.taxonVariant': 847172, '@ubio': '1801192', '@uniprot': '62892'}",885249
Jaltomata leivae,Jaltomata leivae,ot_1003_Tr100305.nex,-,Jaltomata leivae,Jaltomata leivae,-,1058979
Nierembergia boliviana,Nierembergia boliviana,ot_1003_Tr100305.nex,-,Nierembergia boliviana,Nierembergia boliviana,"{'@tb:identifier.taxon': 41307, '@tb:identifier.taxonVariant': 96282, '@ubio': '9224097', '@uniprot': '289839'}",292484
Deprea subtriflora,Larnax subtriflora,ot_1003_Tr100305.nex,-,Larnax subtriflora,Deprea subtriflora,"{'@tb:identifier.taxon': 118764, '@tb:identifier.taxonVariant': 197114, '@ubio': '5960796', '@uniprot': '115739'}",903492
Solanum crispum,Solanum crispum,ot_1003_Tr100305.nex,-,Solanum crispum,Solanum crispum,"{'@tb:identifier.taxon': 27164, '@tb:identifier.taxonVariant': 63426, '@ubio': '1801095', '@uniprot': '4110'}",494840
Cestrum regelii,Cestrum regelii,ot_1003_Tr100305.nex,-,Cestrum regelii,Cestrum regelii,"{'@tb:identifier.taxon': 36728, '@tb:identifier.taxonVariant': 85005, '@ubio': '9138626', '@uniprot': '385339'}",969139
Solanum nummularium,Solanum nummularium,ot_1003_Tr100305.nex,-,Solanum nummularium,Solanum nummularium,"{'@tb:identifier.taxon': 27231, '@tb:identifier.taxonVariant': 63565, '@ubio': '3440463', '@uniprot': '329791'}",580646
Solanum aculeastrum,Solanum aculeastrum,ot_1003_Tr100305.nex,-,Solanum aculeastrum,Solanum aculeastrum,"{'@tb:identifier.taxon': 27117, '@tb:identifier.taxonVariant': 63325, '@ubio': '2669865', '@uniprot': '329759'}",66070
Cestrum thyrsoideum,Cestrum thyrsoideum,ot_1003_Tr100305.nex,-,Cestrum thyrsoideum,Cestrum thyrsoideum,"{'@tb:identifier.taxon': 36724, '@tb:identifier.taxonVariant': 84994, '@ubio': '9143246', '@uniprot': '385343'}",242619
Solanum oedipus,Solanum oedipus,ot_1003_Tr100305.nex,-,Solanum oedipus,Solanum oedipus,"{'@tb:identifier.taxon': 34303, '@tb:identifier.taxonVariant': 79185, '@ubio': '9235850', '@uniprot': '368037'}",518425
Lycium berlandieri,Lycium berlandieri,ot_1003_Tr100305.nex,-,Lycium berlandieri,Lycium berlandieri,"{'@tb:identifier.taxon': 116725, '@tb:identifier.taxonVariant': 195081, '@ubio': '2653614', '@uniprot': '112864'}",40045
Solanum pancheri,Solanum pancheri,ot_1003_Tr100305.nex,-,Solanum pancheri,Solanum pancheri,"{'@tb:identifier.taxon': 27237, '@tb:identifier.taxonVariant': 63578, '@ubio': '3440451', '@uniprot': '329792'}",580593
Solanum hayesii,Solanum hayesii,ot_1003_Tr100305.nex,-,Solanum hayesii,Solanum hayesii,"{'@tb:identifier.taxon': 554829, '@tb:identifier.taxonVariant': 735077, '@ubio': '3440560', '@uniprot': '681490'}",129612
Solanum aggregatum,Solanum aggregatum,ot_1003_Tr100305.nex,-,Solanum aggregatum,Solanum aggregatum,"{'@tb:identifier.taxon': 27122, '@tb:identifier.taxonVariant': 63338, '@ubio': '5970584', '@uniprot': '205525'}",886504
Cestrum aurantiacum,Cestrum aurantiacum,ot_1003_Tr100305.nex,-,Cestrum aurantiacum,Cestrum aurantiacum,"{'@tb:identifier.taxon': 36746, '@tb:identifier.taxonVariant': 85042, '@ubio': '2666057', '@uniprot': '385319'}",918544
Jaltomata truxillana,Jaltomata truxillana,ot_1003_Tr100305.nex,-,Jaltomata truxillana,Jaltomata truxillana,-,68610
Nolana pterocarpa,Nolana pterocarpa,ot_1003_Tr100305.nex,-,Nolana pterocarpa,Nolana pterocarpa,"{'@tb:identifier.taxon': 95045, '@tb:identifier.taxonVariant': 174216, '@ubio': '5957966', '@uniprot': '84195'}",899669
Solanum endopogon,Solanum endopogon,ot_1003_Tr100305.nex,-,Solanum endopogon,Solanum endopogon,"{'@tb:identifier.taxon': 40212, '@tb:identifier.taxonVariant': 93342, '@ubio': '3440706', '@uniprot': '265421'}",985299
Jaltomata aspera,Jaltomata aspera,ot_1003_Tr100305.nex,-,Jaltomata aspera,Jaltomata aspera,"{'@tb:identifier.taxon': 570313, '@tb:identifier.taxonVariant': 790588, '@ubio': '9183642'}",482486
Physalis virginiana,Physalis virginiana,ot_1003_Tr100305.nex,-,Physalis virginiana,Physalis virginiana,"{'@tb:identifier.taxon': 22190, '@tb:identifier.taxonVariant': 51602, '@ubio': '2653675', '@uniprot': '304158'}",146523
Physalis lagascae,Physalis lagascae,ot_1003_Tr100305.nex,-,Physalis lagascae,Physalis lagascae,"{'@tb:identifier.taxon': 22172, '@tb:identifier.taxonVariant': 51558, '@ubio': '2785825', '@uniprot': '304149'}",298450
Solanum angustifolium,Solanum angustifolium,ot_1003_Tr100305.nex,-,Solanum angustifolium,Solanum angustifolium,"{'@tb:identifier.taxon': 537253, '@tb:identifier.taxonVariant': 712699}",1057656
Saracha punctata,Saracha punctata,ot_1003_Tr100305.nex,-,Saracha punctata,Saracha punctata,"{'@tb:identifier.taxon': 26124, '@tb:identifier.taxonVariant': 61120, '@ubio': '3440357', '@uniprot': '126905'}",950234
Jaltomata grandiflora,Jaltomata grandiflora,ot_1003_Tr100305.nex,-,Jaltomata grandiflora,Jaltomata grandiflora,"{'@tb:identifier.taxon': 14823, '@tb:identifier.taxonVariant': 34828, '@ubio': '9187199', '@uniprot': '540807'}",434589
Solanum montanum,Solanum montanum,ot_1003_Tr100305.nex,-,Solanum montanum,Solanum montanum,"{'@tb:identifier.taxon': 632138, '@tb:identifier.taxonVariant': 847150, '@ubio': '5863019', '@uniprot': '205565'}",785110
Nicotiana simulans,Nicotiana simulans,ot_1003_Tr100305.nex,-,Nicotiana simulans,Nicotiana simulans,"{'@tb:identifier.taxon': 121194, '@tb:identifier.taxonVariant': 199002, '@ubio': '5845924', '@uniprot': '118709'}",733979
Solanum abutiloides,Solanum abutiloides,ot_1003_Tr100305.nex,-,Solanum abutiloides,Solanum abutiloides,"{'@tb:identifier.taxon': 27114, '@tb:identifier.taxonVariant': 63317, '@ubio': '3440766', '@uniprot': '45831'}",121213
Solanum shirleyanum,Solanum shirleyanum,ot_1003_Tr100305.nex,-,Solanum shirleyanum,Solanum shirleyanum,"{'@tb:identifier.taxon': 619635, '@tb:identifier.taxonVariant': 829723, '@ubio': '9208806'}",715566
Jaltomata antillana,Jaltomata antillana,ot_1003_Tr100305.nex,-,Jaltomata antillana,Jaltomata antillana,"{'@tb:identifier.taxon': 14819, '@tb:identifier.taxonVariant': 34817, '@ubio': '2667659', '@uniprot': '315330'}",46934
Solanum pimpinellifolium,Solanum pimpinellifolium,ot_1003_Tr100305.nex,-,Solanum pimpinellifolium,Solanum pimpinellifolium,"{'@tb:identifier.taxon': 632149, '@tb:identifier.taxonVariant': 847161, '@ubio': '5884239', '@uniprot': '4084'}",797186
Jaltomata weberbaueri,Jaltomata weberbaueri,ot_1003_Tr100305.nex,-,Jaltomata weberbaueri,Jaltomata weberbaueri,"{'@tb:identifier.taxon': 570325, '@tb:identifier.taxonVariant': 790621, '@ubio': '9183731'}",68632
Nierembergia browallioides,Nierembergia browallioides,ot_1003_Tr100305.nex,-,Nierembergia browallioides,Nierembergia browallioides,"{'@tb:identifier.taxon': 41306, '@tb:identifier.taxonVariant': 96280, '@ubio': '9197231', '@uniprot': '274372'}",474439
Solanum phaseoloides,Solanum phaseoloides,ot_1003_Tr100305.nex,-,Solanum phaseoloides,Solanum phaseoloides,"{'@tb:identifier.taxon': 632175, '@tb:identifier.taxonVariant': 847187, '@ubio': '1801034', '@uniprot': '205570'}",158090
Physalis caudella,Physalis caudella,ot_1003_Tr100305.nex,-,Physalis caudella,Physalis caudella,"{'@tb:identifier.taxon': 22160, '@tb:identifier.taxonVariant': 51529, '@ubio': '2653663', '@uniprot': '304144'}",414760
Vestia foetida,Vestia foetida,ot_1003_Tr100305.nex,-,Vestia foetida,Vestia foetida,"{'@tb:identifier.taxon': 36750, '@tb:identifier.taxonVariant': 85053, '@ubio': '1801298', '@uniprot': '385351'}",817457
Nolana willeana,Nolana willeana,ot_1003_Tr100305.nex,-,Nolana willeana,Nolana willeana,"{'@tb:identifier.taxon': 532046, '@tb:identifier.taxonVariant': 705820, '@ubio': '9382959', '@uniprot': '644814'}",105170
Nolana leptophylla,Nolana leptophylla,ot_1003_Tr100305.nex,-,Nolana leptophylla,Nolana leptophylla,"{'@tb:identifier.taxon': 95041, '@tb:identifier.taxonVariant': 174212, '@ubio': '5957964', '@uniprot': '84191'}",1001627
Cuatresia riparia,Cuatresia riparia,ot_1003_Tr100305.nex,-,Cuatresia riparia,Cuatresia riparia,"{'@tb:identifier.taxon': 127388, '@tb:identifier.taxonVariant': 204948, '@ubio': '5961986', '@uniprot': '126898'}",245270
Solanum albidum,Solanum albidum,ot_1003_Tr100305.nex,-,Solanum albidum,Solanum albidum,"{'@tb:identifier.taxon': 604565, '@tb:identifier.taxonVariant': 806757, '@ubio': '1800732'}",364011
Nolana onoana,Nolana onoana,ot_1003_Tr100305.nex,-,Nolana onoana,Nolana onoana,"{'@tb:identifier.taxon': 395438, '@tb:identifier.taxonVariant': 784083}",632696
Solanum sessiliflorum,Solanum sessiliflorum,ot_1003_Tr100305.nex,-,Solanum sessiliflorum,Solanum sessiliflorum,"{'@tb:identifier.taxon': 27272, '@tb:identifier.taxonVariant': 63644, '@ubio': '2669864', '@uniprot': '227721'}",835560
Leptoglossis darcyana,Leptoglossis darcyana,ot_1003_Tr100305.nex,-,Leptoglossis darcyana,Leptoglossis darcyana,"{'@tb:identifier.taxon': 429020, '@tb:identifier.taxonVariant': 565225, '@ubio': '9169768', '@uniprot': '540811'}",1011312
Jaltomata lanata,Jaltomata lanata,ot_1003_Tr100305.nex,-,Jaltomata lanata,Jaltomata lanata,"{'@tb:identifier.taxon': 570328, '@tb:identifier.taxonVariant': 790632, '@ubio': '9191980'}",1058973
Cestrum inclusum,Cestrum inclusum,ot_1003_Tr100305.nex,-,Cestrum inclusum,Cestrum inclusum,"{'@tb:identifier.taxon': 36737, '@tb:identifier.taxonVariant': 85024, '@ubio': '9142490', '@uniprot': '385329'}",392654
Nicotiana quadrivalvis,Nicotiana quadrivalvis,ot_1003_Tr100305.nex,-,Nicotiana quadrivalvis,Nicotiana quadrivalvis,"{'@tb:identifier.taxon': 246774, '@tb:identifier.taxonVariant': 307296, '@ubio': '2668276', '@uniprot': '278839'}",576560
Salpichroa origanifolia,Salpichroa origanifolia,ot_1003_Tr100305.nex,-,Salpichroa origanifolia,Salpichroa origanifolia,"{'@tb:identifier.taxon': 326593, '@tb:identifier.taxonVariant': 368154, '@ubio': '2653680', '@uniprot': '374027'}",104427
Solanum circinatum,Solanum circinatum,ot_1003_Tr100305.nex,-,Solanum circinatum,Solanum circinatum,"{'@tb:identifier.taxon': 40207, '@tb:identifier.taxonVariant': 93334, '@ubio': '5888307', '@uniprot': '265393'}",280098
Nicotiana stocktonii,Nicotiana stocktonii,ot_1003_Tr100305.nex,-,Nicotiana stocktonii,Nicotiana stocktonii,"{'@tb:identifier.taxon': 121195, '@tb:identifier.taxonVariant': 199003, '@ubio': '5862049', '@uniprot': '118710'}",210472
Solanum cleistogamum,Solanum cleistogamum,ot_1003_Tr100305.nex,-,Solanum cleistogamum,Solanum cleistogamum,"{'@tb:identifier.taxon': 27157, '@tb:identifier.taxonVariant': 63411, '@ubio': '5970592', '@uniprot': '205541'}",836456
Datura quercifolia,Datura quercifolia,ot_1003_Tr100305.nex,-,Datura quercifolia,Datura quercifolia,"{'@tb:identifier.taxon': 68001, '@tb:identifier.taxonVariant': 143485, '@ubio': '2653601', '@uniprot': '45451'}",1055243
Solanum rhytidoandrum,Solanum rhytidoandrum,ot_1003_Tr100305.nex,-,Solanum rhytidoandrum,Solanum rhytidoandrum,"{'@tb:identifier.taxon': 604559, '@tb:identifier.taxonVariant': 806751, '@ubio': '3440652'}",192044
Solanum tribulosum,Solanum tribulosum,ot_1003_Tr100305.nex,-,Solanum tribulosum,Solanum tribulosum,"{'@tb:identifier.taxon': 537263, '@tb:identifier.taxonVariant': 712719}",872801
Dunalia spathulata,Dunalia spathulata,ot_1003_Tr100305.nex,-,Dunalia spathulata,Dunalia spathulata,"{'@tb:identifier.taxon': 35212, '@tb:identifier.taxonVariant': 81602, '@ubio': '9116195', '@uniprot': '362348'}",448162
Solanum tegore,Solanum tegore,ot_1003_Tr100305.nex,-,Solanum tegore,Solanum tegore,"{'@tb:identifier.taxon': 40205, '@tb:identifier.taxonVariant': 93328, '@ubio': '5993469', '@uniprot': '265417'}",509380
Solanum latiflorum,Solanum latiflorum,ot_1003_Tr100305.nex,-,Solanum latiflorum,Solanum latiflorum,"{'@tb:identifier.taxon': 40222, '@tb:identifier.taxonVariant': 93361, '@ubio': '5993465', '@uniprot': '265403'}",1035635
Solanum absconditum,Solanum absconditum,ot_1003_Tr100305.nex,-,Solanum absconditum,Solanum absconditum,-,888723
Iochroma parvifolium,Iochroma parvifolium,ot_1003_Tr100305.nex,-,Iochroma parvifolium,Iochroma parvifolium,"{'@tb:identifier.taxon': 35199, '@tb:identifier.taxonVariant': 81560, '@ubio': '9188432', '@uniprot': '362365'}",498955
Nicotiana paniculata,Nicotiana paniculata,ot_1003_Tr100305.nex,-,Nicotiana paniculata,Nicotiana paniculata,"{'@tb:identifier.taxon': 19093, '@tb:identifier.taxonVariant': 44445, '@ubio': '2669883', '@uniprot': '62141'}",193483
Solanum myriacanthum,Solanum myriacanthum,ot_1003_Tr100305.nex,-,Solanum myriacanthum,Solanum myriacanthum,"{'@tb:identifier.taxon': 27227, '@tb:identifier.taxonVariant': 63557, '@ubio': '3440849', '@uniprot': '267268'}",877389
Jaltomata dentata,Jaltomata dentata,ot_1003_Tr100305.nex,-,Jaltomata dentata,Jaltomata dentata,"{'@tb:identifier.taxon': 326603, '@tb:identifier.taxonVariant': 368167, '@ubio': '9150780', '@uniprot': '374037'}",626044
Solanum cardiophyllum,Solanum cardiophyllum,ot_1003_Tr100305.nex,-,Solanum cardiophyllum,Solanum cardiophyllum,"{'@tb:identifier.taxon': 632165, '@tb:identifier.taxonVariant': 847177, '@ubio': '478763', '@uniprot': '160510'}",492809
Solanum appendiculatum,Solanum appendiculatum,ot_1003_Tr100305.nex,-,Solanum appendiculatum,Solanum appendiculatum,"{'@tb:identifier.taxon': 632176, '@tb:identifier.taxonVariant': 847188, '@ubio': '9123975', '@uniprot': '115661'}",399749
Solanum adscendens,Solanum adscendens,ot_1003_Tr100305.nex,-,Solanum adscendens,Solanum adscendens,"{'@tb:identifier.taxon': 27120, '@tb:identifier.taxonVariant': 63334, '@ubio': '2676625', '@uniprot': '205523'}",886491
Witheringia cuneata,Witheringia cuneata,ot_1003_Tr100305.nex,-,Witheringia cuneata,Witheringia cuneata,"{'@tb:identifier.taxon': 408229, '@tb:identifier.taxonVariant': 409997, '@ubio': '3440946', '@uniprot': '481621'}",745687
Lycium chinense,Lycium chinense,ot_1003_Tr100305.nex,-,Lycium chinense,Lycium chinense,"{'@tb:identifier.taxon': 36713, '@tb:identifier.taxonVariant': 84970, '@ubio': '2653617', '@uniprot': '112883'}",58730
Solanum incurvum,Solanum incurvum,ot_1003_Tr100305.nex,-,Solanum incurvum,Solanum incurvum,"{'@tb:identifier.taxon': 564521, '@tb:identifier.taxonVariant': 785374, '@ubio': '9155816', '@uniprot': '0'}",845596
Solanum goetzei,Solanum goetzei,ot_1003_Tr100305.nex,-,Solanum goetzei,Solanum goetzei,"{'@tb:identifier.taxon': 619565, '@tb:identifier.taxonVariant': 829644, '@ubio': '9183905'}",414054
Discopodium penninervium,Discopodium penninervium,ot_1003_Tr100305.nex,-,Discopodium penninervium,Discopodium penninervium,"{'@tb:identifier.taxon': 408217, '@tb:identifier.taxonVariant': 409981, '@ubio': '9184394', '@uniprot': '481609'}",694252
Solanum comarapanum,Solanum comarapanum,ot_1003_Tr100305.nex,-,Solanum comarapanum,Solanum comarapanum,-,939587
Datura metel,Datura metel,ot_1003_Tr100305.nex,-,Datura metel,Datura metel,"{'@tb:identifier.taxon': 61337, '@tb:identifier.taxonVariant': 135066, '@ubio': '2771311', '@uniprot': '35625'}",689835
Solanum quadriloculatum,Solanum quadriloculatum,ot_1003_Tr100305.nex,-,Solanum quadriloculatum,Solanum quadriloculatum,"{'@tb:identifier.taxon': 349420, '@tb:identifier.taxonVariant': 382912, '@ubio': '5888551', '@uniprot': '401005'}",193901
Lycium arenicola,Lycium arenicola,ot_1003_Tr100305.nex,-,Lycium arenicola,Lycium arenicola,"{'@tb:identifier.taxon': 301694, '@tb:identifier.taxonVariant': 350378, '@ubio': '9164585', '@uniprot': '343879'}",970947
Cestrum virgaurea,Cestrum virgaurea,ot_1003_Tr100305.nex,-,Cestrum virgaurea,Cestrum virgaurea,"{'@tb:identifier.taxon': 36720, '@tb:identifier.taxonVariant': 84985, '@ubio': '9138542', '@uniprot': '385347'}",242626
Lycianthes peduncularis,Lycianthes peduncularis,ot_1003_Tr100305.nex,-,Lycianthes peduncularis,Lycianthes peduncularis,"{'@tb:identifier.taxon': 342857, '@tb:identifier.taxonVariant': 378924, '@ubio': '8728646', '@uniprot': '393158'}",339719
Solanum johnsonianum,Solanum johnsonianum,ot_1003_Tr100305.nex,-,Solanum johnsonianum,Solanum johnsonianum,"{'@tb:identifier.taxon': 619572, '@tb:identifier.taxonVariant': 829651, '@ubio': '8399812'}",991010
Jaltomata umbellata,Jaltomata umbellata,ot_1003_Tr100305.nex,-,Jaltomata umbellata,Jaltomata umbellata,"{'@tb:identifier.taxon': 570320, '@tb:identifier.taxonVariant': 790609, '@ubio': '9183706'}",305676
Solanum tripartitum,Solanum tripartitum,ot_1003_Tr100305.nex,-,Solanum tripartitum,Solanum tripartitum,"{'@tb:identifier.taxon': 27288, '@tb:identifier.taxonVariant': 63673, '@ubio': '5862991', '@uniprot': '52879'}",326629
Nolana rostrata,Nolana rostrata,ot_1003_Tr100305.nex,-,Nolana rostrata,Nolana rostrata,"{'@tb:identifier.taxon': 95047, '@tb:identifier.taxonVariant': 174218, '@ubio': '5877706', '@uniprot': '84197'}",899666
Physalis sordida,Physalis sordida,ot_1003_Tr100305.nex,-,Physalis sordida,Physalis sordida,"{'@tb:identifier.taxon': 22189, '@tb:identifier.taxonVariant': 51599, '@ubio': '5981235', '@uniprot': '304128'}",264849
Solanum sisymbriifolium,Solanum sisymbriifolium,ot_1003_Tr100305.nex,-,Solanum sisymbriifolium,Solanum sisymbriifolium,"{'@tb:identifier.taxon': 27274, '@tb:identifier.taxonVariant': 63648, '@ubio': '2653550', '@uniprot': '205582'}",4047
Protoschwenkia mandonii,Protoschwenkia mandonii,ot_1003_Tr100305.nex,-,Protoschwenkia mandonii,Protoschwenkia mandonii,"{'@tb:identifier.taxon': 376168, '@tb:identifier.taxonVariant': 398421, '@ubio': '9233643', '@uniprot': '434266'}",549358
Solanum capsiciforme,Solanum capsiciforme,ot_1003_Tr100305.nex,-,Solanum capsiciforme,Solanum capsiciforme,"{'@tb:identifier.taxon': 570039, '@tb:identifier.taxonVariant': 790062, '@ubio': '9108181'}",503662
Nolana werdermannii,Nolana werdermannii,ot_1003_Tr100305.nex,-,Nolana werdermannii,Nolana werdermannii,"{'@tb:identifier.taxon': 362389, '@tb:identifier.taxonVariant': 390425, '@ubio': '9381405', '@uniprot': '416543'}",505224
Nolana sessiliflora,Nolana sessiliflora,ot_1003_Tr100305.nex,-,Nolana sessiliflora,Nolana sessiliflora,"{'@tb:identifier.taxon': 395105, '@tb:identifier.taxonVariant': 405840, '@ubio': '9382588', '@uniprot': '459201'}",551330
Solanum pennellii,Solanum pennellii,ot_1003_Tr100305.nex,-,Solanum pennellii,Solanum pennellii,"{'@tb:identifier.taxon': 632151, '@tb:identifier.taxonVariant': 847163, '@ubio': '5862857', '@uniprot': '28526'}",1069768
Iochroma lehmannii,Iochroma lehmannii,ot_1003_Tr100305.nex,-,Iochroma lehmannii,Iochroma lehmannii,"{'@tb:identifier.taxon': 35202, '@tb:identifier.taxonVariant': 81571, '@ubio': '7148207', '@uniprot': '362362'}",498942
Solanum giganteum,Solanum giganteum,ot_1003_Tr100305.nex,-,Solanum giganteum,Solanum giganteum,"{'@tb:identifier.taxon': 326586, '@tb:identifier.taxonVariant': 368143, '@ubio': '5863024', '@uniprot': '374017'}",573875
Solanum maglia,Solanum maglia,ot_1003_Tr100305.nex,-,Solanum maglia,Solanum maglia,"{'@tb:identifier.taxon': 162432, '@tb:identifier.taxonVariant': 237432, '@ubio': '5862768', '@uniprot': '172791'}",598927
Datura rosei,Datura rosei,ot_1003_Tr100305.nex,-,Datura rosei,Datura rosei,"{'@tb:identifier.taxon': 619539, '@tb:identifier.taxonVariant': 829615, '@ubio': '3440095'}",644771
Iochroma calycinum,Iochroma calycinum,ot_1003_Tr100305.nex,-,Iochroma calycinum,Iochroma calycinum,"{'@tb:identifier.taxon': 35210, '@tb:identifier.taxonVariant': 81595, '@ubio': '9116868', '@uniprot': '362353'}",974487
Cestrum tomentosum,Cestrum tomentosum,ot_1003_Tr100305.nex,-,Cestrum tomentosum,Cestrum tomentosum,"{'@tb:identifier.taxon': 36723, '@tb:identifier.taxonVariant': 84992, '@ubio': '3439958', '@uniprot': '385344'}",242632
Cuatresia exiguiflora,Cuatresia exiguiflora,ot_1003_Tr100305.nex,-,Cuatresia exiguiflora,Cuatresia exiguiflora,"{'@tb:identifier.taxon': 408226, '@tb:identifier.taxonVariant': 409995, '@ubio': '9184764', '@uniprot': '481618'}",171407
Nolana incana,Nolana incana,ot_1003_Tr100305.nex,-,Nolana incana,Nolana incana,"{'@tb:identifier.taxon': 95039, '@tb:identifier.taxonVariant': 174210, '@ubio': '5957962', '@uniprot': '84189'}",405124
Solanum polyadenium,Solanum polyadenium,ot_1003_Tr100305.nex,-,Solanum polyadenium,Solanum polyadenium,"{'@tb:identifier.taxon': 632161, '@tb:identifier.taxonVariant': 847173, '@ubio': '5862832', '@uniprot': '62893'}",913165
Datura discolor,Datura discolor,ot_1003_Tr100305.nex,-,Datura discolor,Datura discolor,"{'@tb:identifier.taxon': 615219, '@tb:identifier.taxonVariant': 822775, '@ubio': '2653599'}",644783
Solanum etuberosum,Solanum etuberosum,ot_1003_Tr100305.nex,-,Solanum etuberosum,Solanum etuberosum,"{'@tb:identifier.taxon': 632157, '@tb:identifier.taxonVariant': 847169, '@ubio': '5866287', '@uniprot': '200525'}",661308
Solanum multifidum,Solanum multifidum,ot_1003_Tr100305.nex,-,Solanum multifidum,Solanum multifidum,"{'@tb:identifier.taxon': 632136, '@tb:identifier.taxonVariant': 847148, '@ubio': '5863023', '@uniprot': '205566'}",785112
Solanum hoehnei,Solanum hoehnei,ot_1003_Tr100305.nex,-,Solanum hoehnei,Solanum hoehnei,"{'@tb:identifier.taxon': 27192, '@tb:identifier.taxonVariant': 63479, '@ubio': '3440450', '@uniprot': '205555'}",261796
Lycium morongii,Lycium morongii,ot_1003_Tr100305.nex,-,Lycium morongii,Lycium morongii,"{'@tb:identifier.taxon': 116735, '@tb:identifier.taxonVariant': 195088, '@ubio': '3440217', '@uniprot': '112875'}",560943
Solanum monarchostemon,Solanum monarchostemon,ot_1003_Tr100305.nex,-,Solanum monarchostemon,Solanum monarchostemon,"{'@tb:identifier.taxon': 619582, '@tb:identifier.taxonVariant': 829661, '@ubio': '8935754'}",3869911
Solanum pectinatum,Solanum pectinatum,ot_1003_Tr100305.nex,-,Solanum pectinatum,Solanum pectinatum,"{'@tb:identifier.taxon': 27240, '@tb:identifier.taxonVariant': 63584, '@ubio': '3440629', '@uniprot': '238977'}",510737
Witheringia solanacea,Witheringia solanacea,ot_1003_Tr100305.nex,-,Witheringia solanacea,Witheringia solanacea,"{'@tb:identifier.taxon': 30940, '@tb:identifier.taxonVariant': 72209, '@ubio': '3440942', '@uniprot': '52874'}",326647
Solanum schomburgkii,Solanum schomburgkii,ot_1003_Tr100305.nex,-,Solanum schomburgkii,Solanum schomburgkii,"{'@tb:identifier.taxon': 619632, '@tb:identifier.taxonVariant': 829720, '@ubio': '9135035'}",192058
Solanum sciadostylis,Solanum sciadostylis,ot_1003_Tr100305.nex,-,Solanum sciadostylis,Solanum sciadostylis,"{'@tb:identifier.taxon': 40224, '@tb:identifier.taxonVariant': 93366, '@ubio': '5899069', '@uniprot': '265414'}",509382
Sclerophylax,Sclerophylax sp,ot_1003_Tr100305.nex,-,Sclerophylax sp,Sclerophylax,-,24217
Nicotiana tomentosa,Nicotiana tomentosa,ot_1003_Tr100305.nex,-,Nicotiana tomentosa,Nicotiana tomentosa,"{'@tb:identifier.taxon': 76038, '@tb:identifier.taxonVariant': 418851, '@ubio': '2669884', '@uniprot': '57322'}",967556
Solanum asteropilodes,Solanum asteropilodes,ot_1003_Tr100305.nex,-,Solanum asteropilodes,Solanum asteropilodes,"{'@tb:identifier.taxon': 604549, '@tb:identifier.taxonVariant': 806741, '@ubio': '5989822'}",364024
Nolana laxa,Nolana laxa,ot_1003_Tr100305.nex,-,Nolana laxa,Nolana laxa,"{'@tb:identifier.taxon': 395098, '@tb:identifier.taxonVariant': 405831, '@ubio': '9381757', '@uniprot': '459194'}",705988
Solanum verrucosum,Solanum verrucosum,ot_1003_Tr100305.nex,-,Solanum verrucosum,Solanum verrucosum,"{'@tb:identifier.taxon': 632159, '@tb:identifier.taxonVariant': 847171, '@ubio': '5866305', '@uniprot': '315347'}",774995
Witheringia meiantha,Witheringia meiantha,ot_1003_Tr100305.nex,-,Witheringia meiantha,Witheringia meiantha,"{'@tb:identifier.taxon': 30939, '@tb:identifier.taxonVariant': 72207, '@ubio': '5981231', '@uniprot': '304116'}",839490
Solanum tridynamum,Solanum tridynamum,ot_1003_Tr100305.nex,-,Solanum tridynamum,Solanum tridynamum,"{'@tb:identifier.taxon': 27286, '@tb:identifier.taxonVariant': 63670, '@ubio': '5862925', '@uniprot': '205587'}",4026
Physalis crassifolia,Physalis crassifolia,ot_1003_Tr100305.nex,-,Physalis crassifolia,Physalis crassifolia,"{'@tb:identifier.taxon': 22165, '@tb:identifier.taxonVariant': 51540, '@ubio': '2653665', '@uniprot': '49773'}",1001027
Solanum galapagense,Solanum galapagense,ot_1003_Tr100305.nex,-,Solanum galapagense,Solanum galapagense,"{'@tb:identifier.taxon': 276763, '@tb:identifier.taxonVariant': 330648, '@ubio': '5982351', '@uniprot': '315350'}",200836
Solanum beaugleholei,Solanum beaugleholei,ot_1003_Tr100305.nex,-,Solanum beaugleholei,Solanum beaugleholei,"{'@tb:identifier.taxon': 34297, '@tb:identifier.taxonVariant': 79173, '@ubio': '9108080', '@uniprot': '368026'}",1044897
Archihyoscyamus leptocalyx,Hyoscyamus leptocalyx,ot_1003_Tr100305.nex,-,Hyoscyamus leptocalyx,Archihyoscyamus leptocalyx,"{'@tb:identifier.taxon': 619541, '@tb:identifier.taxonVariant': 829617, '@ubio': '9234648'}",5521784
Nicotiana noctiflora,Nicotiana noctiflora,ot_1003_Tr100305.nex,-,Nicotiana noctiflora,Nicotiana noctiflora,"{'@tb:identifier.taxon': 121190, '@tb:identifier.taxonVariant': 198998, '@ubio': '5862052', '@uniprot': '118705'}",733975
Solanum stenopterum,Solanum stenopterum,ot_1003_Tr100305.nex,-,Solanum stenopterum,Solanum stenopterum,"{'@tb:identifier.taxon': 619637, '@tb:identifier.taxonVariant': 829725, '@ubio': '8400094'}",715570
Capsicum lycianthoides,Capsicum lycianthoides,ot_1003_Tr100305.nex,-,Capsicum lycianthoides,Capsicum lycianthoides,"{'@tb:identifier.taxon': 35217, '@tb:identifier.taxonVariant': 81620, '@ubio': '5905359', '@uniprot': '362342'}",501125
Physochlaina physaloides,Physochlaina physaloides,ot_1003_Tr100305.nex,-,Physochlaina physaloides,Physochlaina physaloides,"{'@tb:identifier.taxon': 295827, '@tb:identifier.taxonVariant': 345913, '@ubio': '9177290', '@uniprot': '337186'}",329316
Lycium australe,Lycium australe,ot_1003_Tr100305.nex,-,Lycium australe,Lycium australe,"{'@tb:identifier.taxon': 116723, '@tb:identifier.taxonVariant': 195076, '@ubio': '5960507', '@uniprot': '112862'}",40036
Solanum cacosmum,Solanum cacosmum,ot_1003_Tr100305.nex,-,Solanum cacosmum,Solanum cacosmum,"{'@tb:identifier.taxon': 40214, '@tb:identifier.taxonVariant': 93346, '@ubio': '5977428', '@uniprot': '265390'}",280096
Solanum anguivi,Solanum anguivi,ot_1003_Tr100305.nex,-,Solanum anguivi,Solanum anguivi,"{'@tb:identifier.taxon': 27127, '@tb:identifier.taxonVariant': 63348, '@ubio': '5866743', '@uniprot': '329760'}",535397
Solanum stupefactum,Solanum stupefactum,ot_1003_Tr100305.nex,-,Solanum stupefactum,Solanum stupefactum,"{'@tb:identifier.taxon': 34300, '@tb:identifier.taxonVariant': 79180, '@ubio': '8636079', '@uniprot': '368040'}",99740
Nicotiana eastii,Nicotiana eastii,ot_1003_Tr100305.nex,-,Nicotiana eastii,Nicotiana eastii,"{'@tb:identifier.taxon': 184574, '@tb:identifier.taxonVariant': 257203, '@ubio': '5862032', '@uniprot': '200303'}",755395
Anisodus acutangulus,Anisodus acutangulus,ot_1003_Tr100305.nex,-,Anisodus acutangulus,Anisodus acutangulus,"{'@tb:identifier.taxon': 351097, '@tb:identifier.taxonVariant': 383888, '@ubio': '9178068', '@uniprot': '402998'}",831958
Cestrum tuerckheimii,Cestrum tuerckheimii,ot_1003_Tr100305.nex,-,Cestrum tuerckheimii,Cestrum tuerckheimii,"{'@tb:identifier.taxon': 36722, '@tb:identifier.taxonVariant': 84989, '@ubio': '9139019', '@uniprot': '385345'}",242630
Iochroma confertiflorum,Iochroma confertiflorum,ot_1003_Tr100305.nex,-,Iochroma confertiflorum,Iochroma confertiflorum,"{'@tb:identifier.taxon': 35207, '@tb:identifier.taxonVariant': 81588, '@ubio': '9184828', '@uniprot': '362355'}",351316
Solanum aligerum,Solanum aligerum,ot_1003_Tr100305.nex,-,Solanum aligerum,Solanum aligerum,"{'@tb:identifier.taxon': 27124, '@tb:identifier.taxonVariant': 63341, '@ubio': '3440431', '@uniprot': '205527'}",886507
Cestrum glanduliferum,Cestrum glanduliferum,ot_1003_Tr100305.nex,-,Cestrum glanduliferum,Cestrum glanduliferum,"{'@tb:identifier.taxon': 36739, '@tb:identifier.taxonVariant': 85028, '@ubio': '3440034', '@uniprot': '385327'}",392639
Lycium carolinianum,Lycium carolinianum,ot_1003_Tr100305.nex,-,Lycium carolinianum,Lycium carolinianum,"{'@tb:identifier.taxon': 116729, '@tb:identifier.taxonVariant': 427518, '@ubio': '2653616', '@uniprot': '112868'}",40028
Datura inoxia,Datura inoxia,ot_1003_Tr100305.nex,-,Datura inoxia,Datura inoxia,"{'@tb:identifier.taxon': 50895, '@tb:identifier.taxonVariant': 120470, '@ubio': '2666596', '@uniprot': '4075'}",473815
Nolana sphaerophylla,Nolana sphaerophylla,ot_1003_Tr100305.nex,-,Nolana sphaerophylla,Nolana sphaerophylla,"{'@tb:identifier.taxon': 395440, '@tb:identifier.taxonVariant': 784084}",317455
Nolana scaposa,Nolana scaposa,ot_1003_Tr100305.nex,-,Nolana scaposa,Nolana scaposa,"{'@tb:identifier.taxon': 95049, '@tb:identifier.taxonVariant': 174220, '@ubio': '5957968', '@uniprot': '84199'}",899684
Solanum lycocarpum,Solanum lycocarpum,ot_1003_Tr100305.nex,-,Solanum lycocarpum,Solanum lycocarpum,"{'@tb:identifier.taxon': 27210, '@tb:identifier.taxonVariant': 63523, '@ubio': '1801088', '@uniprot': '329783'}",691771
Solanum discolor,Solanum discolor,ot_1003_Tr100305.nex,-,Solanum discolor,Solanum discolor,"{'@tb:identifier.taxon': 619559, '@tb:identifier.taxonVariant': 829638, '@ubio': '9108531'}",939570
Nicotiana exigua,Nicotiana exigua,ot_1003_Tr100305.nex,-,Nicotiana exigua,Nicotiana exigua,"{'@tb:identifier.taxon': 121181, '@tb:identifier.taxonVariant': 198990, '@ubio': '5845878', '@uniprot': '118695'}",1031852
Solanum vestissimum,Solanum vestissimum,ot_1003_Tr100305.nex,-,Solanum vestissimum,Solanum vestissimum,"{'@tb:identifier.taxon': 27297, '@tb:identifier.taxonVariant': 63691, '@ubio': '3440416', '@uniprot': '227728'}",607499
Jaltomata mionei,Jaltomata mionei,ot_1003_Tr100305.nex,-,Jaltomata mionei,Jaltomata mionei,"{'@tb:identifier.taxon': 570319, '@tb:identifier.taxonVariant': 790608, '@ubio': '8776795'}",532703
Capsicum eximium,Capsicum eximium,ot_1003_Tr100305.nex,-,Capsicum eximium,Capsicum eximium,"{'@tb:identifier.taxon': 4850, '@tb:identifier.taxonVariant': 11689, '@ubio': '5828476', '@uniprot': '165700'}",607249
Nicotiana africana,Nicotiana africana,ot_1003_Tr100305.nex,-,Nicotiana africana,Nicotiana africana,"{'@tb:identifier.taxon': 184573, '@tb:identifier.taxonVariant': 257202, '@ubio': '5862070', '@uniprot': '200302'}",755397
Physalis walteri,Physalis walteri,ot_1003_Tr100305.nex,-,Physalis walteri,Physalis walteri,"{'@tb:identifier.taxon': 22192, '@tb:identifier.taxonVariant': 51606, '@ubio': '2668647', '@uniprot': '304162'}",364770
Solanum poinsettiifolium,Solanum poinsettiifolium,ot_1003_Tr100305.nex,-,Solanum poinsettiifolium,Solanum poinsettiifolium,"{'@tb:identifier.taxon': 604546, '@tb:identifier.taxonVariant': 806738, '@ubio': '9187513'}",198186
Duckeodendron cestroides,Duckeodendron cestroides,ot_1003_Tr100305.nex,-,Duckeodendron cestroides,Duckeodendron cestroides,"{'@tb:identifier.taxon': 84228, '@tb:identifier.taxonVariant': 162809, '@ubio': '3439683', '@uniprot': '69581'}",947604
Jaltomata lojae,Jaltomata lojae,ot_1003_Tr100305.nex,-,Jaltomata lojae,Jaltomata lojae,"{'@tb:identifier.taxon': 570316, '@tb:identifier.taxonVariant': 790605, '@ubio': '9203563'}",532707
Solanum rupincola,Solanum rupincola,ot_1003_Tr100305.nex,-,Solanum rupincola,Solanum rupincola,"{'@tb:identifier.taxon': 604563, '@tb:identifier.taxonVariant': 806755, '@ubio': '3440703'}",192052
Lycium brevipes,Lycium brevipes,ot_1003_Tr100305.nex,-,Lycium brevipes,Lycium brevipes,"{'@tb:identifier.taxon': 127948, '@tb:identifier.taxonVariant': 205494, '@ubio': '2771314', '@uniprot': '127632'}",109761
Solanum cunninghamii,Solanum cunninghamii,ot_1003_Tr100305.nex,-,Solanum cunninghamii,Solanum cunninghamii,"{'@tb:identifier.taxon': 34293, '@tb:identifier.taxonVariant': 79165, '@ubio': '9210364', '@uniprot': '368030'}",518427
Solanum anceps,Solanum anceps,ot_1003_Tr100305.nex,-,Solanum anceps,Solanum anceps,"{'@tb:identifier.taxon': 564511, '@tb:identifier.taxonVariant': 785364, '@ubio': '3440665', '@uniprot': '0'}",515078
Nolana rupicola,Nolana rupicola,ot_1003_Tr100305.nex,-,Nolana rupicola,Nolana rupicola,"{'@tb:identifier.taxon': 395104, '@tb:identifier.taxonVariant': 405838, '@ubio': '5845984', '@uniprot': '459200'}",551328
Nicotiana bonariensis,Nicotiana bonariensis,ot_1003_Tr100305.nex,-,Nicotiana bonariensis,Nicotiana bonariensis,"{'@tb:identifier.taxon': 121180, '@tb:identifier.taxonVariant': 198989, '@ubio': '5862047', '@uniprot': '118694'}",1031854
Cestrum nocturnum,Cestrum nocturnum,ot_1003_Tr100305.nex,-,Cestrum nocturnum,Cestrum nocturnum,"{'@tb:identifier.taxon': 5488, '@tb:identifier.taxonVariant': 13302, '@ubio': '2653584', '@uniprot': '225615'}",1040637
Iochroma nitidum,Iochroma nitidum,ot_1003_Tr100305.nex,-,Iochroma nitidum,Iochroma nitidum,"{'@tb:identifier.taxon': 35200, '@tb:identifier.taxonVariant': 81561, '@ubio': '8944445', '@uniprot': '362364'}",809992
Solanum reptans,Solanum reptans,ot_1003_Tr100305.nex,-,Solanum reptans,Solanum reptans,"{'@tb:identifier.taxon': 27260, '@tb:identifier.taxonVariant': 63617, '@ubio': '5983856', '@uniprot': '329804'}",701408
Nicotiana benavidesii,Nicotiana benavidesii,ot_1003_Tr100305.nex,-,Nicotiana benavidesii,Nicotiana benavidesii,"{'@tb:identifier.taxon': 121177, '@tb:identifier.taxonVariant': 198985, '@ubio': '5862036', '@uniprot': '118691'}",1031843
Trianaea,Trianaea sp,ot_1003_Tr100305.nex,-,Trianaea sp,Trianaea,-,5329399
Jaltomata guillermo-guerrae,Jaltomata guillermoguerrae,ot_1003_Tr100305.nex,-,Jaltomata guillermoguerrae,Jaltomata guillermo-guerrae,-,1058977
Solanum evolvulifolium,Solanum evolvulifolium,ot_1003_Tr100305.nex,-,Solanum evolvulifolium,Solanum evolvulifolium,"{'@tb:identifier.taxon': 632126, '@tb:identifier.taxonVariant': 847138, '@ubio': '1801123', '@uniprot': '205550'}",261790
Solanum melongena,Solanum melongena,ot_1003_Tr100305.nex,-,Solanum melongena,Solanum melongena,"{'@tb:identifier.taxon': 632139, '@tb:identifier.taxonVariant': 847151, '@ubio': '457626', '@uniprot': '4111'}",494843
Physalis viscosa,Physalis viscosa,ot_1003_Tr100305.nex,-,Physalis viscosa,Physalis viscosa,"{'@tb:identifier.taxon': 22191, '@tb:identifier.taxonVariant': 51604, '@ubio': '2653676', '@uniprot': '304129'}",264851
Cestrum irazuense,Cestrum irazuense,ot_1003_Tr100305.nex,-,Cestrum irazuense,Cestrum irazuense,"{'@tb:identifier.taxon': 36736, '@tb:identifier.taxonVariant': 85021, '@ubio': '3439962', '@uniprot': '385330'}",317981
Nicotiana nesophila,Nicotiana nesophila,ot_1003_Tr100305.nex,-,Nicotiana nesophila,Nicotiana nesophila,"{'@tb:identifier.taxon': 184591, '@tb:identifier.taxonVariant': 257220, '@ubio': '3440284', '@uniprot': '200321'}",806471
Lycium afrum,Lycium afrum,ot_1003_Tr100305.nex,-,Lycium afrum,Lycium afrum,"{'@tb:identifier.taxon': 116720, '@tb:identifier.taxonVariant': 195072, '@ubio': '5843316', '@uniprot': '112859'}",612893
Solanum paposanum,Solanum paposanum,ot_1003_Tr100305.nex,-,Solanum paposanum,Solanum paposanum,"{'@tb:identifier.taxon': 619588, '@tb:identifier.taxonVariant': 829667, '@ubio': '9227702'}",3870045
Jaltomata yacheri,Jaltomata yacheri,ot_1003_Tr100305.nex,-,Jaltomata yacheri,Jaltomata yacheri,-,68634
Solanum subinerme,Solanum subinerme,ot_1003_Tr100305.nex,-,Solanum subinerme,Solanum subinerme,"{'@tb:identifier.taxon': 604566, '@tb:identifier.taxonVariant': 806758, '@ubio': '3440528'}",715558
Solanum sessilistellatum,Solanum sessilistellatum,ot_1003_Tr100305.nex,-,Solanum sessilistellatum,Solanum sessilistellatum,"{'@tb:identifier.taxon': 27273, '@tb:identifier.taxonVariant': 63647, '@ubio': '5983852', '@uniprot': '329800'}",701415
Solanum proteanthum,Solanum proteanthum,ot_1003_Tr100305.nex,-,Solanum proteanthum,Solanum proteanthum,"{'@tb:identifier.taxon': 40208, '@tb:identifier.taxonVariant': 93336, '@ubio': '5899085', '@uniprot': '265410'}",509392
Lycium ruthenicum,Lycium ruthenicum,ot_1003_Tr100305.nex,-,Lycium ruthenicum,Lycium ruthenicum,"{'@tb:identifier.taxon': 116739, '@tb:identifier.taxonVariant': 195091, '@ubio': '1800539', '@uniprot': '112879'}",560965
Solanum laciniatum,Solanum laciniatum,ot_1003_Tr100305.nex,-,Solanum laciniatum,Solanum laciniatum,"{'@tb:identifier.taxon': 27203, '@tb:identifier.taxonVariant': 63506, '@ubio': '2788284', '@uniprot': '45835'}",121224
Solanum hasslerianum,Solanum hasslerianum,ot_1003_Tr100305.nex,-,Solanum hasslerianum,Solanum hasslerianum,"{'@tb:identifier.taxon': 604548, '@tb:identifier.taxonVariant': 806740, '@ubio': '3440612'}",414052
Solanum papaverifolium,Solanum papaverifolium,ot_1003_Tr100305.nex,-,Solanum papaverifolium,Solanum papaverifolium,"{'@tb:identifier.taxon': 619587, '@tb:identifier.taxonVariant': 829666, '@ubio': '9235877'}",766369
Nolana lezamae,Nolana lezamae,ot_1003_Tr100305.nex,-,Nolana lezamae,Nolana lezamae,"{'@tb:identifier.taxon': 395086, '@tb:identifier.taxonVariant': 784072}",131389
Solanum demissum,Solanum demissum,ot_1003_Tr100305.nex,-,Solanum demissum,Solanum demissum,"{'@tb:identifier.taxon': 632164, '@tb:identifier.taxonVariant': 847176, '@ubio': '476607', '@uniprot': '50514'}",66505
Physalis minimaculata,Physalis minimaculata,ot_1003_Tr100305.nex,-,Physalis minimaculata,Physalis minimaculata,"{'@tb:identifier.taxon': 22180, '@tb:identifier.taxonVariant': 51575, '@ubio': '5981240', '@uniprot': '304154'}",940383
Solanum hirtum,Solanum hirtum,ot_1003_Tr100305.nex,-,Solanum hirtum,Solanum hirtum,"{'@tb:identifier.taxon': 27191, '@tb:identifier.taxonVariant': 63476, '@ubio': '5862968', '@uniprot': '227723'}",835558
Lycium villosum,Lycium villosum,ot_1003_Tr100305.nex,-,Lycium villosum,Lycium villosum,"{'@tb:identifier.taxon': 116742, '@tb:identifier.taxonVariant': 195094, '@ubio': '5960513', '@uniprot': '112882'}",194441
Jaltomata auriculata,Jaltomata auriculata,ot_1003_Tr100305.nex,-,Jaltomata auriculata,Jaltomata auriculata,"{'@tb:identifier.taxon': 14820, '@tb:identifier.taxonVariant': 34820, '@ubio': '5967610', '@uniprot': '180573'}",997072
Solanum lidii,Solanum lidii,ot_1003_Tr100305.nex,-,Solanum lidii,Solanum lidii,"{'@tb:identifier.taxon': 27207, '@tb:identifier.taxonVariant': 63514, '@ubio': '5970597', '@uniprot': '205561'}",785121
Solanum schimperianum,Solanum schimperianum,ot_1003_Tr100305.nex,-,Solanum schimperianum,Solanum schimperianum,"{'@tb:identifier.taxon': 27268, '@tb:identifier.taxonVariant': 63636, '@ubio': '5970603', '@uniprot': '205580'}",284419
Solanum neoanglicum,Solanum neoanglicum,ot_1003_Tr100305.nex,-,Solanum neoanglicum,Solanum neoanglicum,"{'@tb:identifier.taxon': 349415, '@tb:identifier.taxonVariant': 382908, '@ubio': '8637731', '@uniprot': '401000'}",193892
Nicotiana forgetiana,Nicotiana forgetiana,ot_1003_Tr100305.nex,-,Nicotiana forgetiana,Nicotiana forgetiana,"{'@tb:identifier.taxon': 121182, '@tb:identifier.taxonVariant': 198991, '@ubio': '2669880', '@uniprot': '118696'}",1031858
Jaltomata repandidentata,Jaltomata repandidentata,ot_1003_Tr100305.nex,-,Jaltomata repandidentata,Jaltomata repandidentata,"{'@tb:identifier.taxon': 14826, '@tb:identifier.taxonVariant': 34848, '@ubio': '9218430'}",532695
Solanum dulcamara,Solanum dulcamara,ot_1003_Tr100305.nex,-,Solanum dulcamara,Solanum dulcamara,"{'@tb:identifier.taxon': 632142, '@tb:identifier.taxonVariant': 847154, '@ubio': '457601', '@uniprot': '45834'}",121226
Mandragora autumnalis,Mandragora autumnalis,ot_1003_Tr100305.nex,-,Mandragora autumnalis,Mandragora autumnalis,"{'@tb:identifier.taxon': 339347, '@tb:identifier.taxonVariant': 376512, '@ubio': '2669860', '@uniprot': '389206'}",512971
Iochroma loxense,Iochroma loxense,ot_1003_Tr100305.nex,-,Iochroma loxense,Iochroma loxense,"{'@tb:identifier.taxon': 35201, '@tb:identifier.taxonVariant': 81569, '@ubio': '9183202', '@uniprot': '362363'}",809968
Solanum moscopanum,Solanum moscopanum,ot_1003_Tr100305.nex,-,Solanum moscopanum,Solanum moscopanum,"{'@tb:identifier.taxon': 278969, '@tb:identifier.taxonVariant': 332727, '@ubio': '5862804', '@uniprot': '317828'}",447390
Cestrum milciomejiae,Cestrum milciomejiae,ot_1003_Tr100305.nex,-,Cestrum milciomejiae,Cestrum milciomejiae,"{'@tb:identifier.taxon': 36734, '@tb:identifier.taxonVariant': 85018, '@ubio': '9456173', '@uniprot': '385333'}",317974
Solanum furfuraceum,Solanum furfuraceum,ot_1003_Tr100305.nex,-,Solanum furfuraceum,Solanum furfuraceum,"{'@tb:identifier.taxon': 27182, '@tb:identifier.taxonVariant': 63462, '@ubio': '3440579', '@uniprot': '205553'}",261792
Solanum palitans,Solanum palitans,ot_1003_Tr100305.nex,-,Solanum palitans,Solanum palitans,"{'@tb:identifier.taxon': 632134, '@tb:identifier.taxonVariant': 847146, '@ubio': '5909425', '@uniprot': '159022'}",896438
Solanum adhaerens,Solanum adhaerens,ot_1003_Tr100305.nex,-,Solanum adhaerens,Solanum adhaerens,"{'@tb:identifier.taxon': 27119, '@tb:identifier.taxonVariant': 63331, '@ubio': '3440769', '@uniprot': '115660'}",207710
Solanum toliaraea,Solanum toliaraea,ot_1003_Tr100305.nex,-,Solanum toliaraea,Solanum toliaraea,"{'@tb:identifier.taxon': 27283, '@tb:identifier.taxonVariant': 63665, '@ubio': '5970604', '@uniprot': '205586'}",284314
Lycium stenophyllum,Lycium stenophyllum,ot_1003_Tr100305.nex,-,Lycium stenophyllum,Lycium stenophyllum,"{'@tb:identifier.taxon': 362386, '@tb:identifier.taxonVariant': 513716, '@ubio': '9119308', '@uniprot': '416540'}",505217
Lycium horridum,Lycium horridum,ot_1003_Tr100305.nex,-,Lycium horridum,Lycium horridum,"{'@tb:identifier.taxon': 301699, '@tb:identifier.taxonVariant': 350389, '@ubio': '5843330', '@uniprot': '343884'}",596968
Physalis mollis,Physalis mollis,ot_1003_Tr100305.nex,-,Physalis mollis,Physalis mollis,"{'@tb:identifier.taxon': 22181, '@tb:identifier.taxonVariant': 51577, '@ubio': '2668645', '@uniprot': '304156'}",940388
Solanum macoorai,Solanum macoorai,ot_1003_Tr100305.nex,-,Solanum macoorai,Solanum macoorai,"{'@tb:identifier.taxon': 619580, '@tb:identifier.taxonVariant': 829659, '@ubio': '9242030'}",464536
Capsicum pubescens,Capsicum pubescens,ot_1003_Tr100305.nex,-,Capsicum pubescens,Capsicum pubescens,"{'@tb:identifier.taxon': 117021, '@tb:identifier.taxonVariant': 427614, '@ubio': '2669893', '@uniprot': '113210'}",585222
Physalis lanceolata,Physalis lanceolata,ot_1003_Tr100305.nex,-,Physalis lanceolata,Physalis lanceolata,"{'@tb:identifier.taxon': 22173, '@tb:identifier.taxonVariant': 51562, '@ubio': '2776001', '@uniprot': '304150'}",940393
Solanum petraeum,Solanum petraeum,ot_1003_Tr100305.nex,-,Solanum petraeum,Solanum petraeum,"{'@tb:identifier.taxon': 34302, '@tb:identifier.taxonVariant': 79184, '@ubio': '9235902', '@uniprot': '368038'}",518412
Solanum platense,Solanum platense,ot_1003_Tr100305.nex,-,Solanum platense,Solanum platense,"{'@tb:identifier.taxon': 27246, '@tb:identifier.taxonVariant': 63596, '@ubio': '5977620', '@uniprot': '267269'}",877387
Solanum chippendalei,Solanum chippendalei,ot_1003_Tr100305.nex,-,Solanum chippendalei,Solanum chippendalei,"{'@tb:identifier.taxon': 34294, '@tb:identifier.taxonVariant': 79167, '@ubio': '9108233', '@uniprot': '368029'}",1044888
Solanum hjertingii,Solanum hjertingii,ot_1003_Tr100305.nex,-,Solanum hjertingii,Solanum hjertingii,"{'@tb:identifier.taxon': 276753, '@tb:identifier.taxonVariant': 330628, '@ubio': '5861959', '@uniprot': '315338'}",46926
Solanum heinianum,Solanum heinianum,ot_1003_Tr100305.nex,-,Solanum heinianum,Solanum heinianum,"{'@tb:identifier.taxon': 27187, '@tb:identifier.taxonVariant': 63469, '@ubio': '5983844', '@uniprot': '329776'}",14218
Solanum obliquum,Solanum obliquum,ot_1003_Tr100305.nex,-,Solanum obliquum,Solanum obliquum,"{'@tb:identifier.taxon': 40204, '@tb:identifier.taxonVariant': 93325, '@ubio': '5899093', '@uniprot': '265405'}",722338
Solanum achacachense,Solanum achacachense,ot_1003_Tr100305.nex,-,Solanum achacachense,Solanum achacachense,"{'@tb:identifier.taxon': 278955, '@tb:identifier.taxonVariant': 561296, '@ubio': '5864253', '@uniprot': '317814'}",973477
Streptosolen jamesonii,Streptosolen jamesonii,ot_1003_Tr100305.nex,-,Streptosolen jamesonii,Streptosolen jamesonii,"{'@tb:identifier.taxon': 28093, '@tb:identifier.taxonVariant': 65570, '@ubio': '2676646', '@uniprot': '310464'}",74554
Solanum tampicense,Solanum tampicense,ot_1003_Tr100305.nex,-,Solanum tampicense,Solanum tampicense,"{'@tb:identifier.taxon': 562418, '@tb:identifier.taxonVariant': 744848, '@ubio': '2671821', '@uniprot': '693387'}",814375
Lycium truncatum,Lycium truncatum,ot_1003_Tr100305.nex,-,Lycium truncatum,Lycium truncatum,"{'@tb:identifier.taxon': 619546, '@tb:identifier.taxonVariant': 829625, '@ubio': '9177675'}",798219
Lycianthes jelskii,Lycianthes jelskii,ot_1003_Tr100305.nex,-,Lycianthes jelskii,Lycianthes jelskii,"{'@tb:identifier.taxon': 342852, '@tb:identifier.taxonVariant': 378919, '@ubio': '9118082', '@uniprot': '393153'}",339702
Solanum piurae,Solanum piurae,ot_1003_Tr100305.nex,-,Solanum piurae,Solanum piurae,"{'@tb:identifier.taxon': 27245, '@tb:identifier.taxonVariant': 63594, '@ubio': '5862828', '@uniprot': '205571'}",1029740
Calibrachoa pygmaea,Calibrachoa pygmaea,ot_1003_Tr100305.nex,-,Calibrachoa pygmaea,Calibrachoa pygmaea,"{'@tb:identifier.taxon': 283628, '@tb:identifier.taxonVariant': 336742, '@ubio': '5913007', '@uniprot': '323116'}",446935
Schwenckia glabrata,Schwenckia glabrata,ot_1003_Tr100305.nex,-,Schwenckia glabrata,Schwenckia glabrata,"{'@tb:identifier.taxon': 219054, '@tb:identifier.taxonVariant': 285685, '@ubio': '3440372', '@uniprot': '242622'}",697333
Solanum vansittartense,Solanum vansittartense,ot_1003_Tr100305.nex,-,Solanum vansittartense,Solanum vansittartense,"{'@tb:identifier.taxon': 48225, '@tb:identifier.taxonVariant': 114550, '@ubio': '9216022', '@uniprot': '368042'}",99743
Nierembergia rigida,Nierembergia rigida,ot_1003_Tr100305.nex,-,Nierembergia rigida,Nierembergia rigida,"{'@tb:identifier.taxon': 41296, '@tb:identifier.taxonVariant': 96260, '@ubio': '9120531', '@uniprot': '274385'}",898776
Schizanthus porrigens,Schizanthus porrigens,ot_1003_Tr100305.nex,-,Schizanthus porrigens,Schizanthus porrigens,"{'@tb:identifier.taxon': 315571, '@tb:identifier.taxonVariant': 360797, '@ubio': '5985527', '@uniprot': '360635'}",668611
Nicotiana amplexicaulis,Nicotiana amplexicaulis,ot_1003_Tr100305.nex,-,Nicotiana amplexicaulis,Nicotiana amplexicaulis,"{'@tb:identifier.taxon': 121179, '@tb:identifier.taxonVariant': 198988, '@ubio': '5845854', '@uniprot': '118693'}",1031848
Solanum mahoriense,Solanum mahoriense,ot_1003_Tr100305.nex,-,Solanum mahoriense,Solanum mahoriense,"{'@tb:identifier.taxon': 27212, '@tb:identifier.taxonVariant': 113550, '@ubio': '3440552', '@uniprot': '205562'}",785123
Larnax suffruticosa,Larnax suffruticosa,ot_1003_Tr100305.nex,-,Larnax suffruticosa,Larnax suffruticosa,"{'@tb:identifier.taxon': 118765, '@tb:identifier.taxonVariant': 197115, '@ubio': '5960797', '@uniprot': '115740'}",228732
Jaltomata salpoensis,Jaltomata salpoensis,ot_1003_Tr100305.nex,-,Jaltomata salpoensis,Jaltomata salpoensis,"{'@tb:identifier.taxon': 570318, '@tb:identifier.taxonVariant': 790607, '@ubio': '9192006'}",532711
Solanum savanillense,Solanum savanillense,ot_1003_Tr100305.nex,-,Solanum savanillense,Solanum savanillense,"{'@tb:identifier.taxon': 564523, '@tb:identifier.taxonVariant': 785376, '@ubio': '9228658', '@uniprot': '0'}",845600
Solanum corifolium,Solanum corifolium,ot_1003_Tr100305.nex,-,Solanum corifolium,Solanum corifolium,"{'@tb:identifier.taxon': 349409, '@tb:identifier.taxonVariant': 382900, '@ubio': '9108395', '@uniprot': '400994'}",360994
Solanum ellipticum,Solanum ellipticum,ot_1003_Tr100305.nex,-,Solanum ellipticum,Solanum ellipticum,"{'@tb:identifier.taxon': 349411, '@tb:identifier.taxonVariant': 382903, '@ubio': '5863100', '@uniprot': '400996'}",360998
Grammosolen truncatus,Grammosolen truncatus,ot_1003_Tr100305.nex,-,Grammosolen truncatus,Grammosolen truncatus,"{'@tb:identifier.taxon': 12516, '@tb:identifier.taxonVariant': 29691, '@ubio': '5969252', '@uniprot': '195740'}",134184
Solanum leptophyes,Solanum leptophyes,ot_1003_Tr100305.nex,-,Solanum leptophyes,Solanum leptophyes,"{'@tb:identifier.taxon': 162435, '@tb:identifier.taxonVariant': 237436, '@ubio': '5861907', '@uniprot': '172794'}",598914
Solanum inelegans,Solanum inelegans,ot_1003_Tr100305.nex,-,Solanum inelegans,Solanum inelegans,"{'@tb:identifier.taxon': 27197, '@tb:identifier.taxonVariant': 63491, '@ubio': '3440490', '@uniprot': '205556'}",261802
Solanum arboreum,Solanum arboreum,ot_1003_Tr100305.nex,-,Solanum arboreum,Solanum arboreum,"{'@tb:identifier.taxon': 632147, '@tb:identifier.taxonVariant': 847159, '@ubio': '9186083', '@uniprot': '45833'}",121207
Lycianthes asarifolia,Lycianthes asarifolia,ot_1003_Tr100305.nex,-,Lycianthes asarifolia,Lycianthes asarifolia,"{'@tb:identifier.taxon': 342845, '@tb:identifier.taxonVariant': 503523, '@ubio': '2670982', '@uniprot': '393146'}",914549
Solanum roseum,Solanum roseum,ot_1003_Tr100305.nex,-,Solanum roseum,Solanum roseum,"{'@tb:identifier.taxon': 40234, '@tb:identifier.taxonVariant': 93392, '@ubio': '5899088', '@uniprot': '265412'}",875005
Lycium gariepense,Lycium gariepense,ot_1003_Tr100305.nex,-,Lycium gariepense,Lycium gariepense,"{'@tb:identifier.taxon': 362377, '@tb:identifier.taxonVariant': 390406, '@ubio': '10330807', '@uniprot': '416531'}",86079
Solanum cajanumense,Solanum cajanumense,ot_1003_Tr100305.nex,-,Solanum cajanumense,Solanum cajanumense,"{'@tb:identifier.taxon': 40210, '@tb:identifier.taxonVariant': 93339, '@ubio': '5993461', '@uniprot': '265391'}",280094
Solanum tenuisetosum,Solanum tenuisetosum,ot_1003_Tr100305.nex,-,Solanum tenuisetosum,Solanum tenuisetosum,"{'@tb:identifier.taxon': 40220, '@tb:identifier.taxonVariant': 93358, '@ubio': '5899091', '@uniprot': '265418'}",509412
Nicotiana longiflora,Nicotiana longiflora,ot_1003_Tr100305.nex,-,Nicotiana longiflora,Nicotiana longiflora,"{'@tb:identifier.taxon': 121187, '@tb:identifier.taxonVariant': 428795, '@ubio': '2653648', '@uniprot': '118702'}",733964
Solanum palinacanthum,Solanum palinacanthum,ot_1003_Tr100305.nex,-,Solanum palinacanthum,Solanum palinacanthum,"{'@tb:identifier.taxon': 27234, '@tb:identifier.taxonVariant': 63570, '@ubio': '5863109', '@uniprot': '238978'}",882310
Solanum clarum,Solanum clarum,ot_1003_Tr100305.nex,-,Solanum clarum,Solanum clarum,"{'@tb:identifier.taxon': 276751, '@tb:identifier.taxonVariant': 330625, '@ubio': '5862505', '@uniprot': '315335'}",46938
Nolana albescens,Nolana albescens,ot_1003_Tr100305.nex,-,Nolana albescens,Nolana albescens,"{'@tb:identifier.taxon': 95021, '@tb:identifier.taxonVariant': 174192, '@ubio': '5957948', '@uniprot': '84171'}",696735
Physochlaina infundibularis,Physochlaina infundibularis,ot_1003_Tr100305.nex,-,Physochlaina infundibularis,Physochlaina infundibularis,"{'@tb:identifier.taxon': 429032, '@tb:identifier.taxonVariant': 565243, '@ubio': '9178401', '@uniprot': '540827'}",383961
Solanum bonariense,Solanum bonariense,ot_1003_Tr100305.nex,-,Solanum bonariense,Solanum bonariense,"{'@tb:identifier.taxon': 604543, '@tb:identifier.taxonVariant': 806735, '@ubio': '5862356'}",364007
Lycium cooperi,Lycium cooperi,ot_1003_Tr100305.nex,-,Lycium cooperi,Lycium cooperi,"{'@tb:identifier.taxon': 127949, '@tb:identifier.taxonVariant': 205496, '@ubio': '2653618', '@uniprot': '127633'}",109758
Solanum betaceum,Solanum betaceum,ot_1003_Tr100305.nex,-,Solanum betaceum,Solanum betaceum,"{'@tb:identifier.taxon': 632144, '@tb:identifier.taxonVariant': 847156, '@ubio': '5862325', '@uniprot': '45843'}",590315
Cyphanthera albicans,Cyphanthera albicans,ot_1003_Tr100305.nex,-,Cyphanthera albicans,Cyphanthera albicans,"{'@tb:identifier.taxon': 8147, '@tb:identifier.taxonVariant': 19610, '@ubio': '5969248', '@uniprot': '195731'}",810425
Athenaea,Athenaea sp,ot_1003_Tr100305.nex,-,Athenaea sp,Athenaea,-,5506230
Solanum nigriviolaceum,Solanum nigriviolaceum,ot_1003_Tr100305.nex,-,Solanum nigriviolaceum,Solanum nigriviolaceum,"{'@tb:identifier.taxon': 546234, '@tb:identifier.taxonVariant': 724382, '@ubio': '9225775', '@uniprot': '666134'}",331169
Jaltomata paneroi,Jaltomata paneroi,ot_1003_Tr100305.nex,-,Jaltomata paneroi,Jaltomata paneroi,"{'@tb:identifier.taxon': 14824, '@tb:identifier.taxonVariant': 34832, '@ubio': '8946155'}",532697
Markea panamensis,Markea panamensis,ot_1003_Tr100305.nex,-,Markea panamensis,Markea panamensis,"{'@tb:identifier.taxon': 429022, '@tb:identifier.taxonVariant': 565233, '@ubio': '9119495', '@uniprot': '540813'}",1011308
Nicotiana pauciflora,Nicotiana pauciflora,ot_1003_Tr100305.nex,-,Nicotiana pauciflora,Nicotiana pauciflora,"{'@tb:identifier.taxon': 184585, '@tb:identifier.taxonVariant': 444878, '@ubio': '5862059', '@uniprot': '200315'}",232348
Deprea sylvarum,Larnax sylvarum,ot_1003_Tr100305.nex,-,Larnax sylvarum,Deprea sylvarum,"{'@tb:identifier.taxon': 15322, '@tb:identifier.taxonVariant': 35973, '@ubio': '5981223', '@uniprot': '304103'}",950217
Iochroma umbellatum,Iochroma umbellatum,ot_1003_Tr100305.nex,-,Iochroma umbellatum,Iochroma umbellatum,"{'@tb:identifier.taxon': 35194, '@tb:identifier.taxonVariant': 81548, '@ubio': '9182743', '@uniprot': '362374'}",1024740
Solanum alandiae,Solanum alandiae,ot_1003_Tr100305.nex,-,Solanum alandiae,Solanum alandiae,"{'@tb:identifier.taxon': 278958, '@tb:identifier.taxonVariant': 561291, '@ubio': '5864235', '@uniprot': '317817'}",973485
Solanum kwebense,Solanum kwebense,ot_1003_Tr100305.nex,-,Solanum kwebense,Solanum kwebense,"{'@tb:identifier.taxon': 27202, '@tb:identifier.taxonVariant': 63504, '@ubio': '5888914', '@uniprot': '329781'}",691767
Nolana lycioides,Nolana lycioides,ot_1003_Tr100305.nex,-,Nolana lycioides,Nolana lycioides,"{'@tb:identifier.taxon': 95042, '@tb:identifier.taxonVariant': 174213, '@ubio': '5845980', '@uniprot': '84192'}",899675
Nierembergia ericoides,Nierembergia ericoides,ot_1003_Tr100305.nex,-,Nierembergia ericoides,Nierembergia ericoides,"{'@tb:identifier.taxon': 41304, '@tb:identifier.taxonVariant': 96276, '@ubio': '9499698', '@uniprot': '274374'}",474444
Solanum campanulatum,Solanum campanulatum,ot_1003_Tr100305.nex,-,Solanum campanulatum,Solanum campanulatum,"{'@tb:identifier.taxon': 27143, '@tb:identifier.taxonVariant': 63384, '@ubio': '5970590', '@uniprot': '205535'}",311874
Solanum capsicoides,Solanum capsicoides,ot_1003_Tr100305.nex,-,Solanum capsicoides,Solanum capsicoides,"{'@tb:identifier.taxon': 27148, '@tb:identifier.taxonVariant': 63392, '@ubio': '2669389', '@uniprot': '205536'}",311868
Solanum stuckertii,Solanum stuckertii,ot_1003_Tr100305.nex,-,Solanum stuckertii,Solanum stuckertii,"{'@tb:identifier.taxon': 40231, '@tb:identifier.taxonVariant': 93385, '@ubio': '5899060', '@uniprot': '265416'}",509378
Solanum pedemontanum,Solanum pedemontanum,ot_1003_Tr100305.nex,-,Solanum pedemontanum,Solanum pedemontanum,"{'@tb:identifier.taxon': 604578, '@tb:identifier.taxonVariant': 806770, '@ubio': '3440412'}",766365
Lycianthes synanthera,Lycianthes synanthera,ot_1003_Tr100305.nex,-,Lycianthes synanthera,Lycianthes synanthera,"{'@tb:identifier.taxon': 342866, '@tb:identifier.taxonVariant': 378933, '@ubio': '9118644', '@uniprot': '393167'}",864336
Jaltomata cajacayensis,Jaltomata cajacayensis,ot_1003_Tr100305.nex,-,Jaltomata cajacayensis,Jaltomata cajacayensis,"{'@tb:identifier.taxon': 570324, '@tb:identifier.taxonVariant': 790620, '@ubio': '3440128'}",482500
Solanum capense,Solanum capense,ot_1003_Tr100305.nex,-,Solanum capense,Solanum capense,"{'@tb:identifier.taxon': 27147, '@tb:identifier.taxonVariant': 63391, '@ubio': '5983837', '@uniprot': '329766'}",535385
Lycium acutifolium,Lycium acutifolium,ot_1003_Tr100305.nex,-,Lycium acutifolium,Lycium acutifolium,"{'@tb:identifier.taxon': 362369, '@tb:identifier.taxonVariant': 390393, '@ubio': '9164391', '@uniprot': '416523'}",660393
Cestrum strigilatum,Cestrum strigilatum,ot_1003_Tr100305.nex,-,Cestrum strigilatum,Cestrum strigilatum,"{'@tb:identifier.taxon': 260233, '@tb:identifier.taxonVariant': 317892, '@ubio': '3439998', '@uniprot': '295493'}",275967
Anthocercis gracilis,Anthocercis gracilis,ot_1003_Tr100305.nex,-,Anthocercis gracilis,Anthocercis gracilis,"{'@tb:identifier.taxon': 1853, '@tb:identifier.taxonVariant': 4533, '@ubio': '5969239', '@uniprot': '195718'}",759264
Nicotiana thyrsiflora,Nicotiana thyrsiflora,ot_1003_Tr100305.nex,-,Nicotiana thyrsiflora,Nicotiana thyrsiflora,"{'@tb:identifier.taxon': 184588, '@tb:identifier.taxonVariant': 257217, '@ubio': '5845938', '@uniprot': '200318'}",232341
Physalis ignota,Physalis ignota,ot_1003_Tr100305.nex,-,Physalis ignota,Physalis ignota,"{'@tb:identifier.taxon': 22171, '@tb:identifier.taxonVariant': 51556, '@ubio': '3440325', '@uniprot': '304148'}",298448
Nicotiana wigandioides,Nicotiana wigandioides,ot_1003_Tr100305.nex,-,Nicotiana wigandioides,Nicotiana wigandioides,"{'@tb:identifier.taxon': 184587, '@tb:identifier.taxonVariant': 257216, '@ubio': '3440272', '@uniprot': '200317'}",232352
Solanum caesium,Solanum caesium,ot_1003_Tr100305.nex,-,Solanum caesium,Solanum caesium,"{'@tb:identifier.taxon': 27141, '@tb:identifier.taxonVariant': 63382, '@ubio': '5862402', '@uniprot': '205533'}",311878
Atropanthe sinensis,Atropanthe sinensis,ot_1003_Tr100305.nex,-,Atropanthe sinensis,Atropanthe sinensis,"{'@tb:identifier.taxon': 232608, '@tb:identifier.taxonVariant': 295151, '@ubio': '5875688', '@uniprot': '258461'}",570499
Jaltomata tayabambae,Jaltomata tayabambae,ot_1003_Tr100305.nex,-,Jaltomata tayabambae,Jaltomata tayabambae,-,68607
Solanum reductum,Solanum reductum,ot_1003_Tr100305.nex,-,Solanum reductum,Solanum reductum,"{'@tb:identifier.taxon': 619590, '@tb:identifier.taxonVariant': 829669, '@ubio': '3440546'}",3870116
Solanum aethiopicum,Solanum aethiopicum,ot_1003_Tr100305.nex,-,Solanum aethiopicum,Solanum aethiopicum,"{'@tb:identifier.taxon': 27121, '@tb:identifier.taxonVariant': 63336, '@ubio': '2669866', '@uniprot': '205524'}",886496
Solanum inaequilaterum,Solanum inaequilaterum,ot_1003_Tr100305.nex,-,Solanum inaequilaterum,Solanum inaequilaterum,"{'@tb:identifier.taxon': 619570, '@tb:identifier.taxonVariant': 829649, '@ubio': '9208732'}",991000
Benthamiella patagonica,Benthamiella patagonica,ot_1003_Tr100305.nex,-,Benthamiella patagonica,Benthamiella patagonica,"{'@tb:identifier.taxon': 619535, '@tb:identifier.taxonVariant': 829611, '@ubio': '9166805'}",5521811
Solanum melissarum,Solanum melissarum,ot_1003_Tr100305.nex,-,Solanum melissarum,Solanum melissarum,"{'@tb:identifier.taxon': 40223, '@tb:identifier.taxonVariant': 93362, '@ubio': '5993471', '@uniprot': '265423'}",985296
Solanum lucani,Solanum lucani,ot_1003_Tr100305.nex,-,Solanum lucani,Solanum lucani,"{'@tb:identifier.taxon': 619578, '@tb:identifier.taxonVariant': 829657, '@ubio': '9109139'}",464549
Physalis minima,Physalis minima,ot_1003_Tr100305.nex,-,Physalis minima,Physalis minima,"{'@tb:identifier.taxon': 22179, '@tb:identifier.taxonVariant': 51574, '@ubio': '2668644', '@uniprot': '304153'}",940395
Lycianthes nitida,Lycianthes nitida,ot_1003_Tr100305.nex,-,Lycianthes nitida,Lycianthes nitida,"{'@tb:identifier.taxon': 342856, '@tb:identifier.taxonVariant': 378923, '@ubio': '3440192', '@uniprot': '393157'}",339713
Solanum conditum,Solanum conditum,ot_1003_Tr100305.nex,-,Solanum conditum,Solanum conditum,"{'@tb:identifier.taxon': 27159, '@tb:identifier.taxonVariant': 63415, '@ubio': '3440807', '@uniprot': '205542'}",836449
Solanum tarijense,Solanum tarijense,ot_1003_Tr100305.nex,-,Solanum tarijense,Solanum tarijense,"{'@tb:identifier.taxon': 231720, '@tb:identifier.taxonVariant': 461644, '@ubio': '5862794', '@uniprot': '257458'}",938131
Nolana intonsa,Nolana intonsa,ot_1003_Tr100305.nex,-,Nolana intonsa,Nolana intonsa,"{'@tb:identifier.taxon': 395096, '@tb:identifier.taxonVariant': 405828, '@ubio': '9382780', '@uniprot': '459192'}",705976
Solanum scabrifolium,Solanum scabrifolium,ot_1003_Tr100305.nex,-,Solanum scabrifolium,Solanum scabrifolium,"{'@tb:identifier.taxon': 278974, '@tb:identifier.taxonVariant': 332737, '@ubio': '5867875', '@uniprot': '317833'}",1023756
Physalis patula,Physalis patula,ot_1003_Tr100305.nex,-,Physalis patula,Physalis patula,"{'@tb:identifier.taxon': 22183, '@tb:identifier.taxonVariant': 51581, '@ubio': '5981241', '@uniprot': '304160'}",364766
,Lycium boerhaviifolium,ot_1003_Tr100305.nex,-,Lycium boerhaviifolium,-,-,-
Nolana volcanica,Nolana volcanica,ot_1003_Tr100305.nex,-,Nolana volcanica,Nolana volcanica,"{'@tb:identifier.taxon': 395109, '@tb:identifier.taxonVariant': 405847, '@ubio': '9382811', '@uniprot': '459205'}",551337
Solanum iopetalum,Solanum iopetalum,ot_1003_Tr100305.nex,-,Solanum iopetalum,Solanum iopetalum,"{'@tb:identifier.taxon': 87047, '@tb:identifier.taxonVariant': 165810, '@ubio': '3440830', '@uniprot': '73572'}",887238
Lycium andersonii,Lycium andersonii,ot_1003_Tr100305.nex,-,Lycium andersonii,Lycium andersonii,"{'@tb:identifier.taxon': 97645, '@tb:identifier.taxonVariant': 176824, '@ubio': '2653613', '@uniprot': '87540'}",1004203
Solanum nemophilum,Solanum nemophilum,ot_1003_Tr100305.nex,-,Solanum nemophilum,Solanum nemophilum,"{'@tb:identifier.taxon': 27228, '@tb:identifier.taxonVariant': 63559, '@ubio': '5983848', '@uniprot': '329790'}",1002008
Cestrum laxum,Cestrum laxum,ot_1003_Tr100305.nex,-,Cestrum laxum,Cestrum laxum,"{'@tb:identifier.taxon': 36735, '@tb:identifier.taxonVariant': 85019, '@ubio': '3440055', '@uniprot': '385331'}",583028
Solanum sucrense,Solanum sucrense,ot_1003_Tr100305.nex,-,Solanum sucrense,Solanum sucrense,"{'@tb:identifier.taxon': 154765, '@tb:identifier.taxonVariant': 230203, '@ubio': '5862730', '@uniprot': '162494'}",5145481
Solanum incamayoense,Solanum incamayoense,ot_1003_Tr100305.nex,-,Solanum incamayoense,Solanum incamayoense,"{'@tb:identifier.taxon': 278965, '@tb:identifier.taxonVariant': 332721, '@ubio': '5873717', '@uniprot': '317824'}",495234
Solanum tomentosum,Solanum tomentosum,ot_1003_Tr100305.nex,-,Solanum tomentosum,Solanum tomentosum,"{'@tb:identifier.taxon': 27284, '@tb:identifier.taxonVariant': 63666, '@ubio': '5983854', '@uniprot': '329802'}",701410
Solanum lepidotum,Solanum lepidotum,ot_1003_Tr100305.nex,-,Solanum lepidotum,Solanum lepidotum,"{'@tb:identifier.taxon': 27206, '@tb:identifier.taxonVariant': 63512, '@ubio': '3440676', '@uniprot': '205560'}",785119
Solanum uncinellum,Solanum uncinellum,ot_1003_Tr100305.nex,-,Solanum uncinellum,Solanum uncinellum,"{'@tb:identifier.taxon': 619631, '@tb:identifier.taxonVariant': 829719, '@ubio': '9220986'}",5784010
Lycianthes jalicensis,Lycianthes jalicensis,ot_1003_Tr100305.nex,-,Lycianthes jalicensis,Lycianthes jalicensis,"{'@tb:identifier.taxon': 342851, '@tb:identifier.taxonVariant': 378918, '@ubio': '9415685', '@uniprot': '393152'}",339706
Solanum crinitum,Solanum crinitum,ot_1003_Tr100305.nex,-,Solanum crinitum,Solanum crinitum,"{'@tb:identifier.taxon': 27163, '@tb:identifier.taxonVariant': 63425, '@ubio': '3440885', '@uniprot': '205544'}",836460
Sclerophylax spinescens,Sclerophylax spinescens,ot_1003_Tr100305.nex,-,Sclerophylax spinescens,Sclerophylax spinescens,"{'@tb:identifier.taxon': 362390, '@tb:identifier.taxonVariant': 390426, '@ubio': '3440376', '@uniprot': '416544'}",505205
Nierembergia hatschbachii,Nierembergia hatschbachii,ot_1003_Tr100305.nex,-,Nierembergia hatschbachii,Nierembergia hatschbachii,"{'@tb:identifier.taxon': 41302, '@tb:identifier.taxonVariant': 96273, '@ubio': '8361040', '@uniprot': '316307'}",934781
Physalis microcarpa,Physalis microcarpa,ot_1003_Tr100305.nex,-,Physalis microcarpa,Physalis microcarpa,"{'@tb:identifier.taxon': 22177, '@tb:identifier.taxonVariant': 51569, '@ubio': '5981239', '@uniprot': '304152'}",940398
Solanum immite,Solanum immite,ot_1003_Tr100305.nex,-,Solanum immite,Solanum immite,"{'@tb:identifier.taxon': 278964, '@tb:identifier.taxonVariant': 332719, '@ubio': '1801067', '@uniprot': '317823'}",447376
Scopolia lutescens,Scopolia lutescens,ot_1003_Tr100305.nex,-,Scopolia lutescens,Scopolia lutescens,"{'@tb:identifier.taxon': 232603, '@tb:identifier.taxonVariant': 295146, '@ubio': '5976533', '@uniprot': '258456'}",100821
Solanum mite,Solanum mite,ot_1003_Tr100305.nex,-,Solanum mite,Solanum mite,"{'@tb:identifier.taxon': 564522, '@tb:identifier.taxonVariant': 785375, '@ubio': '9131695', '@uniprot': '0'}",845594
Dunalia spinosa,Dunalia spinosa,ot_1003_Tr100305.nex,-,Dunalia spinosa,Dunalia spinosa,"{'@tb:identifier.taxon': 35211, '@tb:identifier.taxonVariant': 81601, '@ubio': '9116199', '@uniprot': '362349'}",448164
Nierembergia graveolens,Nierembergia graveolens,ot_1003_Tr100305.nex,-,Nierembergia graveolens,Nierembergia graveolens,"{'@tb:identifier.taxon': 41303, '@tb:identifier.taxonVariant': 96275, '@ubio': '1800599', '@uniprot': '289840'}",662668
Nolana tarapacana,Nolana tarapacana,ot_1003_Tr100305.nex,-,Nolana tarapacana,Nolana tarapacana,"{'@tb:identifier.taxon': 395106, '@tb:identifier.taxonVariant': 405842, '@ubio': '9382608', '@uniprot': '459202'}",551324
Solanum batoides,Solanum batoides,ot_1003_Tr100305.nex,-,Solanum batoides,Solanum batoides,"{'@tb:identifier.taxon': 619553, '@tb:identifier.taxonVariant': 829632, '@ubio': '9245507'}",3870014
Capsicum frutescens,Capsicum frutescens,ot_1003_Tr100305.nex,-,Capsicum frutescens,Capsicum frutescens,"{'@tb:identifier.taxon': 50894, '@tb:identifier.taxonVariant': 120464, '@ubio': '2813851', '@uniprot': '4073'}",473831
Deprea hawkesii,Larnax hawkesii,ot_1003_Tr100305.nex,-,Larnax hawkesii,Deprea hawkesii,"{'@tb:identifier.taxon': 118758, '@tb:identifier.taxonVariant': 197108, '@ubio': '5960789', '@uniprot': '115732'}",903509
Lycianthes stephanocalyx,Lycianthes stephanocalyx,ot_1003_Tr100305.nex,-,Lycianthes stephanocalyx,Lycianthes stephanocalyx,"{'@tb:identifier.taxon': 342865, '@tb:identifier.taxonVariant': 378932, '@ubio': '3440178', '@uniprot': '393166'}",864334
Solanum argopetalum,Solanum argopetalum,ot_1003_Tr100305.nex,-,Solanum argopetalum,Solanum argopetalum,"{'@tb:identifier.taxon': 619552, '@tb:identifier.taxonVariant': 829631, '@ubio': '8400139'}",364018
Tsoala tubiflora,Tsoala tubiflora,ot_1003_Tr100305.nex,-,Tsoala tubiflora,Tsoala tubiflora,"{'@tb:identifier.taxon': 429037, '@tb:identifier.taxonVariant': 565251, '@ubio': '9186783', '@uniprot': '540836'}",960303
Solanum vaccinioides,Solanum vaccinioides,ot_1003_Tr100305.nex,-,Solanum vaccinioides,Solanum vaccinioides,"{'@tb:identifier.taxon': 344945, '@tb:identifier.taxonVariant': 380215, '@ubio': '9231233', '@uniprot': '395918'}",105111
Acnistus arborescens,Acnistus arborescens,ot_1003_Tr100305.nex,-,Acnistus arborescens,Acnistus arborescens,"{'@tb:identifier.taxon': 35218, '@tb:identifier.taxonVariant': 81623, '@ubio': '2653691', '@uniprot': '362341'}",501120
Solanum cordovense,Solanum cordovense,ot_1003_Tr100305.nex,-,Solanum cordovense,Solanum cordovense,"{'@tb:identifier.taxon': 632143, '@tb:identifier.taxonVariant': 847155, '@ubio': '9152834', '@uniprot': '52876'}",326643
Solanum semiarmatum,Solanum semiarmatum,ot_1003_Tr100305.nex,-,Solanum semiarmatum,Solanum semiarmatum,"{'@tb:identifier.taxon': 619640, '@tb:identifier.taxonVariant': 829728, '@ubio': '9109671'}",192056
Nolana spathulata,Nolana spathulata,ot_1003_Tr100305.nex,-,Nolana spathulata,Nolana spathulata,"{'@tb:identifier.taxon': 59768, '@tb:identifier.taxonVariant': 132894, '@ubio': '5845986', '@uniprot': '33124'}",925284
Solanum mammosum,Solanum mammosum,ot_1003_Tr100305.nex,-,Solanum mammosum,Solanum mammosum,"{'@tb:identifier.taxon': 27213, '@tb:identifier.taxonVariant': 63533, '@ubio': '2653562', '@uniprot': '115667'}",399736
Jaltomata biflora,Jaltomata biflora,ot_1003_Tr100305.nex,-,Jaltomata biflora,Jaltomata biflora,"{'@tb:identifier.taxon': 570326, '@tb:identifier.taxonVariant': 790625, '@ubio': '9150764'}",482496
Lycium infaustum,Lycium infaustum,ot_1003_Tr100305.nex,-,Lycium infaustum,Lycium infaustum,"{'@tb:identifier.taxon': 301700, '@tb:identifier.taxonVariant': 350391, '@ubio': '5984648', '@uniprot': '343885'}",596971
Solanum echinatum,Solanum echinatum,ot_1003_Tr100305.nex,-,Solanum echinatum,Solanum echinatum,"{'@tb:identifier.taxon': 27174, '@tb:identifier.taxonVariant': 63450, '@ubio': '5970593', '@uniprot': '205549'}",836446
Physalis acutifolia,Physalis acutifolia,ot_1003_Tr100305.nex,-,Physalis acutifolia,Physalis acutifolia,"{'@tb:identifier.taxon': 22151, '@tb:identifier.taxonVariant': 51510, '@ubio': '2653657', '@uniprot': '304134'}",788348
Lycium pilifolium,Lycium pilifolium,ot_1003_Tr100305.nex,-,Lycium pilifolium,Lycium pilifolium,"{'@tb:identifier.taxon': 116737, '@tb:identifier.taxonVariant': 195090, '@ubio': '5960510', '@uniprot': '112877'}",560938
Solanum sejunctum,Solanum sejunctum,ot_1003_Tr100305.nex,-,Solanum sejunctum,Solanum sejunctum,"{'@tb:identifier.taxon': 289150, '@tb:identifier.taxonVariant': 340864, '@ubio': '5983851', '@uniprot': '329799'}",1001981
Datura bernhardii,Datura bernhardii,ot_1003_Tr100305.nex,-,Datura bernhardii,Datura bernhardii,"{'@tb:identifier.taxon': 619537, '@tb:identifier.taxonVariant': 829613, '@ubio': '5832823'}",644786
Jaltomata nigricolor,Jaltomata nigricolor,ot_1003_Tr100305.nex,-,Jaltomata nigricolor,Jaltomata nigricolor,-,532701
Lycium dasystemum,Lycium dasystemum,ot_1003_Tr100305.nex,-,Lycium dasystemum,Lycium dasystemum,"{'@tb:identifier.taxon': 619544, '@tb:identifier.taxonVariant': 829623, '@ubio': '9177100'}",798223
Brugmansia aurea,Brugmansia aurea,ot_1003_Tr100305.nex,-,Brugmansia aurea,Brugmansia aurea,"{'@tb:identifier.taxon': 326606, '@tb:identifier.taxonVariant': 368171, '@ubio': '3409335', '@uniprot': '374040'}",155108
Petunia bonjardinensis,Petunia bonjardinensis,ot_1003_Tr100305.nex,-,Petunia bonjardinensis,Petunia bonjardinensis,"{'@tb:identifier.taxon': 283619, '@tb:identifier.taxonVariant': 336730, '@ubio': '5912958', '@uniprot': '323107'}",973023
Solanum lycopersicoides,Solanum lycopersicoides,ot_1003_Tr100305.nex,-,Solanum lycopersicoides,Solanum lycopersicoides,"{'@tb:identifier.taxon': 632155, '@tb:identifier.taxonVariant': 847167, '@ubio': '5862793', '@uniprot': '142760'}",868266
Solanum cumingii,Solanum cumingii,ot_1003_Tr100305.nex,-,Solanum cumingii,Solanum cumingii,"{'@tb:identifier.taxon': 448169, '@tb:identifier.taxonVariant': 592624, '@ubio': '9181415', '@uniprot': '488918'}",671639
Solanum triflorum,Solanum triflorum,ot_1003_Tr100305.nex,-,Solanum triflorum,Solanum triflorum,"{'@tb:identifier.taxon': 27287, '@tb:identifier.taxonVariant': 63672, '@ubio': '2653554', '@uniprot': '205588'}",734403
Nicotiana gossei,Nicotiana gossei,ot_1003_Tr100305.nex,-,Nicotiana gossei,Nicotiana gossei,"{'@tb:identifier.taxon': 19092, '@tb:identifier.taxonVariant': 44442, '@ubio': '5845884', '@uniprot': '118698'}",1031862
Lycium texanum,Lycium texanum,ot_1003_Tr100305.nex,-,Lycium texanum,Lycium texanum,"{'@tb:identifier.taxon': 301707, '@tb:identifier.taxonVariant': 350401, '@ubio': '2653626', '@uniprot': '343893'}",24212
Physalis angustiphysa,Physalis angustiphysa,ot_1003_Tr100305.nex,-,Physalis angustiphysa,Physalis angustiphysa,"{'@tb:identifier.taxon': 22155, '@tb:identifier.taxonVariant': 51518, '@ubio': '5981236', '@uniprot': '304138'}",788352
Solanum viarum,Solanum viarum,ot_1003_Tr100305.nex,-,Solanum viarum,Solanum viarum,"{'@tb:identifier.taxon': 27298, '@tb:identifier.taxonVariant': 63693, '@ubio': '2669401', '@uniprot': '215581'}",450048
Solanum schenckii,Solanum schenckii,ot_1003_Tr100305.nex,-,Solanum schenckii,Solanum schenckii,"{'@tb:identifier.taxon': 276759, '@tb:identifier.taxonVariant': 330640, '@ubio': '5864239', '@uniprot': '315345'}",774999
Salpiglossis sinuata,Salpiglossis sinuata,ot_1003_Tr100305.nex,-,Salpiglossis sinuata,Salpiglossis sinuata,"{'@tb:identifier.taxon': 59766, '@tb:identifier.taxonVariant': 415906, '@ubio': '2671819', '@uniprot': '33121'}",925270
Nolana tomentella,Nolana tomentella,ot_1003_Tr100305.nex,-,Nolana tomentella,Nolana tomentella,"{'@tb:identifier.taxon': 395107, '@tb:identifier.taxonVariant': 405843, '@ubio': '9381962', '@uniprot': '459203'}",551326
Solanum marinasense,Solanum marinasense,ot_1003_Tr100305.nex,-,Solanum marinasense,Solanum marinasense,"{'@tb:identifier.taxon': 278967, '@tb:identifier.taxonVariant': 332724, '@ubio': '5866291', '@uniprot': '317826'}",447386
Solanum lumholtzianum,Solanum lumholtzianum,ot_1003_Tr100305.nex,-,Solanum lumholtzianum,Solanum lumholtzianum,"{'@tb:identifier.taxon': 537259, '@tb:identifier.taxonVariant': 712712}",348199
Datura leichhardtii,Datura leichhardtii,ot_1003_Tr100305.nex,-,Datura leichhardtii,Datura leichhardtii,"{'@tb:identifier.taxon': 429011, '@tb:identifier.taxonVariant': 565204, '@ubio': '2669890', '@uniprot': '540799'}",445271
Combera paradoxa,Combera paradoxa,ot_1003_Tr100305.nex,-,Combera paradoxa,Combera paradoxa,"{'@tb:identifier.taxon': 429009, '@tb:identifier.taxonVariant': 565198, '@ubio': '9166839', '@uniprot': '540798'}",445273
Nicotiana petunioides,Nicotiana petunioides,ot_1003_Tr100305.nex,-,Nicotiana petunioides,Nicotiana petunioides,"{'@tb:identifier.taxon': 121193, '@tb:identifier.taxonVariant': 199001, '@ubio': '3440271', '@uniprot': '118708'}",733981
Anthocercis intricata,Anthocercis intricata,ot_1003_Tr100305.nex,-,Anthocercis intricata,Anthocercis intricata,"{'@tb:identifier.taxon': 1855, '@tb:identifier.taxonVariant': 4535, '@ubio': '5969241', '@uniprot': '195720'}",286578
Solanum valdiviense,Solanum valdiviense,ot_1003_Tr100305.nex,-,Solanum valdiviense,Solanum valdiviense,"{'@tb:identifier.taxon': 619630, '@tb:identifier.taxonVariant': 829718, '@ubio': '1801248'}",3870162
Lycianthes amatitlanensis,Lycianthes amatitlanensis,ot_1003_Tr100305.nex,-,Lycianthes amatitlanensis,Lycianthes amatitlanensis,"{'@tb:identifier.taxon': 16488, '@tb:identifier.taxonVariant': 38652, '@ubio': '3440196', '@uniprot': '304106'}",315005
Cyphanthera anthocercidea,Cyphanthera anthocercidea,ot_1003_Tr100305.nex,-,Cyphanthera anthocercidea,Cyphanthera anthocercidea,"{'@tb:identifier.taxon': 8148, '@tb:identifier.taxonVariant': 19611, '@ubio': '5969249', '@uniprot': '195732'}",810431
Solanum sendtnerianum,Solanum sendtnerianum,ot_1003_Tr100305.nex,-,Solanum sendtnerianum,Solanum sendtnerianum,"{'@tb:identifier.taxon': 537260, '@tb:identifier.taxonVariant': 712714}",348185
Nolana chancoana,Nolana chancoana,ot_1003_Tr100305.nex,-,Nolana chancoana,Nolana chancoana,"{'@tb:identifier.taxon': 395091, '@tb:identifier.taxonVariant': 784075}",131397
Cestrum poasanum,Cestrum poasanum,ot_1003_Tr100305.nex,-,Cestrum poasanum,Cestrum poasanum,"{'@tb:identifier.taxon': 36729, '@tb:identifier.taxonVariant': 85007, '@ubio': '9143680', '@uniprot': '385338'}",969137
Solanum supinum,Solanum supinum,ot_1003_Tr100305.nex,-,Solanum supinum,Solanum supinum,"{'@tb:identifier.taxon': 448173, '@tb:identifier.taxonVariant': 592632, '@ubio': '9166038', '@uniprot': '488922'}",148847
Solanum santolallae,Solanum santolallae,ot_1003_Tr100305.nex,-,Solanum santolallae,Solanum santolallae,"{'@tb:identifier.taxon': 276758, '@tb:identifier.taxonVariant': 330638, '@ubio': '5862830', '@uniprot': '315344'}",774997
Nolana divaricata,Nolana divaricata,ot_1003_Tr100305.nex,-,Nolana divaricata,Nolana divaricata,"{'@tb:identifier.taxon': 95032, '@tb:identifier.taxonVariant': 174203, '@ubio': '5845978', '@uniprot': '84182'}",325310
Nolana crassulifolia,Nolana crassulifolia,ot_1003_Tr100305.nex,-,Nolana crassulifolia,Nolana crassulifolia,"{'@tb:identifier.taxon': 95030, '@tb:identifier.taxonVariant': 174201, '@ubio': '5957955', '@uniprot': '84180'}",325306
Nolana villosa,Nolana villosa,ot_1003_Tr100305.nex,-,Nolana villosa,Nolana villosa,"{'@tb:identifier.taxon': 95054, '@tb:identifier.taxonVariant': 174225, '@ubio': '5957973', '@uniprot': '84204'}",956768
Henoonia myrtifolia,Henoonia myrtifolia,ot_1003_Tr100305.nex,-,Henoonia myrtifolia,Henoonia myrtifolia,"{'@tb:identifier.taxon': 205530, '@tb:identifier.taxonVariant': 274987, '@ubio': '3439690', '@uniprot': '225623'}",900315
Lycianthes acapulcensis,Lycianthes acapulcensis,ot_1003_Tr100305.nex,-,Lycianthes acapulcensis,Lycianthes acapulcensis,"{'@tb:identifier.taxon': 342843, '@tb:identifier.taxonVariant': 378911, '@ubio': '3440169', '@uniprot': '393144'}",914554
Solanum diploconos,Solanum diploconos,ot_1003_Tr100305.nex,-,Solanum diploconos,Solanum diploconos,"{'@tb:identifier.taxon': 8160, '@tb:identifier.taxonVariant': 63439, '@ubio': '5899065', '@uniprot': '172110'}",763421
Solanum johnstonii,Solanum johnstonii,ot_1003_Tr100305.nex,-,Solanum johnstonii,Solanum johnstonii,"{'@tb:identifier.taxon': 537258, '@tb:identifier.taxonVariant': 712710}",348197
Solanum linearifolium,Solanum linearifolium,ot_1003_Tr100305.nex,-,Solanum linearifolium,Solanum linearifolium,"{'@tb:identifier.taxon': 349414, '@tb:identifier.taxonVariant': 382907, '@ubio': '3440855', '@uniprot': '400999'}",361011
Solanum wallacei,Solanum wallacei,ot_1003_Tr100305.nex,-,Solanum wallacei,Solanum wallacei,"{'@tb:identifier.taxon': 27302, '@tb:identifier.taxonVariant': 63702, '@ubio': '2653557', '@uniprot': '45841'}",590324
Solanum amygdalifolium,Solanum amygdalifolium,ot_1003_Tr100305.nex,-,Solanum amygdalifolium,Solanum amygdalifolium,"{'@tb:identifier.taxon': 27126, '@tb:identifier.taxonVariant': 63346, '@ubio': '5970587', '@uniprot': '205529'}",886510
Solanum wrightii,Solanum wrightii,ot_1003_Tr100305.nex,-,Solanum wrightii,Solanum wrightii,"{'@tb:identifier.taxon': 326578, '@tb:identifier.taxonVariant': 368128, '@ubio': '3440533', '@uniprot': '374009'}",53115
Cestrum mortonianum,Cestrum mortonianum,ot_1003_Tr100305.nex,-,Cestrum mortonianum,Cestrum mortonianum,"{'@tb:identifier.taxon': 36732, '@tb:identifier.taxonVariant': 85013, '@ubio': '9148049', '@uniprot': '385335'}",317966
Solanum megalonyx,Solanum megalonyx,ot_1003_Tr100305.nex,-,Solanum megalonyx,Solanum megalonyx,"{'@tb:identifier.taxon': 604542, '@tb:identifier.taxonVariant': 806734, '@ubio': '9233028'}",464538
Capsicum galapagoense,Capsicum galapagoense,ot_1003_Tr100305.nex,-,Capsicum galapagoense,Capsicum galapagoense,"{'@tb:identifier.taxon': 157201, '@tb:identifier.taxonVariant': 232515, '@ubio': '5866454', '@uniprot': '165701'}",417665
Solanum palustre,Solanum palustre,ot_1003_Tr100305.nex,-,Solanum palustre,Solanum palustre,"{'@tb:identifier.taxon': 50914, '@tb:identifier.taxonVariant': 120516, '@ubio': '5883034', '@uniprot': '4115'}",494827
Iochroma cornifolium,Iochroma cornifolium,ot_1003_Tr100305.nex,-,Iochroma cornifolium,Iochroma cornifolium,"{'@tb:identifier.taxon': 48061, '@tb:identifier.taxonVariant': 112452, '@ubio': '9116885', '@uniprot': '362356'}",974498
Solanum schlechtendalianum,Solanum schlechtendalianum,ot_1003_Tr100305.nex,-,Solanum schlechtendalianum,Solanum schlechtendalianum,"{'@tb:identifier.taxon': 27269, '@tb:identifier.taxonVariant': 63637, '@ubio': '3440853', '@uniprot': '205581'}",4054
Jaborosa sativa,Jaborosa sativa,ot_1003_Tr100305.nex,-,Jaborosa sativa,Jaborosa sativa,"{'@tb:identifier.taxon': 429017, '@tb:identifier.taxonVariant': 565214, '@ubio': '9244093', '@uniprot': '540806'}",434591
Vassobia breviflora,Vassobia breviflora,ot_1003_Tr100305.nex,-,Vassobia breviflora,Vassobia breviflora,"{'@tb:identifier.taxon': 35189, '@tb:identifier.taxonVariant': 81531, '@ubio': '3440932', '@uniprot': '126907'}",950238
Anthocercis ilicifolia,Anthocercis ilicifolia,ot_1003_Tr100305.nex,-,Anthocercis ilicifolia,Anthocercis ilicifolia,"{'@tb:identifier.taxon': 1854, '@tb:identifier.taxonVariant': 4534, '@ubio': '5969240', '@uniprot': '195719'}",759262
Physalis glutinosa,Physalis glutinosa,ot_1003_Tr100305.nex,-,Physalis glutinosa,Physalis glutinosa,"{'@tb:identifier.taxon': 22166, '@tb:identifier.taxonVariant': 51543, '@ubio': '3440304', '@uniprot': '304145'}",414762
Solandra brachycalyx,Solandra brachycalyx,ot_1003_Tr100305.nex,-,Solandra brachycalyx,Solandra brachycalyx,"{'@tb:identifier.taxon': 429036, '@tb:identifier.taxonVariant': 565250, '@ubio': '9123185', '@uniprot': '540834'}",960297
Leucophysalis grandiflora,Leucophysalis grandiflora,ot_1003_Tr100305.nex,-,Leucophysalis grandiflora,Leucophysalis grandiflora,"{'@tb:identifier.taxon': 15849, '@tb:identifier.taxonVariant': 37163, '@ubio': '2653610', '@uniprot': '304109'}",314994
Anthotroche myoporoides,Anthotroche myoporoides,ot_1003_Tr100305.nex,-,Anthotroche myoporoides,Anthotroche myoporoides,"{'@tb:identifier.taxon': 1873, '@tb:identifier.taxonVariant': 4572, '@ubio': '5969243', '@uniprot': '195724'}",286570
Sclerophylax adnatifolia,Sclerophylax adnatifolia,ot_1003_Tr100305.nex,-,Sclerophylax adnatifolia,Sclerophylax adnatifolia,"{'@tb:identifier.taxon': 408228, '@tb:identifier.taxonVariant': 409996, '@ubio': '9196962', '@uniprot': '481620'}",745689
Solanum candolleanum,Solanum candolleanum,ot_1003_Tr100305.nex,-,Solanum candolleanum,Solanum candolleanum,"{'@tb:identifier.taxon': 276752, '@tb:identifier.taxonVariant': 330627, '@ubio': '5862427', '@uniprot': '315336'}",46936
Sessea corymbiflora,Sessea corymbiflora,ot_1003_Tr100305.nex,-,Sessea corymbiflora,Sessea corymbiflora,"{'@tb:identifier.taxon': 205564, '@tb:identifier.taxonVariant': 274994, '@ubio': '5972860', '@uniprot': '225657'}",43632
Nolana coelestis,Nolana coelestis,ot_1003_Tr100305.nex,-,Nolana coelestis,Nolana coelestis,"{'@tb:identifier.taxon': 362388, '@tb:identifier.taxonVariant': 390423, '@ubio': '8576490', '@uniprot': '416542'}",505222
Solanum scabrum,Solanum scabrum,ot_1003_Tr100305.nex,-,Solanum scabrum,Solanum scabrum,"{'@tb:identifier.taxon': 619629, '@tb:identifier.taxonVariant': 829717, '@ubio': '5882719'}",503656
Solanum megistacrolobum,Solanum megistacrolobum,ot_1003_Tr100305.nex,-,Solanum megistacrolobum,Solanum megistacrolobum,"{'@tb:identifier.taxon': 384864, '@tb:identifier.taxonVariant': 526533, '@ubio': '3440643', '@uniprot': '445678'}",991411
Lycium shawii,Lycium shawii,ot_1003_Tr100305.nex,-,Lycium shawii,Lycium shawii,"{'@tb:identifier.taxon': 149241, '@tb:identifier.taxonVariant': 225054, '@ubio': '5863670', '@uniprot': '155082'}",814789
Nolana peruviana,Nolana peruviana,ot_1003_Tr100305.nex,-,Nolana peruviana,Nolana peruviana,"{'@tb:identifier.taxon': 95044, '@tb:identifier.taxonVariant': 174215, '@ubio': '5957965', '@uniprot': '84194'}",899671
Solanum exiguum,Solanum exiguum,ot_1003_Tr100305.nex,-,Solanum exiguum,Solanum exiguum,"{'@tb:identifier.taxon': 40215, '@tb:identifier.taxonVariant': 93347, '@ubio': '5899082', '@uniprot': '265399'}",570213
Solanum citrullifolium,Solanum citrullifolium,ot_1003_Tr100305.nex,-,Solanum citrullifolium,Solanum citrullifolium,"{'@tb:identifier.taxon': 27155, '@tb:identifier.taxonVariant': 63405, '@ubio': '2653520', '@uniprot': '205540'}",836453
Nicotiana clevelandii,Nicotiana clevelandii,ot_1003_Tr100305.nex,-,Nicotiana clevelandii,Nicotiana clevelandii,"{'@tb:identifier.taxon': 93214, '@tb:identifier.taxonVariant': 172143, '@ubio': '2653646', '@uniprot': '81866'}",1003579
Cestrum fasciculatum,Cestrum fasciculatum,ot_1003_Tr100305.nex,-,Cestrum fasciculatum,Cestrum fasciculatum,"{'@tb:identifier.taxon': 36742, '@tb:identifier.taxonVariant': 85035, '@ubio': '2653583', '@uniprot': '385324'}",392637
Solanum stelligerum,Solanum stelligerum,ot_1003_Tr100305.nex,-,Solanum stelligerum,Solanum stelligerum,"{'@tb:identifier.taxon': 27276, '@tb:identifier.taxonVariant': 63652, '@ubio': '5983853', '@uniprot': '329801'}",701417
Solanum dianthophorum,Solanum dianthophorum,ot_1003_Tr100305.nex,-,Solanum dianthophorum,Solanum dianthophorum,"{'@tb:identifier.taxon': 619557, '@tb:identifier.taxonVariant': 829636, '@ubio': '9108451'}",142551
Solanum pyracanthum,Solanum pyracanthos,ot_1003_Tr100305.nex,Solanum pyracanthum,Solanum pyracanthos,Solanum pyracanthum,"{'@tb:identifier.taxon': 27254, '@tb:identifier.taxonVariant': 63607, '@ubio': '5863051', '@uniprot': '205574'}",158103
Lycium europaeum,Lycium europaeum,ot_1003_Tr100305.nex,-,Lycium europaeum,Lycium europaeum,"{'@tb:identifier.taxon': 116734, '@tb:identifier.taxonVariant': 195087, '@ubio': '5843325', '@uniprot': '112873'}",560947
Solanum amblymerum,Solanum amblymerum,ot_1003_Tr100305.nex,-,Solanum amblymerum,Solanum amblymerum,"{'@tb:identifier.taxon': 619550, '@tb:identifier.taxonVariant': 829629, '@ubio': '9210938'}",364014
Solanum chenopodinum,Solanum chenopodinum,ot_1003_Tr100305.nex,-,Solanum chenopodinum,Solanum chenopodinum,"{'@tb:identifier.taxon': 27152, '@tb:identifier.taxonVariant': 63399, '@ubio': '3440824', '@uniprot': '205538'}",311862
Nolana paradoxa,Nolana paradoxa,ot_1003_Tr100305.nex,-,Nolana paradoxa,Nolana paradoxa,"{'@tb:identifier.taxon': 326599, '@tb:identifier.taxonVariant': 368162, '@ubio': '9382452', '@uniprot': '374033'}",626037
Nicotiana excelsior,Nicotiana excelsior,ot_1003_Tr100305.nex,-,Nicotiana excelsior,Nicotiana excelsior,"{'@tb:identifier.taxon': 19090, '@tb:identifier.taxonVariant': 44435, '@ubio': '2669879', '@uniprot': '61185'}",466063
Solanum phlomoides,Solanum phlomoides,ot_1003_Tr100305.nex,-,Solanum phlomoides,Solanum phlomoides,"{'@tb:identifier.taxon': 34301, '@tb:identifier.taxonVariant': 79182, '@ubio': '9109443', '@uniprot': '368039'}",518415
Solanum hieronymi,Solanum hieronymi,ot_1003_Tr100305.nex,-,Solanum hieronymi,Solanum hieronymi,"{'@tb:identifier.taxon': 27189, '@tb:identifier.taxonVariant': 63472, '@ubio': '3440523', '@uniprot': '329778'}",14202
Lycium tenuispinosum,Lycium tenuispinosum,ot_1003_Tr100305.nex,-,Lycium tenuispinosum,Lycium tenuispinosum,"{'@tb:identifier.taxon': 301706, '@tb:identifier.taxonVariant': 350399, '@ubio': '5984650', '@uniprot': '343892'}",24215
Nolana thinophila,Nolana thinophila,ot_1003_Tr100305.nex,-,Nolana thinophila,Nolana thinophila,"{'@tb:identifier.taxon': 95052, '@tb:identifier.taxonVariant': 174223, '@ubio': '5957971', '@uniprot': '84202'}",956760
Jaltomata lomana,Jaltomata lomana,ot_1003_Tr100305.nex,-,Jaltomata lomana,Jaltomata lomana,"{'@tb:identifier.taxon': 570322, '@tb:identifier.taxonVariant': 790618, '@ubio': '3440135'}",532705
Physochlaina orientalis,Physochlaina orientalis,ot_1003_Tr100305.nex,-,Physochlaina orientalis,Physochlaina orientalis,"{'@tb:identifier.taxon': 389280, '@tb:identifier.taxonVariant': 404207, '@ubio': '9177274', '@uniprot': '451527'}",514337
Lycium rachidocladum,Lycium rachidocladum,ot_1003_Tr100305.nex,-,Lycium rachidocladum,Lycium rachidocladum,"{'@tb:identifier.taxon': 362384, '@tb:identifier.taxonVariant': 390417, '@ubio': '9119279', '@uniprot': '416538'}",86090
Nolana stenophylla,Nolana stenophylla,ot_1003_Tr100305.nex,-,Nolana stenophylla,Nolana stenophylla,"{'@tb:identifier.taxon': 95051, '@tb:identifier.taxonVariant': 174222, '@ubio': '5957970', '@uniprot': '84201'}",956762
Schizanthus hookeri,Schizanthus hookeri,ot_1003_Tr100305.nex,-,Schizanthus hookeri,Schizanthus hookeri,"{'@tb:identifier.taxon': 315565, '@tb:identifier.taxonVariant': 360785, '@ubio': '5985521', '@uniprot': '360629'}",94234
Lycium cuneatum,Lycium cuneatum,ot_1003_Tr100305.nex,-,Lycium cuneatum,Lycium cuneatum,"{'@tb:identifier.taxon': 301696, '@tb:identifier.taxonVariant': 350383, '@ubio': '3440220', '@uniprot': '343881'}",596962
Solanum diversiflorum,Solanum diversiflorum,ot_1003_Tr100305.nex,-,Solanum diversiflorum,Solanum diversiflorum,"{'@tb:identifier.taxon': 27170, '@tb:identifier.taxonVariant': 63442, '@ubio': '5983842', '@uniprot': '329773'}",14214
Nierembergia angustifolia,Nierembergia angustifolia,ot_1003_Tr100305.nex,-,Nierembergia angustifolia,Nierembergia angustifolia,"{'@tb:identifier.taxon': 41309, '@tb:identifier.taxonVariant': 96286, '@ubio': '1800600', '@uniprot': '274370'}",474435
Nicotiana alata,Nicotiana alata,ot_1003_Tr100305.nex,-,Nicotiana alata,Nicotiana alata,"{'@tb:identifier.taxon': 19088, '@tb:identifier.taxonVariant': 44429, '@ubio': '3876641', '@uniprot': '4087'}",379008
Solanum stenandrum,Solanum stenandrum,ot_1003_Tr100305.nex,-,Solanum stenandrum,Solanum stenandrum,"{'@tb:identifier.taxon': 27277, '@tb:identifier.taxonVariant': 63653, '@ubio': '3440600', '@uniprot': '267270'}",352580
Metternichia princeps,Metternichia princeps,ot_1003_Tr100305.nex,-,Metternichia princeps,Metternichia princeps,"{'@tb:identifier.taxon': 82286, '@tb:identifier.taxonVariant': 160318, '@ubio': '9185357', '@uniprot': '66396'}",210698
Atropa komarovii,Atropa komarovii,ot_1003_Tr100305.nex,-,Atropa komarovii,Atropa komarovii,"{'@tb:identifier.taxon': 601957, '@tb:identifier.taxonVariant': 802610, '@ubio': '9176966'}",855655
Jaltomata chihuahuensis,Jaltomata chihuahuensis,ot_1003_Tr100305.nex,-,Jaltomata chihuahuensis,Jaltomata chihuahuensis,"{'@tb:identifier.taxon': 32154, '@tb:identifier.taxonVariant': 74466, '@ubio': '3440127'}",1007917
Jaltomata lezamae,Jaltomata lezamae,ot_1003_Tr100305.nex,-,Jaltomata lezamae,Jaltomata lezamae,"{'@tb:identifier.taxon': 570317, '@tb:identifier.taxonVariant': 790606, '@ubio': '9191966'}",1058981
Pantacantha ameghinoi,Pantacantha ameghinoi,ot_1003_Tr100305.nex,-,Pantacantha ameghinoi,Pantacantha ameghinoi,"{'@tb:identifier.taxon': 429031, '@tb:identifier.taxonVariant': 565242, '@ubio': '9176599', '@uniprot': '540825'}",383965
Przewalskia tangutica,Przewalskia tangutica,ot_1003_Tr100305.nex,-,Przewalskia tangutica,Przewalskia tangutica,"{'@tb:identifier.taxon': 295829, '@tb:identifier.taxonVariant': 345915, '@ubio': '9178194', '@uniprot': '337188'}",329328
Nicotiana miersii,Nicotiana miersii,ot_1003_Tr100305.nex,-,Nicotiana miersii,Nicotiana miersii,"{'@tb:identifier.taxon': 121189, '@tb:identifier.taxonVariant': 428796, '@ubio': '5862061', '@uniprot': '118704'}",733977
,Solanum chenopodium,ot_1003_Tr100305.nex,-,Solanum chenopodium,-,"{'@tb:identifier.taxon': 619555, '@tb:identifier.taxonVariant': 829634, '@ubio': '9228747'}",-
Jaltomata yungayensis,Jaltomata yungayensis,ot_1003_Tr100305.nex,-,Jaltomata yungayensis,Jaltomata yungayensis,"{'@tb:identifier.taxon': 570314, '@tb:identifier.taxonVariant': 790596, '@ubio': '3440126'}",11311
Capsicum schottianum,Capsicum schottianum,ot_1003_Tr100305.nex,-,Capsicum schottianum,Capsicum schottianum,"{'@tb:identifier.taxon': 397351, '@tb:identifier.taxonVariant': 406671, '@ubio': '5889839', '@uniprot': '462293'}",445176
Solanum lignicaule,Solanum lignicaule,ot_1003_Tr100305.nex,-,Solanum lignicaule,Solanum lignicaule,"{'@tb:identifier.taxon': 276756, '@tb:identifier.taxonVariant': 330634, '@ubio': '5862684', '@uniprot': '315341'}",775006
Latua pubiflora,Latua pubiflora,ot_1003_Tr100305.nex,-,Latua pubiflora,Latua pubiflora,"{'@tb:identifier.taxon': 429019, '@tb:identifier.taxonVariant': 565224, '@ubio': '5913064', '@uniprot': '540810'}",1011310
Nierembergia micrantha,Nierembergia micrantha,ot_1003_Tr100305.nex,-,Nierembergia micrantha,Nierembergia micrantha,"{'@tb:identifier.taxon': 41301, '@tb:identifier.taxonVariant': 96271, '@ubio': '9196872', '@uniprot': '433925'}",999074
Nolana adansonii,Nolana adansonii,ot_1003_Tr100305.nex,-,Nolana adansonii,Nolana adansonii,"{'@tb:identifier.taxon': 95020, '@tb:identifier.taxonVariant': 174191, '@ubio': '5957947', '@uniprot': '84170'}",696738
Nolana humifusa,Nolana humifusa,ot_1003_Tr100305.nex,-,Nolana humifusa,Nolana humifusa,"{'@tb:identifier.taxon': 95038, '@tb:identifier.taxonVariant': 174209, '@ubio': '3439821', '@uniprot': '84188'}",405122
Solanum bumeliifolium,Solanum bumeliifolium,ot_1003_Tr100305.nex,-,Solanum bumeliifolium,Solanum bumeliifolium,"{'@tb:identifier.taxon': 619554, '@tb:identifier.taxonVariant': 829633, '@ubio': '9166456'}",722611
Solanum comptum,Solanum comptum,ot_1003_Tr100305.nex,-,Solanum comptum,Solanum comptum,"{'@tb:identifier.taxon': 27158, '@tb:identifier.taxonVariant': 63413, '@ubio': '3440545', '@uniprot': '329769'}",535401
Solanum curvicuspe,Solanum curvicuspe,ot_1003_Tr100305.nex,-,Solanum curvicuspe,Solanum curvicuspe,"{'@tb:identifier.taxon': 349410, '@tb:identifier.taxonVariant': 382901, '@ubio': '9208706', '@uniprot': '400995'}",360996
Solanum jucundum,Solanum jucundum,ot_1003_Tr100305.nex,-,Solanum jucundum,Solanum jucundum,"{'@tb:identifier.taxon': 619573, '@tb:identifier.taxonVariant': 829652, '@ubio': '8400282'}",991008
Hyoscyamus turcomanicus,Hyoscyamus turcomanicus,ot_1003_Tr100305.nex,-,Hyoscyamus turcomanicus,Hyoscyamus turcomanicus,"{'@tb:identifier.taxon': 619542, '@tb:identifier.taxonVariant': 829621, '@ubio': '9177075'}",855653
Cestrum megalophyllum,Cestrum megalophyllum,ot_1003_Tr100305.nex,-,Cestrum megalophyllum,Cestrum megalophyllum,"{'@tb:identifier.taxon': 408223, '@tb:identifier.taxonVariant': 409989, '@ubio': '3440006', '@uniprot': '481615'}",171401
Solanum morelliforme,Solanum morelliforme,ot_1003_Tr100305.nex,-,Solanum morelliforme,Solanum morelliforme,"{'@tb:identifier.taxon': 278968, '@tb:identifier.taxonVariant': 561172, '@ubio': '5862779', '@uniprot': '317827'}",447384
Petunia littoralis,Petunia littoralis,ot_1003_Tr100305.nex,-,Petunia littoralis,Petunia littoralis,"{'@tb:identifier.taxon': 283625, '@tb:identifier.taxonVariant': 336738, '@ubio': '5912922', '@uniprot': '323113'}",446930
Iochroma cardenasianum,Iochroma cardenasianum,ot_1003_Tr100305.nex,-,Iochroma cardenasianum,Iochroma cardenasianum,"{'@tb:identifier.taxon': 35209, '@tb:identifier.taxonVariant': 81593, '@ubio': '9218365', '@uniprot': '362354'}",974501
Lycium hirsutum,Lycium hirsutum,ot_1003_Tr100305.nex,-,Lycium hirsutum,Lycium hirsutum,"{'@tb:identifier.taxon': 301698, '@tb:identifier.taxonVariant': 350387, '@ubio': '9164916', '@uniprot': '343883'}",596958
Anthotroche pannosa,Anthotroche pannosa,ot_1003_Tr100305.nex,-,Anthotroche pannosa,Anthotroche pannosa,"{'@tb:identifier.taxon': 1874, '@tb:identifier.taxonVariant': 4573, '@ubio': '5969245', '@uniprot': '195726'}",286565
Lycium decumbens,Lycium decumbens,ot_1003_Tr100305.nex,-,Lycium decumbens,Lycium decumbens,"{'@tb:identifier.taxon': 362373, '@tb:identifier.taxonVariant': 390400, '@ubio': '9164810', '@uniprot': '416527'}",660386
Solanum microphyllum,Solanum microphyllum,ot_1003_Tr100305.nex,-,Solanum microphyllum,Solanum microphyllum,"{'@tb:identifier.taxon': 27218, '@tb:identifier.taxonVariant': 63542, '@ubio': '5983845', '@uniprot': '329786'}",691779
Solanum refractum,Solanum refractum,ot_1003_Tr100305.nex,-,Solanum refractum,Solanum refractum,"{'@tb:identifier.taxon': 27258, '@tb:identifier.taxonVariant': 63615, '@ubio': '5983850', '@uniprot': '329797'}",168865
Nicotiana undulata,Nicotiana undulata,ot_1003_Tr100305.nex,-,Nicotiana undulata,Nicotiana undulata,"{'@tb:identifier.taxon': 121198, '@tb:identifier.taxonVariant': 199006, '@ubio': '5845944', '@uniprot': '118713'}",210478
Solanum ugentii,Solanum ugentii,ot_1003_Tr100305.nex,-,Solanum ugentii,Solanum ugentii,"{'@tb:identifier.taxon': 278977, '@tb:identifier.taxonVariant': 332743, '@ubio': '5871411', '@uniprot': '317836'}",1023762
Solanum jamesii,Solanum jamesii,ot_1003_Tr100305.nex,-,Solanum jamesii,Solanum jamesii,"{'@tb:identifier.taxon': 162434, '@tb:identifier.taxonVariant': 237434, '@ubio': '2653535', '@uniprot': '172793'}",598931
Solanum incarceratum,Solanum incarceratum,ot_1003_Tr100305.nex,-,Solanum incarceratum,Solanum incarceratum,"{'@tb:identifier.taxon': 27195, '@tb:identifier.taxonVariant': 63487, '@ubio': '3440720', '@uniprot': '267267'}",863012
Solanum chamaepolybotryon,Solanum chamaepolybotryon,ot_1003_Tr100305.nex,-,Solanum chamaepolybotryon,Solanum chamaepolybotryon,"{'@tb:identifier.taxon': 564514, '@tb:identifier.taxonVariant': 785367, '@ubio': '9125500', '@uniprot': '0'}",271287
Nicotiana acaulis,Nicotiana acaulis,ot_1003_Tr100305.nex,-,Nicotiana acaulis,Nicotiana acaulis,"{'@tb:identifier.taxon': 121178, '@tb:identifier.taxonVariant': 198987, '@ubio': '5845847', '@uniprot': '118692'}",698769
Solanum hystrix,Solanum hystrix,ot_1003_Tr100305.nex,-,Solanum hystrix,Solanum hystrix,"{'@tb:identifier.taxon': 34289, '@tb:identifier.taxonVariant': 79158, '@ubio': '9192585', '@uniprot': '368034'}",518417
Capsicum rhomboideum,Capsicum rhomboideum,ot_1003_Tr100305.nex,-,Capsicum rhomboideum,Capsicum rhomboideum,"{'@tb:identifier.taxon': 397350, '@tb:identifier.taxonVariant': 406670, '@ubio': '5905361', '@uniprot': '462292'}",445178
Nicotiana spegazzinii,Nicotiana spegazzinii,ot_1003_Tr100305.nex,-,Nicotiana spegazzinii,Nicotiana spegazzinii,"{'@tb:identifier.taxon': 184571, '@tb:identifier.taxonVariant': 257201, '@ubio': '5845928', '@uniprot': '200300'}",755401
Solanum avilesii,Solanum avilesii,ot_1003_Tr100305.nex,-,Solanum avilesii,Solanum avilesii,"{'@tb:identifier.taxon': 276750, '@tb:identifier.taxonVariant': 330624, '@ubio': '5864245', '@uniprot': '315334'}",46940
Physalis lassa,Physalis lassa,ot_1003_Tr100305.nex,-,Physalis lassa,Physalis lassa,"{'@tb:identifier.taxon': 22174, '@tb:identifier.taxonVariant': 51563, '@ubio': '5981238', '@uniprot': '304151'}",940391
Nierembergia andina,Nierembergia andina,ot_1003_Tr100305.nex,-,Nierembergia andina,Nierembergia andina,"{'@tb:identifier.taxon': 408227, '@tb:identifier.taxonVariant': 543680, '@ubio': '9197965', '@uniprot': '481619'}",171409
Nicotiana megalosiphon,Nicotiana megalosiphon,ot_1003_Tr100305.nex,-,Nicotiana megalosiphon,Nicotiana megalosiphon,"{'@tb:identifier.taxon': 121188, '@tb:identifier.taxonVariant': 198997, '@ubio': '5862066', '@uniprot': '118703'}",733962
Schizanthus parvulus,Schizanthus parvulus,ot_1003_Tr100305.nex,-,Schizanthus parvulus,Schizanthus parvulus,"{'@tb:identifier.taxon': 315570, '@tb:identifier.taxonVariant': 360795, '@ubio': '5985526', '@uniprot': '360634'}",713307
Lycium macrodon,Lycium macrodon,ot_1003_Tr100305.nex,-,Lycium macrodon,Lycium macrodon,"{'@tb:identifier.taxon': 127952, '@tb:identifier.taxonVariant': 205500, '@ubio': '2653621', '@uniprot': '127636'}",109771
Chamaesaracha coronopus,Chamaesaracha coronopus,ot_1003_Tr100305.nex,-,Chamaesaracha coronopus,Chamaesaracha coronopus,"{'@tb:identifier.taxon': 5691, '@tb:identifier.taxonVariant': 13789, '@ubio': '2653592', '@uniprot': '304120'}",264839
Solanum berthaultii,Solanum berthaultii,ot_1003_Tr100305.nex,-,Solanum berthaultii,Solanum berthaultii,"{'@tb:identifier.taxon': 69778, '@tb:identifier.taxonVariant': 417715, '@ubio': '5862318', '@uniprot': '47970'}",982762
Solanum mitlense,Solanum mitlense,ot_1003_Tr100305.nex,-,Solanum mitlense,Solanum mitlense,"{'@tb:identifier.taxon': 27219, '@tb:identifier.taxonVariant': 63543, '@ubio': '5983846', '@uniprot': '329787'}",691777
Nicandra physalodes,Nicandra physalodes,ot_1003_Tr100305.nex,-,Nicandra physalodes,Nicandra physalodes,"{'@tb:identifier.taxon': 19083, '@tb:identifier.taxonVariant': 44414, '@ubio': '2653637', '@uniprot': '33118'}",232472
Brugmansia sanguinea,Brugmansia sanguinea,ot_1003_Tr100305.nex,-,Brugmansia sanguinea,Brugmansia sanguinea,"{'@tb:identifier.taxon': 429007, '@tb:identifier.taxonVariant': 565196, '@ubio': '2669850', '@uniprot': '540794'}",445285
Solanum tetramerum,Solanum tetramerum,ot_1003_Tr100305.nex,-,Solanum tetramerum,Solanum tetramerum,"{'@tb:identifier.taxon': 604557, '@tb:identifier.taxonVariant': 806749, '@ubio': '9136062'}",715562
Solanum aturense,Solanum aturense,ot_1003_Tr100305.nex,-,Solanum aturense,Solanum aturense,"{'@tb:identifier.taxon': 27135, '@tb:identifier.taxonVariant': 63362, '@ubio': '3440439', '@uniprot': '329763'}",535391
Lycianthes lenta,Lycianthes lenta,ot_1003_Tr100305.nex,-,Lycianthes lenta,Lycianthes lenta,"{'@tb:identifier.taxon': 168561, '@tb:identifier.taxonVariant': 243048, '@ubio': '3440188', '@uniprot': '180576'}",480685
Solanum latens,Solanum latens,ot_1003_Tr100305.nex,-,Solanum latens,Solanum latens,"{'@tb:identifier.taxon': 619576, '@tb:identifier.taxonVariant': 829655, '@ubio': '8399975'}",464545
Nicotiana arentsii,Nicotiana arentsii,ot_1003_Tr100305.nex,-,Nicotiana arentsii,Nicotiana arentsii,"{'@tb:identifier.taxon': 184589, '@tb:identifier.taxonVariant': 257218, '@ubio': '3440277', '@uniprot': '200319'}",232343
Benthamiella skottsbergii,Benthamiella skottsbergii,ot_1003_Tr100305.nex,-,Benthamiella skottsbergii,Benthamiella skottsbergii,"{'@tb:identifier.taxon': 429005, '@tb:identifier.taxonVariant': 565194, '@ubio': '9233683', '@uniprot': '540792'}",445281
Nierembergia rivularis,Nierembergia rivularis,ot_1003_Tr100305.nex,-,Nierembergia rivularis,Nierembergia rivularis,"{'@tb:identifier.taxon': 41295, '@tb:identifier.taxonVariant': 96258, '@ubio': '9120547', '@uniprot': '274386'}",898778
Nolana pilosa,Nolana pilosa,ot_1003_Tr100305.nex,-,Nolana pilosa,Nolana pilosa,"{'@tb:identifier.taxon': 395102, '@tb:identifier.taxonVariant': 405836, '@ubio': '9381879', '@uniprot': '459198'}",705992
Solanum innoxium,Solanum innoxium,ot_1003_Tr100305.nex,-,Solanum innoxium,Solanum innoxium,"{'@tb:identifier.taxon': 619571, '@tb:identifier.taxonVariant': 829650, '@ubio': '8399827'}",990998
Deprea dilloniana,Larnax dilloniana,ot_1003_Tr100305.nex,-,Larnax dilloniana,Deprea dilloniana,"{'@tb:identifier.taxon': 118757, '@tb:identifier.taxonVariant': 197107, '@ubio': '5960788', '@uniprot': '115731'}",903502
Capsicum ciliatum,Capsicum ciliatum,ot_1003_Tr100305.nex,-,Capsicum ciliatum,Capsicum ciliatum,"{'@tb:identifier.taxon': 4849, '@tb:identifier.taxonVariant': 11686, '@ubio': '5866452', '@uniprot': '165699'}",408630
Jaltomata contumacensis,Jaltomata contumacensis,ot_1003_Tr100305.nex,-,Jaltomata contumacensis,Jaltomata contumacensis,-,1058964
Solanum asymmetriphyllum,Solanum asymmetriphyllum,ot_1003_Tr100305.nex,-,Solanum asymmetriphyllum,Solanum asymmetriphyllum,"{'@tb:identifier.taxon': 27133, '@tb:identifier.taxonVariant': 63358, '@ubio': '5983836', '@uniprot': '329762'}",535393
Merinthopodium neuranthum,Merinthopodium neuranthum,ot_1003_Tr100305.nex,-,Merinthopodium neuranthum,Merinthopodium neuranthum,"{'@tb:identifier.taxon': 408222, '@tb:identifier.taxonVariant': 409988, '@ubio': '9163484', '@uniprot': '481614'}",171399
Solanum wendlandii,Solanum wendlandii,ot_1003_Tr100305.nex,-,Solanum wendlandii,Solanum wendlandii,"{'@tb:identifier.taxon': 27303, '@tb:identifier.taxonVariant': 63704, '@ubio': '2669403', '@uniprot': '45842'}",590312
Solanum donianum,Solanum donianum,ot_1003_Tr100305.nex,-,Solanum donianum,Solanum donianum,"{'@tb:identifier.taxon': 604562, '@tb:identifier.taxonVariant': 806754, '@ubio': '2653525'}",294747
Solanum ditrichum,Solanum ditrichum,ot_1003_Tr100305.nex,-,Solanum ditrichum,Solanum ditrichum,"{'@tb:identifier.taxon': 619561, '@tb:identifier.taxonVariant': 829640, '@ubio': '8400032'}",414064
Hyoscyamus desertorum,Hyoscyamus desertorum,ot_1003_Tr100305.nex,-,Hyoscyamus desertorum,Hyoscyamus desertorum,"{'@tb:identifier.taxon': 429015, '@tb:identifier.taxonVariant': 565211, '@ubio': '9194128', '@uniprot': '540804'}",434587
Solanum nitidum,Solanum nitidum,ot_1003_Tr100305.nex,-,Solanum nitidum,Solanum nitidum,"{'@tb:identifier.taxon': 632135, '@tb:identifier.taxonVariant': 847147, '@ubio': '9132226', '@uniprot': '115668'}",207732
Physalis pubescens,Physalis pubescens,ot_1003_Tr100305.nex,-,Physalis pubescens,Physalis pubescens,"{'@tb:identifier.taxon': 22187, '@tb:identifier.taxonVariant': 51595, '@ubio': '2653671', '@uniprot': '300354'}",751072
Solanum brevifolium,Solanum brevifolium,ot_1003_Tr100305.nex,-,Solanum brevifolium,Solanum brevifolium,"{'@tb:identifier.taxon': 564513, '@tb:identifier.taxonVariant': 785366, '@ubio': '5862375', '@uniprot': '0'}",515087
Nicotiana obtusifolia,Nicotiana obtusifolia,ot_1003_Tr100305.nex,-,Nicotiana obtusifolia,Nicotiana obtusifolia,"{'@tb:identifier.taxon': 184586, '@tb:identifier.taxonVariant': 257215, '@ubio': '851018', '@uniprot': '200316'}",232350
Vestia lycioides,Vestia lycioides,ot_1003_Tr100305.nex,-,Vestia lycioides,Vestia lycioides,"{'@tb:identifier.taxon': 30648, '@tb:identifier.taxonVariant': 71496, '@ubio': '5972861', '@uniprot': '225659'}",43636
Cestrum luteovirescens,Cestrum luteovirescens,ot_1003_Tr100305.nex,-,Cestrum luteovirescens,Cestrum luteovirescens,"{'@tb:identifier.taxon': 336178, '@tb:identifier.taxonVariant': 374404, '@ubio': '10311501', '@uniprot': '385332'}",317969
Brunfelsia americana,Brunfelsia americana,ot_1003_Tr100305.nex,-,Brunfelsia americana,Brunfelsia americana,"{'@tb:identifier.taxon': 4113, '@tb:identifier.taxonVariant': 9954, '@ubio': '2653695', '@uniprot': '225614'}",748589
Solanum delitescens,Solanum delitescens,ot_1003_Tr100305.nex,-,Solanum delitescens,Solanum delitescens,"{'@tb:identifier.taxon': 27169, '@tb:identifier.taxonVariant': 63435, '@ubio': '3440484', '@uniprot': '205546'}",836458
Solanum maternum,Solanum maternum,ot_1003_Tr100305.nex,-,Solanum maternum,Solanum maternum,"{'@tb:identifier.taxon': 40232, '@tb:identifier.taxonVariant': 93387, '@ubio': '5899063', '@uniprot': '265404'}",722343
Lycium athium,Lycium athium,ot_1003_Tr100305.nex,-,Lycium athium,Lycium athium,"{'@tb:identifier.taxon': 362371, '@tb:identifier.taxonVariant': 390396, '@ubio': '10330805', '@uniprot': '416525'}",660390
Petunia scheideana,Petunia scheideana,ot_1003_Tr100305.nex,-,Petunia scheideana,Petunia scheideana,"{'@tb:identifier.taxon': 283626, '@tb:identifier.taxonVariant': 336739, '@ubio': '3440291', '@uniprot': '323114'}",446937
Cestrum dasyanthum,Cestrum dasyanthum,ot_1003_Tr100305.nex,-,Cestrum dasyanthum,Cestrum dasyanthum,"{'@tb:identifier.taxon': 36744, '@tb:identifier.taxonVariant': 85038, '@ubio': '9138995', '@uniprot': '385322'}",392649
Solanum arundo,Solanum arundo,ot_1003_Tr100305.nex,-,Solanum arundo,Solanum arundo,"{'@tb:identifier.taxon': 27132, '@tb:identifier.taxonVariant': 63357, '@ubio': '5983835', '@uniprot': '329761'}",535395
Solanum ehrenbergii,Solanum ehrenbergii,ot_1003_Tr100305.nex,-,Solanum ehrenbergii,Solanum ehrenbergii,"{'@tb:identifier.taxon': 183883, '@tb:identifier.taxonVariant': 256631, '@ubio': '3440420', '@uniprot': '199469'}",435432
Lycianthes saltensis,Lycianthes saltensis,ot_1003_Tr100305.nex,-,Lycianthes saltensis,Lycianthes saltensis,"{'@tb:identifier.taxon': 342863, '@tb:identifier.taxonVariant': 378930, '@ubio': '9118489', '@uniprot': '393164'}",864330
Solanum rostratum,Solanum rostratum,ot_1003_Tr100305.nex,-,Solanum rostratum,Solanum rostratum,"{'@tb:identifier.taxon': 27264, '@tb:identifier.taxonVariant': 63627, '@ubio': '2653548', '@uniprot': '45839'}",121200
Markea ulei,Markea ulei,ot_1003_Tr100305.nex,-,Markea ulei,Markea ulei,"{'@tb:identifier.taxon': 429023, '@tb:identifier.taxonVariant': 565234, '@ubio': '3440241', '@uniprot': '540814'}",1011302
Cestrum diurnum,Cestrum diurnum,ot_1003_Tr100305.nex,-,Cestrum diurnum,Cestrum diurnum,"{'@tb:identifier.taxon': 562401, '@tb:identifier.taxonVariant': 744799, '@ubio': '2653582', '@uniprot': '693370'}",239736
Solanum cookii,Solanum cookii,ot_1003_Tr100305.nex,-,Solanum cookii,Solanum cookii,"{'@tb:identifier.taxon': 349408, '@tb:identifier.taxonVariant': 382898, '@ubio': '9108368', '@uniprot': '400993'}",361007
Solanum pampasense,Solanum pampasense,ot_1003_Tr100305.nex,-,Solanum pampasense,Solanum pampasense,"{'@tb:identifier.taxon': 278973, '@tb:identifier.taxonVariant': 332735, '@ubio': '5862798', '@uniprot': '317832'}",1023754
Solanum lythrocarpum,Solanum lythrocarpum,ot_1003_Tr100305.nex,-,Solanum lythrocarpum,Solanum lythrocarpum,"{'@tb:identifier.taxon': 619579, '@tb:identifier.taxonVariant': 829658, '@ubio': '8399997'}",464534
Solanum dioicum,Solanum dioicum,ot_1003_Tr100305.nex,-,Solanum dioicum,Solanum dioicum,"{'@tb:identifier.taxon': 34292, '@tb:identifier.taxonVariant': 79163, '@ubio': '9108504', '@uniprot': '368031'}",518430
Anthocercis sylvicola,Anthocercis sylvicola,ot_1003_Tr100305.nex,-,Anthocercis sylvicola,Anthocercis sylvicola,"{'@tb:identifier.taxon': 1857, '@tb:identifier.taxonVariant': 4538, '@ubio': '5969242', '@uniprot': '195722'}",286574
Lycium grandicalyx,Lycium grandicalyx,ot_1003_Tr100305.nex,-,Lycium grandicalyx,Lycium grandicalyx,"{'@tb:identifier.taxon': 362378, '@tb:identifier.taxonVariant': 390408, '@ubio': '10330809', '@uniprot': '416532'}",86086
Jaltomata viridiflora,Jaltomata viridiflora,ot_1003_Tr100305.nex,-,Jaltomata viridiflora,Jaltomata viridiflora,"{'@tb:identifier.taxon': 14830, '@tb:identifier.taxonVariant': 34859, '@ubio': '9183695'}",68630
Jaltomata ventricosa,Jaltomata ventricosa,ot_1003_Tr100305.nex,-,Jaltomata ventricosa,Jaltomata ventricosa,"{'@tb:identifier.taxon': 14829, '@tb:identifier.taxonVariant': 34855, '@ubio': '9183720'}",68620
Lycium amoenum,Lycium amoenum,ot_1003_Tr100305.nex,-,Lycium amoenum,Lycium amoenum,"{'@tb:identifier.taxon': 362370, '@tb:identifier.taxonVariant': 390394, '@ubio': '10330803', '@uniprot': '416524'}",660388
Lycianthes tricolor,Lycianthes tricolor,ot_1003_Tr100305.nex,-,Lycianthes tricolor,Lycianthes tricolor,"{'@tb:identifier.taxon': 342867, '@tb:identifier.taxonVariant': 503524, '@ubio': '9170129', '@uniprot': '393168'}",864323
Ipomoea,Ipomoea,ot_1003_Tr100305.nex,-,Ipomoea,Ipomoea,"{'@tb:identifier.taxon': 14651, '@tb:identifier.taxonVariant': 34416, '@ubio': '2653799', '@uniprot': '4119'}",494853
Cestrum roseum,Cestrum roseum,ot_1003_Tr100305.nex,-,Cestrum roseum,Cestrum roseum,"{'@tb:identifier.taxon': 36727, '@tb:identifier.taxonVariant': 85001, '@ubio': '9138413', '@uniprot': '385340'}",242624
Nolana confinis,Nolana confinis,ot_1003_Tr100305.nex,-,Nolana confinis,Nolana confinis,"{'@tb:identifier.taxon': 95028, '@tb:identifier.taxonVariant': 174199, '@ubio': '5957953', '@uniprot': '84178'}",849817
Solanum cataphractum,Solanum cataphractum,ot_1003_Tr100305.nex,-,Solanum cataphractum,Solanum cataphractum,"{'@tb:identifier.taxon': 34295, '@tb:identifier.taxonVariant': 79169, '@ubio': '9210276', '@uniprot': '368028'}",1044890
Solanum mortonii,Solanum mortonii,ot_1003_Tr100305.nex,-,Solanum mortonii,Solanum mortonii,"{'@tb:identifier.taxon': 604567, '@tb:identifier.taxonVariant': 806759, '@ubio': '9218516'}",464554
Lycium americanum,Lycium americanum,ot_1003_Tr100305.nex,-,Lycium americanum,Lycium americanum,"{'@tb:identifier.taxon': 116722, '@tb:identifier.taxonVariant': 195074, '@ubio': '2783541', '@uniprot': '112861'}",40034
Solanum symonii,Solanum symonii,ot_1003_Tr100305.nex,-,Solanum symonii,Solanum symonii,"{'@tb:identifier.taxon': 349422, '@tb:identifier.taxonVariant': 382913, '@ubio': '9109829', '@uniprot': '401008'}",765652
Nicotiana tomentosiformis,Nicotiana tomentosiformis,ot_1003_Tr100305.nex,-,Nicotiana tomentosiformis,Nicotiana tomentosiformis,"{'@tb:identifier.taxon': 50908, '@tb:identifier.taxonVariant': 120504, '@ubio': '3440282', '@uniprot': '4098'}",229330
Jaltomata bernardelloana,Jaltomata bernardelloana,ot_1003_Tr100305.nex,-,Jaltomata bernardelloana,Jaltomata bernardelloana,"{'@tb:identifier.taxon': 570323, '@tb:identifier.taxonVariant': 790619, '@ubio': '3440129'}",482492
Solanum nigrum,Solanum nigrum,ot_1003_Tr100305.nex,-,Solanum nigrum,Solanum nigrum,"{'@tb:identifier.taxon': 50913, '@tb:identifier.taxonVariant': 120511, '@ubio': '2676628', '@uniprot': '4112'}",494831
Lycium schizocalyx,Lycium schizocalyx,ot_1003_Tr100305.nex,-,Lycium schizocalyx,Lycium schizocalyx,"{'@tb:identifier.taxon': 116741, '@tb:identifier.taxonVariant': 195093, '@ubio': '5960512', '@uniprot': '112881'}",913565
Solanum agrarium,Solanum agrarium,ot_1003_Tr100305.nex,-,Solanum agrarium,Solanum agrarium,"{'@tb:identifier.taxon': 27123, '@tb:identifier.taxonVariant': 63339, '@ubio': '3440605', '@uniprot': '282181'}",80983
Solanum oldfieldii,Solanum oldfieldii,ot_1003_Tr100305.nex,-,Solanum oldfieldii,Solanum oldfieldii,"{'@tb:identifier.taxon': 619584, '@tb:identifier.taxonVariant': 829663, '@ubio': '9109274'}",800989
Nicotiana palmeri,Nicotiana palmeri,ot_1003_Tr100305.nex,-,Nicotiana palmeri,Nicotiana palmeri,"{'@tb:identifier.taxon': 70736, '@tb:identifier.taxonVariant': 146879, '@ubio': '2771318', '@uniprot': '49453'}",882072
Anthotroche walcottii,Anthotroche walcottii,ot_1003_Tr100305.nex,-,Anthotroche walcottii,Anthotroche walcottii,"{'@tb:identifier.taxon': 1875, '@tb:identifier.taxonVariant': 4574, '@ubio': '5969246', '@uniprot': '195727'}",286568
Solanum ferocissimum,Solanum ferocissimum,ot_1003_Tr100305.nex,-,Solanum ferocissimum,Solanum ferocissimum,"{'@tb:identifier.taxon': 27179, '@tb:identifier.taxonVariant': 63458, '@ubio': '5970594', '@uniprot': '205551'}",261788
Lycium elongatum,Lycium elongatum,ot_1003_Tr100305.nex,-,Lycium elongatum,Lycium elongatum,"{'@tb:identifier.taxon': 116733, '@tb:identifier.taxonVariant': 195086, '@ubio': '5960509', '@uniprot': '112872'}",560949
Cyphanthera odgersii,Cyphanthera odgersii,ot_1003_Tr100305.nex,-,Cyphanthera odgersii,Cyphanthera odgersii,"{'@tb:identifier.taxon': 8151, '@tb:identifier.taxonVariant': 19615, '@ubio': '5969251', '@uniprot': '195734'}",810419
Solanum repandum,Solanum repandum,ot_1003_Tr100305.nex,-,Solanum repandum,Solanum repandum,"{'@tb:identifier.taxon': 27259, '@tb:identifier.taxonVariant': 63616, '@ubio': '5973116', '@uniprot': '227727'}",835543
Nicotiana trigonophylla,Nicotiana trigonophylla,ot_1003_Tr100305.nex,-,Nicotiana trigonophylla,Nicotiana trigonophylla,"{'@tb:identifier.taxon': 121196, '@tb:identifier.taxonVariant': 199004, '@ubio': '2771319', '@uniprot': '118711'}",210474
Physalis microphysa,Physalis microphysa,ot_1003_Tr100305.nex,-,Physalis microphysa,Physalis microphysa,"{'@tb:identifier.taxon': 22178, '@tb:identifier.taxonVariant': 51570, '@ubio': '3440327', '@uniprot': '304118'}",631588
Nierembergia tucumanensis,Nierembergia tucumanensis,ot_1003_Tr100305.nex,-,Nierembergia tucumanensis,Nierembergia tucumanensis,"{'@tb:identifier.taxon': 41292, '@tb:identifier.taxonVariant': 96250, '@ubio': '9224212', '@uniprot': '274388'}",898762
Nicotiana kawakamii,Nicotiana kawakamii,ot_1003_Tr100305.nex,-,Nicotiana kawakamii,Nicotiana kawakamii,"{'@tb:identifier.taxon': 76037, '@tb:identifier.taxonVariant': 153271, '@ubio': '5883738', '@uniprot': '57321'}",967554
Solanum quadrangulare,Solanum quadrangulare,ot_1003_Tr100305.nex,-,Solanum quadrangulare,Solanum quadrangulare,"{'@tb:identifier.taxon': 27255, '@tb:identifier.taxonVariant': 63610, '@ubio': '5970601', '@uniprot': '205575'}",158098
Lycium bosciifolium,Lycium bosciifolium,ot_1003_Tr100305.nex,-,Lycium bosciifolium,Lycium bosciifolium,"{'@tb:identifier.taxon': 301695, '@tb:identifier.taxonVariant': 350381, '@ubio': '9164427', '@uniprot': '343880'}",596960
Capsicum minutiflorum,Capsicum minutiflorum,ot_1003_Tr100305.nex,-,Capsicum minutiflorum,Capsicum minutiflorum,"{'@tb:identifier.taxon': 342842, '@tb:identifier.taxonVariant': 378910, '@ubio': '3439927', '@uniprot': '393143'}",914543
Solanum tuberosum,Solanum tuberosum,ot_1003_Tr100305.nex,-,Solanum tuberosum,Solanum tuberosum,"{'@tb:identifier.taxon': 27291, '@tb:identifier.taxonVariant': 63679, '@ubio': '2669400', '@uniprot': '4113'}",494835
Nolana cerrateana,Nolana cerrateana,ot_1003_Tr100305.nex,-,Nolana cerrateana,Nolana cerrateana,"{'@tb:identifier.taxon': 95026, '@tb:identifier.taxonVariant': 174197, '@ubio': '5957951', '@uniprot': '84176'}",849842
Physalis longifolia,Physalis longifolia,ot_1003_Tr100305.nex,-,Physalis longifolia,Physalis longifolia,"{'@tb:identifier.taxon': 22175, '@tb:identifier.taxonVariant': 51565, '@ubio': '2653668', '@uniprot': '161495'}",179319
Solanum subpanduratum,Solanum subpanduratum,ot_1003_Tr100305.nex,-,Solanum subpanduratum,Solanum subpanduratum,"{'@tb:identifier.taxon': 278975, '@tb:identifier.taxonVariant': 332739, '@ubio': '5864241', '@uniprot': '317834'}",1023765
Nolana clivicola,Nolana clivicola,ot_1003_Tr100305.nex,-,Nolana clivicola,Nolana clivicola,"{'@tb:identifier.taxon': 95027, '@tb:identifier.taxonVariant': 174198, '@ubio': '5957952', '@uniprot': '84177'}",849840
Solanum acutilobum,Solanum acutilobum,ot_1003_Tr100305.nex,-,Solanum acutilobum,Solanum acutilobum,"{'@tb:identifier.taxon': 604573, '@tb:identifier.taxonVariant': 806765, '@ubio': '9123410'}",888739
Solanum luteoalbum,Solanum luteoalbum,ot_1003_Tr100305.nex,-,Solanum luteoalbum,Solanum luteoalbum,"{'@tb:identifier.taxon': 27209, '@tb:identifier.taxonVariant': 63521, '@ubio': '3440599', '@uniprot': '52878'}",326631
Schultesianthus megalandrus,Schultesianthus megalandrus,ot_1003_Tr100305.nex,-,Schultesianthus megalandrus,Schultesianthus megalandrus,"{'@tb:identifier.taxon': 429039, '@tb:identifier.taxonVariant': 780671, '@ubio': '9169498', '@uniprot': '540832'}",960293
Nicotiana cordifolia,Nicotiana cordifolia,ot_1003_Tr100305.nex,-,Nicotiana cordifolia,Nicotiana cordifolia,"{'@tb:identifier.taxon': 138290, '@tb:identifier.taxonVariant': 214780, '@ubio': '5862038', '@uniprot': '140890'}",726473
Solanum chmielewskii,Solanum chmielewskii,ot_1003_Tr100305.nex,-,Solanum chmielewskii,Solanum chmielewskii,"{'@tb:identifier.taxon': 79799, '@tb:identifier.taxonVariant': 157629, '@ubio': '5884224', '@uniprot': '62889'}",360692
Solanum torvum,Solanum torvum,ot_1003_Tr100305.nex,-,Solanum torvum,Solanum torvum,"{'@tb:identifier.taxon': 632128, '@tb:identifier.taxonVariant': 847140, '@ubio': '457638', '@uniprot': '119830'}",1022523
Solanum spegazzinii,Solanum spegazzinii,ot_1003_Tr100305.nex,-,Solanum spegazzinii,Solanum spegazzinii,"{'@tb:identifier.taxon': 66171, '@tb:identifier.taxonVariant': 141256, '@ubio': '5862682', '@uniprot': '42755'}",963043
Physalis pumila,Physalis pumila,ot_1003_Tr100305.nex,-,Physalis pumila,Physalis pumila,"{'@tb:identifier.taxon': 22188, '@tb:identifier.taxonVariant': 51598, '@ubio': '2653672', '@uniprot': '304157'}",940385
Solanum reflexiflorum,Solanum reflexiflorum,ot_1003_Tr100305.nex,-,Solanum reflexiflorum,Solanum reflexiflorum,"{'@tb:identifier.taxon': 604568, '@tb:identifier.taxonVariant': 806760, '@ubio': '9134268'}",192046
Dyssochroma viridiflora,Dyssochroma viridiflora,ot_1003_Tr100305.nex,-,Dyssochroma viridiflora,Dyssochroma viridiflora,"{'@tb:identifier.taxon': 429013, '@tb:identifier.taxonVariant': 565206, '@ubio': '3410227', '@uniprot': '540802'}",434599
Capsicum chacoense,Capsicum chacoense,ot_1003_Tr100305.nex,-,Capsicum chacoense,Capsicum chacoense,"{'@tb:identifier.taxon': 4848, '@tb:identifier.taxonVariant': 11682, '@ubio': '5828472', '@uniprot': '107817'}",754480
Nierembergia aristata,Nierembergia aristata,ot_1003_Tr100305.nex,-,Nierembergia aristata,Nierembergia aristata,"{'@tb:identifier.taxon': 41308, '@tb:identifier.taxonVariant': 96284, '@ubio': '9196458', '@uniprot': '274371'}",474433
Lycium vimineum,Lycium vimineum,ot_1003_Tr100305.nex,-,Lycium vimineum,Lycium vimineum,"{'@tb:identifier.taxon': 301708, '@tb:identifier.taxonVariant': 350403, '@ubio': '5984651', '@uniprot': '343894'}",24219
Solanum acanthodapis,Solanum acanthodapis,ot_1003_Tr100305.nex,-,Solanum acanthodapis,Solanum acanthodapis,"{'@tb:identifier.taxon': 619549, '@tb:identifier.taxonVariant': 829628, '@ubio': '8400206'}",888741
Schwenckia lateriflora,Schwenckia lateriflora,ot_1003_Tr100305.nex,-,Schwenckia lateriflora,Schwenckia lateriflora,"{'@tb:identifier.taxon': 84469, '@tb:identifier.taxonVariant': 163088, '@ubio': '5956480', '@uniprot': '70015'}",432322
Solanum chilense,Solanum chilense,ot_1003_Tr100305.nex,-,Solanum chilense,Solanum chilense,"{'@tb:identifier.taxon': 632153, '@tb:identifier.taxonVariant': 847165, '@ubio': '9125549', '@uniprot': '4083'}",378983
Duboisia myoporoides,Duboisia myoporoides,ot_1003_Tr100305.nex,-,Duboisia myoporoides,Duboisia myoporoides,"{'@tb:identifier.taxon': 9639, '@tb:identifier.taxonVariant': 23046, '@ubio': '2669858', '@uniprot': '195737'}",810421
Exodeconus miersii,Exodeconus miersii,ot_1003_Tr100305.nex,-,Exodeconus miersii,Exodeconus miersii,"{'@tb:identifier.taxon': 11024, '@tb:identifier.taxonVariant': 26333, '@ubio': '5981845', '@uniprot': '310460'}",74546
Solanum herculeum,Solanum herculeum,ot_1003_Tr100305.nex,-,Solanum herculeum,Solanum herculeum,"{'@tb:identifier.taxon': 27188, '@tb:identifier.taxonVariant': 63470, '@ubio': '5960783', '@uniprot': '115659'}",664449
Lycianthes rzedowskii,Lycianthes rzedowskii,ot_1003_Tr100305.nex,-,Lycianthes rzedowskii,Lycianthes rzedowskii,"{'@tb:identifier.taxon': 342862, '@tb:identifier.taxonVariant': 378929, '@ubio': '9248374', '@uniprot': '393163'}",864346
Solanum lycopersicum,Solanum lycopersicum,ot_1003_Tr100305.nex,-,Solanum lycopersicum,Solanum lycopersicum,"{'@tb:identifier.taxon': 632152, '@tb:identifier.taxonVariant': 847164, '@ubio': '479052', '@uniprot': '4081'}",378964
Solanum davisense,Solanum davisense,ot_1003_Tr100305.nex,-,Solanum davisense,Solanum davisense,"{'@tb:identifier.taxon': 537254, '@tb:identifier.taxonVariant': 712701}",348204
Solanum acerifolium,Solanum acerifolium,ot_1003_Tr100305.nex,-,Solanum acerifolium,Solanum acerifolium,"{'@tb:identifier.taxon': 27116, '@tb:identifier.taxonVariant': 63324, '@ubio': '3440804', '@uniprot': '238980'}",835021
Cestrum guatemalense,Cestrum guatemalense,ot_1003_Tr100305.nex,-,Cestrum guatemalense,Cestrum guatemalense,"{'@tb:identifier.taxon': 36738, '@tb:identifier.taxonVariant': 85025, '@ubio': '9113334', '@uniprot': '385328'}",392656
Dunalia solanacea,Dunalia solanacea,ot_1003_Tr100305.nex,-,Dunalia solanacea,Dunalia solanacea,"{'@tb:identifier.taxon': 35213, '@tb:identifier.taxonVariant': 81610, '@ubio': '9116177', '@uniprot': '362347'}",448172
Goetzea elegans,Goetzea elegans,ot_1003_Tr100305.nex,-,Goetzea elegans,Goetzea elegans,"{'@tb:identifier.taxon': 84467, '@tb:identifier.taxonVariant': 163084, '@ubio': '2653702', '@uniprot': '70013'}",432314
Saracha quitensis,Saracha quitensis,ot_1003_Tr100305.nex,-,Saracha quitensis,Saracha quitensis,"{'@tb:identifier.taxon': 35191, '@tb:identifier.taxonVariant': 81537, '@ubio': '3440353', '@uniprot': '362378'}",1024745
Solanum lichtensteinii,Solanum lichtensteinii,ot_1003_Tr100305.nex,-,Solanum lichtensteinii,Solanum lichtensteinii,"{'@tb:identifier.taxon': 448170, '@tb:identifier.taxonVariant': 592626, '@ubio': '9165801', '@uniprot': '488919'}",671641
Cestrum pittieri,Cestrum pittieri,ot_1003_Tr100305.nex,-,Cestrum pittieri,Cestrum pittieri,"{'@tb:identifier.taxon': 408224, '@tb:identifier.taxonVariant': 409991, '@ubio': '9142842', '@uniprot': '481616'}",171403
Lycium exsertum,Lycium exsertum,ot_1003_Tr100305.nex,-,Lycium exsertum,Lycium exsertum,"{'@tb:identifier.taxon': 127950, '@tb:identifier.taxonVariant': 205498, '@ubio': '2653619', '@uniprot': '127634'}",650743
Nierembergia repens,Nierembergia repens,ot_1003_Tr100305.nex,-,Nierembergia repens,Nierembergia repens,"{'@tb:identifier.taxon': 41297, '@tb:identifier.taxonVariant': 96262, '@ubio': '5890805', '@uniprot': '274384'}",898773
Solanum myoxotrichum,Solanum myoxotrichum,ot_1003_Tr100305.nex,-,Solanum myoxotrichum,Solanum myoxotrichum,"{'@tb:identifier.taxon': 27226, '@tb:identifier.taxonVariant': 63556, '@ubio': '5983847', '@uniprot': '329789'}",691755
Solanum decompositiflorum,Solanum decompositiflorum,ot_1003_Tr100305.nex,-,Solanum decompositiflorum,Solanum decompositiflorum,"{'@tb:identifier.taxon': 604550, '@tb:identifier.taxonVariant': 806742, '@ubio': '9126777'}",939574
Browallia speciosa,Browallia speciosa,ot_1003_Tr100305.nex,-,Browallia speciosa,Browallia speciosa,"{'@tb:identifier.taxon': 205523, '@tb:identifier.taxonVariant': 274980, '@ubio': '1800173', '@uniprot': '225613'}",164827
Nierembergia spathulata,Nierembergia spathulata,ot_1003_Tr100305.nex,-,Nierembergia spathulata,Nierembergia spathulata,"{'@tb:identifier.taxon': 41293, '@tb:identifier.taxonVariant': 96253, '@ubio': '9120588', '@uniprot': '289841'}",662666
Capsicum tovarii,Capsicum tovarii,ot_1003_Tr100305.nex,-,Capsicum tovarii,Capsicum tovarii,"{'@tb:identifier.taxon': 157202, '@tb:identifier.taxonVariant': 232517, '@ubio': '5887965', '@uniprot': '165702'}",417662
Solanum hapalum,Solanum hapalum,ot_1003_Tr100305.nex,-,Solanum hapalum,Solanum hapalum,"{'@tb:identifier.taxon': 619568, '@tb:identifier.taxonVariant': 829647, '@ubio': '8399786'}",414050
Metternichia,Metternichia sp,ot_1003_Tr100305.nex,-,Metternichia sp,Metternichia,-,210695
Solanum cyaneopurpureum,Solanum cyaneopurpureum,ot_1003_Tr100305.nex,-,Solanum cyaneopurpureum,Solanum cyaneopurpureum,"{'@tb:identifier.taxon': 27166, '@tb:identifier.taxonVariant': 113548, '@ubio': '10275802', '@uniprot': '329771'}",14209
Brunfelsia uniflora,Brunfelsia uniflora,ot_1003_Tr100305.nex,-,Brunfelsia uniflora,Brunfelsia uniflora,"{'@tb:identifier.taxon': 339348, '@tb:identifier.taxonVariant': 376514, '@ubio': '2669853', '@uniprot': '389207'}",512973
Nierembergia scoparia,Nierembergia scoparia,ot_1003_Tr100305.nex,-,Nierembergia scoparia,Nierembergia scoparia,"{'@tb:identifier.taxon': 41294, '@tb:identifier.taxonVariant': 96254, '@ubio': '2668279', '@uniprot': '274387'}",898780
Solanum sandwicense,Solanum sandwicense,ot_1003_Tr100305.nex,-,Solanum sandwicense,Solanum sandwicense,"{'@tb:identifier.taxon': 27267, '@tb:identifier.taxonVariant': 63634, '@ubio': '2653574', '@uniprot': '205579'}",210924
Nolana acuminata,Nolana acuminata,ot_1003_Tr100305.nex,-,Nolana acuminata,Nolana acuminata,"{'@tb:identifier.taxon': 95019, '@tb:identifier.taxonVariant': 174190, '@ubio': '5845974', '@uniprot': '84169'}",275374
Solanum trisectum,Solanum trisectum,ot_1003_Tr100305.nex,-,Solanum trisectum,Solanum trisectum,"{'@tb:identifier.taxon': 19164, '@tb:identifier.taxonVariant': 63675, '@ubio': '5960782', '@uniprot': '115652'}",1026080
Solanum esuriale,Solanum esuriale,ot_1003_Tr100305.nex,-,Solanum esuriale,Solanum esuriale,"{'@tb:identifier.taxon': 349413, '@tb:identifier.taxonVariant': 382905, '@ubio': '9108643', '@uniprot': '400998'}",361009
Deprea psilophyta,Larnax psilophyta,ot_1003_Tr100305.nex,-,Larnax psilophyta,Deprea psilophyta,"{'@tb:identifier.taxon': 118762, '@tb:identifier.taxonVariant': 197112, '@ubio': '5960793', '@uniprot': '115736'}",903500
Sessea vestita,Sessea vestita,ot_1003_Tr100305.nex,-,Sessea vestita,Sessea vestita,"{'@tb:identifier.taxon': 36748, '@tb:identifier.taxonVariant': 85047, '@ubio': '9123127', '@uniprot': '385350'}",817455
Solanum quitoense,Solanum quitoense,ot_1003_Tr100305.nex,-,Solanum quitoense,Solanum quitoense,"{'@tb:identifier.taxon': 27256, '@tb:identifier.taxonVariant': 63612, '@ubio': '2653567', '@uniprot': '227725'}",835548
Nierembergia pinifolia,Nierembergia pinifolia,ot_1003_Tr100305.nex,-,Nierembergia pinifolia,Nierembergia pinifolia,"{'@tb:identifier.taxon': 41300, '@tb:identifier.taxonVariant': 96269, '@ubio': '9223035', '@uniprot': '274380'}",898766
Lycium tetrandrum,Lycium tetrandrum,ot_1003_Tr100305.nex,-,Lycium tetrandrum,Lycium tetrandrum,"{'@tb:identifier.taxon': 149243, '@tb:identifier.taxonVariant': 225056, '@ubio': '5992279', '@uniprot': '155084'}",814854
Solanum asperolanatum,Solanum asperolanatum,ot_1003_Tr100305.nex,-,Solanum asperolanatum,Solanum asperolanatum,"{'@tb:identifier.taxon': 604579, '@tb:identifier.taxonVariant': 806771, '@ubio': '9124204'}",364020
Solanum americanum,Solanum americanum,ot_1003_Tr100305.nex,-,Solanum americanum,Solanum americanum,"{'@tb:identifier.taxon': 114559, '@tb:identifier.taxonVariant': 192880, '@ubio': '2676626', '@uniprot': '109975'}",756802
Solanum melanospermum,Solanum melanospermum,ot_1003_Tr100305.nex,-,Solanum melanospermum,Solanum melanospermum,"{'@tb:identifier.taxon': 34287, '@tb:identifier.taxonVariant': 79154, '@ubio': '9225419', '@uniprot': '368036'}",518423
Physalis arborescens,Physalis arborescens,ot_1003_Tr100305.nex,-,Physalis arborescens,Physalis arborescens,"{'@tb:identifier.taxon': 22156, '@tb:identifier.taxonVariant': 51519, '@ubio': '5981234', '@uniprot': '304126'}",264836
Solanum fiebrigii,Solanum fiebrigii,ot_1003_Tr100305.nex,-,Solanum fiebrigii,Solanum fiebrigii,"{'@tb:identifier.taxon': 27180, '@tb:identifier.taxonVariant': 63459, '@ubio': '5970595', '@uniprot': '205552'}",261794
Solanum heteropodium,Solanum heteropodium,ot_1003_Tr100305.nex,-,Solanum heteropodium,Solanum heteropodium,"{'@tb:identifier.taxon': 34291, '@tb:identifier.taxonVariant': 79161, '@ubio': '9235766', '@uniprot': '368032'}",518432
Solanum oxycarpum,Solanum oxycarpum,ot_1003_Tr100305.nex,-,Solanum oxycarpum,Solanum oxycarpum,"{'@tb:identifier.taxon': 278972, '@tb:identifier.taxonVariant': 332733, '@ubio': '1801136', '@uniprot': '317831'}",1023760
Goetzea ekmanii,Goetzea ekmanii,ot_1003_Tr100305.nex,-,Goetzea ekmanii,Goetzea ekmanii,"{'@tb:identifier.taxon': 205528, '@tb:identifier.taxonVariant': 274985, '@ubio': '3439687', '@uniprot': '225621'}",910866
Solanum guerreroense,Solanum guerreroense,ot_1003_Tr100305.nex,-,Solanum guerreroense,Solanum guerreroense,"{'@tb:identifier.taxon': 278963, '@tb:identifier.taxonVariant': 332717, '@ubio': '5861965', '@uniprot': '317822'}",447378
Solanum okadae,Solanum okadae,ot_1003_Tr100305.nex,-,Solanum okadae,Solanum okadae,"{'@tb:identifier.taxon': 87050, '@tb:identifier.taxonVariant': 165815, '@ubio': '5864249', '@uniprot': '73575'}",887243
Lycianthes denticulata,Lycianthes denticulata,ot_1003_Tr100305.nex,-,Lycianthes denticulata,Lycianthes denticulata,"{'@tb:identifier.taxon': 342847, '@tb:identifier.taxonVariant': 378914, '@ubio': '8730206', '@uniprot': '393148'}",914558
Solanum polytrichum,Solanum polytrichum,ot_1003_Tr100305.nex,-,Solanum polytrichum,Solanum polytrichum,"{'@tb:identifier.taxon': 604575, '@tb:identifier.taxonVariant': 806767, '@ubio': '3440453'}",801122
Solanum lanceolatum,Solanum lanceolatum,ot_1003_Tr100305.nex,-,Solanum lanceolatum,Solanum lanceolatum,"{'@tb:identifier.taxon': 27204, '@tb:identifier.taxonVariant': 63508, '@ubio': '2653536', '@uniprot': '329782'}",691773
Solanum tundalomense,Solanum tundalomense,ot_1003_Tr100305.nex,-,Solanum tundalomense,Solanum tundalomense,"{'@tb:identifier.taxon': 278976, '@tb:identifier.taxonVariant': 332741, '@ubio': '5873723', '@uniprot': '317835'}",1023767
Solanum multivenosum,Solanum multivenosum,ot_1003_Tr100305.nex,-,Solanum multivenosum,Solanum multivenosum,"{'@tb:identifier.taxon': 570040, '@tb:identifier.taxonVariant': 790063, '@ubio': '9180733'}",503664
Lycianthes rantonnei,Lycianthes rantonnei,ot_1003_Tr100305.nex,-,Lycianthes rantonnei,Lycianthes rantonnei,"{'@tb:identifier.taxon': 16492, '@tb:identifier.taxonVariant': 38658, '@ubio': '5899133', '@uniprot': '148306'}",988462
Cestrum fulvescens,Cestrum fulvescens,ot_1003_Tr100305.nex,-,Cestrum fulvescens,Cestrum fulvescens,"{'@tb:identifier.taxon': 36740, '@tb:identifier.taxonVariant': 85031, '@ubio': '9142460', '@uniprot': '385326'}",392641
Petunia altiplana,Petunia altiplana,ot_1003_Tr100305.nex,-,Petunia altiplana,Petunia altiplana,"{'@tb:identifier.taxon': 283618, '@tb:identifier.taxonVariant': 336729, '@ubio': '5912960', '@uniprot': '323106'}",973025
Solanum cerasiferum,Solanum cerasiferum,ot_1003_Tr100305.nex,-,Solanum cerasiferum,Solanum cerasiferum,"{'@tb:identifier.taxon': 546233, '@tb:identifier.taxonVariant': 724380, '@ubio': '9211295', '@uniprot': '666133'}",331177
Quincula lobata,Quincula lobata,ot_1003_Tr100305.nex,-,Quincula lobata,Quincula lobata,"{'@tb:identifier.taxon': 24722, '@tb:identifier.taxonVariant': 57909, '@ubio': '2668956', '@uniprot': '304123'}",264846
Capsicum ceratocalyx,Capsicum ceratocalyx,ot_1003_Tr100305.nex,-,Capsicum ceratocalyx,Capsicum ceratocalyx,"{'@tb:identifier.taxon': 343144, '@tb:identifier.taxonVariant': 503631}",632487
Nolana flaccida,Nolana flaccida,ot_1003_Tr100305.nex,-,Nolana flaccida,Nolana flaccida,"{'@tb:identifier.taxon': 95034, '@tb:identifier.taxonVariant': 174205, '@ubio': '5957958', '@uniprot': '84184'}",707410
Jaltomata sinuosa,Jaltomata sinuosa,ot_1003_Tr100305.nex,-,Jaltomata sinuosa,Jaltomata sinuosa,"{'@tb:identifier.taxon': 14828, '@tb:identifier.taxonVariant': 34853, '@ubio': '3440131', '@uniprot': '205521'}",886487
Atropa belladonna,Atropa belladonna,ot_1003_Tr100305.nex,-,Atropa belladonna,Atropa belladonna,"{'@tb:identifier.taxon': 2897, '@tb:identifier.taxonVariant': 6973, '@ubio': '1671821', '@uniprot': '33113'}",232448
Heteranthia decipiens,Heteranthia decipiens,ot_1003_Tr100305.nex,-,Heteranthia decipiens,Heteranthia decipiens,"{'@tb:identifier.taxon': 619540, '@tb:identifier.taxonVariant': 829616, '@ubio': '9263601'}",5518140
Solanum carolinense,Solanum carolinense,ot_1003_Tr100305.nex,-,Solanum carolinense,Solanum carolinense,"{'@tb:identifier.taxon': 27150, '@tb:identifier.taxonVariant': 63395, '@ubio': '2653515', '@uniprot': '50511'}",390164
Solanum robustum,Solanum robustum,ot_1003_Tr100305.nex,-,Solanum robustum,Solanum robustum,"{'@tb:identifier.taxon': 27263, '@tb:identifier.taxonVariant': 63621, '@ubio': '2669399', '@uniprot': '238982'}",835017
Capsicum pereirae,Capsicum pereirae,ot_1003_Tr100305.nex,-,Capsicum pereirae,Capsicum pereirae,"{'@tb:identifier.taxon': 397348, '@tb:identifier.taxonVariant': 406667, '@ubio': '10803223', '@uniprot': '462290'}",445182
Datura laevis,Datura laevis,ot_1003_Tr100305.nex,-,Datura laevis,Datura laevis,"{'@tb:identifier.taxon': 619538, '@tb:identifier.taxonVariant': 829614, '@ubio': '9191548'}",644769
Physalis cinerascens,Physalis cinerascens,ot_1003_Tr100305.nex,-,Physalis cinerascens,Physalis cinerascens,"{'@tb:identifier.taxon': 22162, '@tb:identifier.taxonVariant': 51533, '@ubio': '2668640', '@uniprot': '86544'}",950667
Nectouxia formosa,Nectouxia formosa,ot_1003_Tr100305.nex,-,Nectouxia formosa,Nectouxia formosa,"{'@tb:identifier.taxon': 429026, '@tb:identifier.taxonVariant': 565237, '@ubio': '2653635', '@uniprot': '540820'}",383975
Solanum diphyllum,Solanum diphyllum,ot_1003_Tr100305.nex,-,Solanum diphyllum,Solanum diphyllum,"{'@tb:identifier.taxon': 562417, '@tb:identifier.taxonVariant': 744846, '@ubio': '2653524', '@uniprot': '693386'}",814379
Solanum tudununggae,Solanum tudununggae,ot_1003_Tr100305.nex,-,Solanum tudununggae,Solanum tudununggae,"{'@tb:identifier.taxon': 34298, '@tb:identifier.taxonVariant': 79176, '@ubio': '9236000', '@uniprot': '368041'}",99737
Anthocercis racemosa,Anthocercis racemosa,ot_1003_Tr100305.nex,-,Anthocercis racemosa,Anthocercis racemosa,"{'@tb:identifier.taxon': 8152, '@tb:identifier.taxonVariant': 113197, '@ubio': '5969315', '@uniprot': '196373'}",464124
Lycium eenii,Lycium eenii,ot_1003_Tr100305.nex,-,Lycium eenii,Lycium eenii,"{'@tb:identifier.taxon': 362375, '@tb:identifier.taxonVariant': 390403, '@ubio': '9164844', '@uniprot': '416529'}",660402
Nicotiana suaveolens,Nicotiana suaveolens,ot_1003_Tr100305.nex,-,Nicotiana suaveolens,Nicotiana suaveolens,"{'@tb:identifier.taxon': 184590, '@tb:identifier.taxonVariant': 257219, '@ubio': '2668277', '@uniprot': '200320'}",806473
Nolana balsamiflua,Nolana balsamiflua,ot_1003_Tr100305.nex,-,Nolana balsamiflua,Nolana balsamiflua,"{'@tb:identifier.taxon': 395094, '@tb:identifier.taxonVariant': 405826, '@ubio': '10803591', '@uniprot': '459190'}",705980
Lycium cestroides,Lycium cestroides,ot_1003_Tr100305.nex,-,Lycium cestroides,Lycium cestroides,"{'@tb:identifier.taxon': 16493, '@tb:identifier.taxonVariant': 38661, '@ubio': '5843322', '@uniprot': '33116'}",232465
Solanum ursinum,Solanum ursinum,ot_1003_Tr100305.nex,-,Solanum ursinum,Solanum ursinum,"{'@tb:identifier.taxon': 604558, '@tb:identifier.taxonVariant': 806750, '@ubio': '3440872'}",715553
Physalis angulata,Physalis angulata,ot_1003_Tr100305.nex,-,Physalis angulata,Physalis angulata,"{'@tb:identifier.taxon': 22153, '@tb:identifier.taxonVariant': 51515, '@ubio': '2653659', '@uniprot': '113208'}",12537
Solanum hibernum,Solanum hibernum,ot_1003_Tr100305.nex,-,Solanum hibernum,Solanum hibernum,"{'@tb:identifier.taxon': 40230, '@tb:identifier.taxonVariant': 93382, '@ubio': '3440591', '@uniprot': '265402'}",1035637
Solanum nakurense,Solanum nakurense,ot_1003_Tr100305.nex,-,Solanum nakurense,Solanum nakurense,"{'@tb:identifier.taxon': 619583, '@tb:identifier.taxonVariant': 829662, '@ubio': '9239497'}",3870192
Solanum crinitipes,Solanum crinitipes,ot_1003_Tr100305.nex,-,Solanum crinitipes,Solanum crinitipes,"{'@tb:identifier.taxon': 27162, '@tb:identifier.taxonVariant': 63423, '@ubio': '3440814', '@uniprot': '205543'}",836451
Lycium cinereum,Lycium cinereum,ot_1003_Tr100305.nex,-,Lycium cinereum,Lycium cinereum,"{'@tb:identifier.taxon': 116732, '@tb:identifier.taxonVariant': 195085, '@ubio': '5960508', '@uniprot': '112871'}",560951
Solanum neorickii,Solanum neorickii,ot_1003_Tr100305.nex,-,Solanum neorickii,Solanum neorickii,"{'@tb:identifier.taxon': 79801, '@tb:identifier.taxonVariant': 157635, '@ubio': '8499053', '@uniprot': '62891'}",885270
Solanum acroscopicum,Solanum acroscopicum,ot_1003_Tr100305.nex,-,Solanum acroscopicum,Solanum acroscopicum,"{'@tb:identifier.taxon': 278956, '@tb:identifier.taxonVariant': 332704, '@ubio': '5861931', '@uniprot': '317815'}",973479
Calibrachoa sellowiana,Calibrachoa sellowiana,ot_1003_Tr100305.nex,-,Calibrachoa sellowiana,Calibrachoa sellowiana,"{'@tb:identifier.taxon': 283624, '@tb:identifier.taxonVariant': 336735, '@ubio': '5913013', '@uniprot': '323112'}",446926
Solanum simile,Solanum simile,ot_1003_Tr100305.nex,-,Solanum simile,Solanum simile,"{'@tb:identifier.taxon': 570037, '@tb:identifier.taxonVariant': 790060, '@ubio': '9109706'}",503654
Iochroma salpoanum,Iochroma salpoanum,ot_1003_Tr100305.nex,-,Iochroma salpoanum,Iochroma salpoanum,"{'@tb:identifier.taxon': 35198, '@tb:identifier.taxonVariant': 81556, '@ubio': '8948656', '@uniprot': '362366'}",498951
Solanum terminale,Solanum terminale,ot_1003_Tr100305.nex,-,Solanum terminale,Solanum terminale,"{'@tb:identifier.taxon': 27280, '@tb:identifier.taxonVariant': 63660, '@ubio': '3440900', '@uniprot': '205584'}",459489
Iochroma stenanthum,Iochroma stenanthum,ot_1003_Tr100305.nex,-,Iochroma stenanthum,Iochroma stenanthum,"{'@tb:identifier.taxon': 35196, '@tb:identifier.taxonVariant': 81552, '@ubio': '8427436', '@uniprot': '362373'}",655926
Solanum circaeifolium,Solanum circaeifolium,ot_1003_Tr100305.nex,-,Solanum circaeifolium,Solanum circaeifolium,"{'@tb:identifier.taxon': 62937, '@tb:identifier.taxonVariant': 416479, '@ubio': '3440836', '@uniprot': '37935'}",888591
Solanum pascoense,Solanum pascoense,ot_1003_Tr100305.nex,-,Solanum pascoense,Solanum pascoense,"{'@tb:identifier.taxon': 276757, '@tb:identifier.taxonVariant': 330636, '@ubio': '5862815', '@uniprot': '315343'}",775002
Deprea bitteriana,Deprea bitteriana,ot_1003_Tr100305.nex,-,Deprea bitteriana,Deprea bitteriana,"{'@tb:identifier.taxon': 118752, '@tb:identifier.taxonVariant': 197104, '@ubio': '5960785', '@uniprot': '115726'}",378372
Nolana aticoana,Nolana aticoana,ot_1003_Tr100305.nex,-,Nolana aticoana,Nolana aticoana,"{'@tb:identifier.taxon': 95024, '@tb:identifier.taxonVariant': 174195, '@ubio': '5957949', '@uniprot': '84174'}",696716
Iochroma grandiflorum,Iochroma grandiflorum,ot_1003_Tr100305.nex,-,Iochroma grandiflorum,Iochroma grandiflorum,"{'@tb:identifier.taxon': 35203, '@tb:identifier.taxonVariant': 81573, '@ubio': '5840083', '@uniprot': '362361'}",498949
Nierembergia veitchii,Nierembergia veitchii,ot_1003_Tr100305.nex,-,Nierembergia veitchii,Nierembergia veitchii,"{'@tb:identifier.taxon': 41291, '@tb:identifier.taxonVariant': 96249, '@ubio': '5890655', '@uniprot': '274389'}",898764
Solanum guineense,Solanum guineense,ot_1003_Tr100305.nex,-,Solanum guineense,Solanum guineense,"{'@tb:identifier.taxon': 619566, '@tb:identifier.taxonVariant': 829645, '@ubio': '5863103'}",5521816
Schizanthus tricolor,Schizanthus tricolor,ot_1003_Tr100305.nex,-,Schizanthus tricolor,Schizanthus tricolor,"{'@tb:identifier.taxon': 315572, '@tb:identifier.taxonVariant': 360799, '@ubio': '5985528', '@uniprot': '360636'}",668605
Deprea peruviana,Larnax peruviana,ot_1003_Tr100305.nex,-,Larnax peruviana,Deprea peruviana,"{'@tb:identifier.taxon': 118761, '@tb:identifier.taxonVariant': 197111, '@ubio': '5960792', '@uniprot': '115735'}",1025232
Physalis alkekengi,Physalis alkekengi,ot_1003_Tr100305.nex,-,Physalis alkekengi,Physalis alkekengi,"{'@tb:identifier.taxon': 22152, '@tb:identifier.taxonVariant': 51513, '@ubio': '2653658', '@uniprot': '33120'}",925265
Solanum kurtzianum,Solanum kurtzianum,ot_1003_Tr100305.nex,-,Solanum kurtzianum,Solanum kurtzianum,"{'@tb:identifier.taxon': 182781, '@tb:identifier.taxonVariant': 255633, '@ubio': '5845894', '@uniprot': '198039'}",682709
Nicotiana repanda,Nicotiana repanda,ot_1003_Tr100305.nex,-,Nicotiana repanda,Nicotiana repanda,"{'@tb:identifier.taxon': 89038, '@tb:identifier.taxonVariant': 167946, '@ubio': '2653640', '@uniprot': '76336'}",907842
Solandra grandiflora,Solandra grandiflora,ot_1003_Tr100305.nex,-,Solandra grandiflora,Solandra grandiflora,"{'@tb:identifier.taxon': 59767, '@tb:identifier.taxonVariant': 132893, '@ubio': '2653704', '@uniprot': '33123'}",704910
Brachistus stramoniifolius,Brachistus stramoniifolius,ot_1003_Tr100305.nex,-,Brachistus stramoniifolius,Brachistus stramoniifolius,"{'@tb:identifier.taxon': 619536, '@tb:identifier.taxonVariant': 829612, '@ubio': '3439880'}",245258
Browallia eludens,Browallia eludens,ot_1003_Tr100305.nex,-,Browallia eludens,Browallia eludens,"{'@tb:identifier.taxon': 429006, '@tb:identifier.taxonVariant': 565195, '@ubio': '2671816', '@uniprot': '540793'}",445279
Nolana gayana,Nolana gayana,ot_1003_Tr100305.nex,-,Nolana gayana,Nolana gayana,"{'@tb:identifier.taxon': 95036, '@tb:identifier.taxonVariant': 174207, '@ubio': '5957960', '@uniprot': '84186'}",325317
Capsicum hunzikerianum,Capsicum hunzikerianum,ot_1003_Tr100305.nex,-,Capsicum hunzikerianum,Capsicum hunzikerianum,"{'@tb:identifier.taxon': 397346, '@tb:identifier.taxonVariant': 406664, '@ubio': '10803214', '@uniprot': '462288'}",1021778
Solanum petrophilum,Solanum petrophilum,ot_1003_Tr100305.nex,-,Solanum petrophilum,Solanum petrophilum,"{'@tb:identifier.taxon': 27241, '@tb:identifier.taxonVariant': 63585, '@ubio': '3440555', '@uniprot': '4116'}",494823
Solanum ptychanthum,Solanum ptychanthum,ot_1003_Tr100305.nex,-,Solanum ptychanthum,Solanum ptychanthum,"{'@tb:identifier.taxon': 27251, '@tb:identifier.taxonVariant': 63603, '@ubio': '2669398', '@uniprot': '45838'}",121202
Solanum laxum,Solanum laxum,ot_1003_Tr100305.nex,-,Solanum laxum,Solanum laxum,"{'@tb:identifier.taxon': 27200, '@tb:identifier.taxonVariant': 113549, '@ubio': '5888336', '@uniprot': '205558'}",261784
Nolana plicata,Nolana plicata,ot_1003_Tr100305.nex,-,Nolana plicata,Nolana plicata,"{'@tb:identifier.taxon': 395103, '@tb:identifier.taxonVariant': 405837, '@ubio': '9381355', '@uniprot': '459199'}",705994
Lycianthes glandulosa,Lycianthes glandulosa,ot_1003_Tr100305.nex,-,Lycianthes glandulosa,Lycianthes glandulosa,"{'@tb:identifier.taxon': 16490, '@tb:identifier.taxonVariant': 38655, '@ubio': '5965689', '@uniprot': '165703'}",417660
Capsicum chinense,Capsicum chinense,ot_1003_Tr100305.nex,-,Capsicum chinense,Capsicum chinense,"{'@tb:identifier.taxon': 92140, '@tb:identifier.taxonVariant': 171041, '@ubio': '2653580', '@uniprot': '80379'}",216347
Solanum pluviale,Solanum pluviale,ot_1003_Tr100305.nex,-,Solanum pluviale,Solanum pluviale,"{'@tb:identifier.taxon': 604571, '@tb:identifier.taxonVariant': 806763, '@ubio': '9133461'}",766367
Nicotiana plumbaginifolia,Nicotiana plumbaginifolia,ot_1003_Tr100305.nex,-,Nicotiana plumbaginifolia,Nicotiana plumbaginifolia,"{'@tb:identifier.taxon': 50905, '@tb:identifier.taxonVariant': 120500, '@ubio': '2653639', '@uniprot': '4092'}",229263
Nicotiana maritima,Nicotiana maritima,ot_1003_Tr100305.nex,-,Nicotiana maritima,Nicotiana maritima,"{'@tb:identifier.taxon': 184579, '@tb:identifier.taxonVariant': 257209, '@ubio': '5845892', '@uniprot': '200308'}",755393
Lycianthes acutifolia,Lycianthes acutifolia,ot_1003_Tr100305.nex,-,Lycianthes acutifolia,Lycianthes acutifolia,"{'@tb:identifier.taxon': 342844, '@tb:identifier.taxonVariant': 378912, '@ubio': '9117417', '@uniprot': '393145'}",914556
Lycianthes radiata,Lycianthes radiata,ot_1003_Tr100305.nex,-,Lycianthes radiata,Lycianthes radiata,"{'@tb:identifier.taxon': 342861, '@tb:identifier.taxonVariant': 378928, '@ubio': '3440159', '@uniprot': '393162'}",864344
Solanum juglandifolium,Solanum juglandifolium,ot_1003_Tr100305.nex,-,Solanum juglandifolium,Solanum juglandifolium,"{'@tb:identifier.taxon': 632156, '@tb:identifier.taxonVariant': 847168, '@ubio': '5860515', '@uniprot': '205559'}",261782
Capsicum geminifolium,Capsicum geminifolium,ot_1003_Tr100305.nex,-,Capsicum geminifolium,Capsicum geminifolium,"{'@tb:identifier.taxon': 342841, '@tb:identifier.taxonVariant': 378909, '@ubio': '5891493', '@uniprot': '393142'}",914541
Solanum ternatum,Solanum ternatum,ot_1003_Tr100305.nex,-,Solanum ternatum,Solanum ternatum,"{'@tb:identifier.taxon': 564526, '@tb:identifier.taxonVariant': 785379, '@ubio': '3440553', '@uniprot': '0'}",845598
Solanum infundibuliforme,Solanum infundibuliforme,ot_1003_Tr100305.nex,-,Solanum infundibuliforme,Solanum infundibuliforme,"{'@tb:identifier.taxon': 632163, '@tb:identifier.taxonVariant': 847175, '@ubio': '5862031', '@uniprot': '315340'}",775004
Nicotiana digluta,Nicotiana digluta,ot_1003_Tr100305.nex,-,Nicotiana digluta,Nicotiana digluta,"{'@tb:identifier.taxon': 184592, '@tb:identifier.taxonVariant': 257221, '@ubio': '5970018', '@uniprot': '200322'}",5145461
Solanum chrysotrichum,Solanum chrysotrichum,ot_1003_Tr100305.nex,-,Solanum chrysotrichum,Solanum chrysotrichum,"{'@tb:identifier.taxon': 604556, '@tb:identifier.taxonVariant': 806748, '@ubio': '5888333'}",939579
Bouchetia anomala,Bouchetia anomala,ot_1003_Tr100305.nex,-,Bouchetia anomala,Bouchetia anomala,"{'@tb:identifier.taxon': 41313, '@tb:identifier.taxonVariant': 96300, '@ubio': '9196561', '@uniprot': '274391'}",324480
Solanum leopoldense,Solanum leopoldense,ot_1003_Tr100305.nex,-,Solanum leopoldense,Solanum leopoldense,"{'@tb:identifier.taxon': 34288, '@tb:identifier.taxonVariant': 113703, '@ubio': '10300333', '@uniprot': '368035'}",518420
Datura ferox,Datura ferox,ot_1003_Tr100305.nex,-,Datura ferox,Datura ferox,"{'@tb:identifier.taxon': 159719, '@tb:identifier.taxonVariant': 234940, '@ubio': '2771310', '@uniprot': '169103'}",449193
Iochroma cyaneum,Iochroma cyaneum,ot_1003_Tr100305.nex,-,Iochroma cyaneum,Iochroma cyaneum,"{'@tb:identifier.taxon': 35206, '@tb:identifier.taxonVariant': 81581, '@ubio': '3440119', '@uniprot': '362357'}",974496
Anthocercis angustifolia,Anthocercis angustifolia,ot_1003_Tr100305.nex,-,Anthocercis angustifolia,Anthocercis angustifolia,"{'@tb:identifier.taxon': 1852, '@tb:identifier.taxonVariant': 4532, '@ubio': '5969238', '@uniprot': '195717'}",759266
Solanum hougasii,Solanum hougasii,ot_1003_Tr100305.nex,-,Solanum hougasii,Solanum hougasii,"{'@tb:identifier.taxon': 276754, '@tb:identifier.taxonVariant': 330630, '@ubio': '5862676', '@uniprot': '315339'}",46924
Solanum monachophyllum,Solanum monachophyllum,ot_1003_Tr100305.nex,-,Solanum monachophyllum,Solanum monachophyllum,"{'@tb:identifier.taxon': 604536, '@tb:identifier.taxonVariant': 806728, '@ubio': '9183836'}",464552
Solanum pendulum,Solanum pendulum,ot_1003_Tr100305.nex,-,Solanum pendulum,Solanum pendulum,"{'@tb:identifier.taxon': 40206, '@tb:identifier.taxonVariant': 93330, '@ubio': '3440502', '@uniprot': '265408'}",684874
Hyoscyamus muticus,Hyoscyamus muticus,ot_1003_Tr100305.nex,-,Hyoscyamus muticus,Hyoscyamus muticus,"{'@tb:identifier.taxon': 61338, '@tb:identifier.taxonVariant': 135070, '@ubio': '2669888', '@uniprot': '35626'}",689845
Solanum coactiliferum,Solanum coactiliferum,ot_1003_Tr100305.nex,-,Solanum coactiliferum,Solanum coactiliferum,"{'@tb:identifier.taxon': 349407, '@tb:identifier.taxonVariant': 382897, '@ubio': '9108333', '@uniprot': '400992'}",361005
Solanum nemorense,Solanum nemorense,ot_1003_Tr100305.nex,-,Solanum nemorense,Solanum nemorense,"{'@tb:identifier.taxon': 27229, '@tb:identifier.taxonVariant': 63561, '@ubio': '3440471', '@uniprot': '205568'}",785128
Schizanthus pinnatus,Schizanthus pinnatus,ot_1003_Tr100305.nex,-,Schizanthus pinnatus,Schizanthus pinnatus,"{'@tb:identifier.taxon': 26359, '@tb:identifier.taxonVariant': 61606, '@ubio': '2653684', '@uniprot': '33122'}",704904
Solanum aculeatissimum,Solanum aculeatissimum,ot_1003_Tr100305.nex,-,Solanum aculeatissimum,Solanum aculeatissimum,"{'@tb:identifier.taxon': 27118, '@tb:identifier.taxonVariant': 63327, '@ubio': '2771297', '@uniprot': '267265'}",217959
Solanum allophyllum,Solanum allophyllum,ot_1003_Tr100305.nex,-,Solanum allophyllum,Solanum allophyllum,"{'@tb:identifier.taxon': 27125, '@tb:identifier.taxonVariant': 63344, '@ubio': '3440666', '@uniprot': '45832'}",121209
Deprea paneroi,Deprea paneroi,ot_1003_Tr100305.nex,-,Deprea paneroi,Deprea paneroi,"{'@tb:identifier.taxon': 118754, '@tb:identifier.taxonVariant': 427921, '@ubio': '5960786', '@uniprot': '115728'}",378368
Jaltomata andersonii,Jaltomata andersonii,ot_1003_Tr100305.nex,-,Jaltomata andersonii,Jaltomata andersonii,"{'@tb:identifier.taxon': 570327, '@tb:identifier.taxonVariant': 790631, '@ubio': '9272105'}",482488
Solanum sitiens,Solanum sitiens,ot_1003_Tr100305.nex,-,Solanum sitiens,Solanum sitiens,"{'@tb:identifier.taxon': 632172, '@tb:identifier.taxonVariant': 847184, '@ubio': '5873726', '@uniprot': '315349'}",250453
Lycium minutifolium,Lycium minutifolium,ot_1003_Tr100305.nex,-,Lycium minutifolium,Lycium minutifolium,"{'@tb:identifier.taxon': 362382, '@tb:identifier.taxonVariant': 390413, '@ubio': '9119181', '@uniprot': '416536'}",86076
Hyoscyamus albus,Hyoscyamus albus,ot_1003_Tr100305.nex,-,Hyoscyamus albus,Hyoscyamus albus,"{'@tb:identifier.taxon': 14045, '@tb:identifier.taxonVariant': 33099, '@ubio': '2667570', '@uniprot': '310458'}",648295
Schizanthus candidus,Schizanthus candidus,ot_1003_Tr100305.nex,-,Schizanthus candidus,Schizanthus candidus,"{'@tb:identifier.taxon': 315563, '@tb:identifier.taxonVariant': 360781, '@ubio': '5985520', '@uniprot': '360627'}",94217
Solanum bukasovii,Solanum bukasovii,ot_1003_Tr100305.nex,-,Solanum bukasovii,Solanum bukasovii,"{'@tb:identifier.taxon': 162013, '@tb:identifier.taxonVariant': 237020, '@ubio': '5862381', '@uniprot': '172263'}",218605
Solanum caripense,Solanum caripense,ot_1003_Tr100305.nex,-,Solanum caripense,Solanum caripense,"{'@tb:identifier.taxon': 632181, '@tb:identifier.taxonVariant': 847193, '@ubio': '5862469', '@uniprot': '205537'}",311864
Lycianthes lysimachioides,Lycianthes lysimachioides,ot_1003_Tr100305.nex,-,Lycianthes lysimachioides,Lycianthes lysimachioides,"{'@tb:identifier.taxon': 342853, '@tb:identifier.taxonVariant': 378920, '@ubio': '9180351', '@uniprot': '393154'}",742554
