scientificName,phyloTreeTipLabel,phyloTreeFileName,^ot:taxonLink,^ot:ottTaxonName,^ot:ottId,^skos:prefLabel,^ot:originalLabel
Nicotiana rosulata,Nicotiana rosulata,ot_1003_Tr100305.nex,"{'@tb:identifier.taxon': 184580, '@tb:identifier.taxonVariant': 257210, '@ubio': '5845909', '@uniprot': '200309'}",Nicotiana rosulata,755391,-,Nicotiana rosulata
Solanum thelopodium,Solanum thelopodium,ot_1003_Tr100305.nex,"{'@tb:identifier.taxon': 632129, '@tb:identifier.taxonVariant': 847141, '@ubio': '1801103', '@uniprot': '205585'}",Solanum thelopodium,4045,-,Solanum thelopodium
Nicotiana goodspeedii,Nicotiana goodspeedii,ot_1003_Tr100305.nex,"{'@tb:identifier.taxon': 184576, '@tb:identifier.taxonVariant': 257206, '@ubio': '5845882', '@uniprot': '200305'}",Nicotiana goodspeedii,755411,-,Nicotiana goodspeedii
Nolana sedifolia,Nolana sedifolia,ot_1003_Tr100305.nex,"{'@tb:identifier.taxon': 95050, '@tb:identifier.taxonVariant': 174221, '@ubio': '5957969', '@uniprot': '84200'}",Nolana sedifolia,956764,-,Nolana sedifolia
Nothocestrum latifolium,Nothocestrum latifolium,ot_1003_Tr100305.nex,"{'@tb:identifier.taxon': 429029, '@tb:identifier.taxonVariant': 565240, '@ubio': '2653687', '@uniprot': '540822'}",Nothocestrum latifolium,383971,-,Nothocestrum latifolium
Chamaesaracha sordida,Chamaesaracha sordida,ot_1003_Tr100305.nex,"{'@tb:identifier.taxon': 5692, '@tb:identifier.taxonVariant': 13795, '@ubio': '2653596', '@uniprot': '304121'}",Chamaesaracha sordida,264841,-,Chamaesaracha sordida
Lycianthes shanesii,Lycianthes shanesii,ot_1003_Tr100305.nex,"{'@tb:identifier.taxon': 168563, '@tb:identifier.taxonVariant': 243050, '@ubio': '10201188', '@uniprot': '180578'}",Lycianthes shanesii,997062,-,Lycianthes shanesii
Petunia secreta,Petunia secreta,ot_1003_Tr100305.nex,"{'@tb:identifier.taxon': 283623, '@tb:identifier.taxonVariant': 336734, '@ubio': '10272157', '@uniprot': '323111'}",Petunia secreta,446934,-,Petunia secreta
Nicotiana glutinosa,Nicotiana glutinosa,ot_1003_Tr100305.nex,"{'@tb:identifier.taxon': 19091, '@tb:identifier.taxonVariant': 44440, '@ubio': '2669881', '@uniprot': '35889'}",Nicotiana glutinosa,77372,-,Nicotiana glutinosa
Solanum tetrathecum,Solanum tetrathecum,ot_1003_Tr100305.nex,"{'@tb:identifier.taxon': 349423, '@tb:identifier.taxonVariant': 382914, '@ubio': '9109921', '@uniprot': '401009'}",Solanum tetrathecum,765650,-,Solanum tetrathecum
Solanum candidum,Solanum candidum,ot_1003_Tr100305.nex,"{'@tb:identifier.taxon': 27146, '@tb:identifier.taxonVariant': 63390, '@ubio': '5862425', '@uniprot': '115663'}",Solanum candidum,399745,-,Solanum candidum
Convolvulus,Convolvulus,ot_1003_Tr100304.nex,"{'@tb:identifier.taxon': 6896, '@tb:identifier.taxonVariant': 16704, '@ubio': '3874914', '@uniprot': '4122'}",Convolvulus,1071034,-,Convolvulus
Solanum campylacanthum,Solanum campylacanthum,ot_1003_Tr100305.nex,"{'@tb:identifier.taxon': 27145, '@tb:identifier.taxonVariant': 63388, '@ubio': '5862415', '@uniprot': '329765'}",Solanum campylacanthum,535387,-,Solanum campylacanthum
Coeloneurum ferrugineum,Coeloneurum ferrugineum,ot_1003_Tr100305.nex,"{'@tb:identifier.taxon': 205527, '@tb:identifier.taxonVariant': 274984, '@ubio': '3439684', '@uniprot': '225619'}",Coeloneurum ferrugineum,1040652,-,Coeloneurum ferrugineum
Iochroma gesnerioides,Iochroma gesnerioides,ot_1003_Tr100305.nex,"{'@tb:identifier.taxon': 316957, '@tb:identifier.taxonVariant': 491590, '@ubio': '10296478', '@uniprot': '362360'}",Iochroma gesnerioides,809970,-,Iochroma gesnerioides
Lycium strandveldense,Lycium strandveldense,ot_1003_Tr100305.nex,"{'@tb:identifier.taxon': 362387, '@tb:identifier.taxonVariant': 390421, '@ubio': '9167955', '@uniprot': '416541'}",Lycium strandveldense,505219,-,Lycium strandveldense
Solanum cheesmaniae,Solanum cheesmaniae,ot_1003_Tr100305.nex,"{'@tb:identifier.taxon': 632154, '@tb:identifier.taxonVariant': 847166, '@ubio': '5884221', '@uniprot': '142759'}",Solanum cheesmaniae,242855,-,Solanum cheesmaniae
Cyphanthera microphylla,Cyphanthera microphylla,ot_1003_Tr100305.nex,"{'@tb:identifier.taxon': 8149, '@tb:identifier.taxonVariant': 19612, '@ubio': '5969250', '@uniprot': '195733'}",Cyphanthera microphylla,810429,-,Cyphanthera microphylla
Brugmansia arborea,Brugmansia arborea,ot_1003_Tr100305.nex,"{'@tb:identifier.taxon': 65433, '@tb:identifier.taxonVariant': 140378, '@ubio': '2777561', '@uniprot': '41689'}",Brugmansia arborea,843304,-,Brugmansia arborea
Lycium gilliesianum,Lycium gilliesianum,ot_1003_Tr100305.nex,"{'@tb:identifier.taxon': 301697, '@tb:identifier.taxonVariant': 350385, '@ubio': '9105161', '@uniprot': '343882'}",Lycium gilliesianum,596956,-,Lycium gilliesianum
Nolana diffusa,Nolana diffusa,ot_1003_Tr100305.nex,"{'@tb:identifier.taxon': 95031, '@tb:identifier.taxonVariant': 174202, '@ubio': '5957956', '@uniprot': '84181'}",Nolana diffusa,325308,-,Nolana diffusa
Solanum stellativelutinum,Solanum stellativelutinum,ot_1003_Tr100305.nex,"{'@tb:identifier.taxon': 604545, '@tb:identifier.taxonVariant': 806737, '@ubio': '9230172'}",Solanum stellativelutinum,715568,-,Solanum stellativelutinum
Iochroma edule,Iochroma edule,ot_1003_Tr100305.nex,"{'@tb:identifier.taxon': 35205, '@tb:identifier.taxonVariant': 81580, '@ubio': '8443574', '@uniprot': '362358'}",Iochroma edule,974481,-,Iochroma edule
Nolana weissiana,Nolana weissiana,ot_1003_Tr100305.nex,"{'@tb:identifier.taxon': 395110, '@tb:identifier.taxonVariant': 405849, '@ubio': '9382026', '@uniprot': '459206'}",Nolana weissiana,551332,-,Nolana weissiana
Jaltomata oppositifolia,Jaltomata oppositifolia,ot_1003_Tr100305.nex,-,Jaltomata oppositifolia,532699,-,Jaltomata oppositifolia
Physochlaina praealta,Physochlaina praealta,ot_1003_Tr100305.nex,"{'@tb:identifier.taxon': 601955, '@tb:identifier.taxonVariant': 802601, '@ubio': '9178318'}",Physochlaina praealta,855649,-,Physochlaina praealta
Lycianthes biflora,Lycianthes biflora,ot_1003_Tr100305.nex,"{'@tb:identifier.taxon': 218457, '@tb:identifier.taxonVariant': 285145, '@ubio': '1800483', '@uniprot': '241757'}",Lycianthes biflora,27696,-,Lycianthes biflora
Capsicum cardenasii,Capsicum cardenasii,ot_1003_Tr100305.nex,"{'@tb:identifier.taxon': 157200, '@tb:identifier.taxonVariant': 232513, '@ubio': '5828470', '@uniprot': '165698'}",Capsicum cardenasii,408632,-,Capsicum cardenasii
Lycium chilense,Lycium chilense,ot_1003_Tr100305.nex,"{'@tb:identifier.taxon': 149240, '@tb:identifier.taxonVariant': 225053, '@ubio': '3440222', '@uniprot': '155081'}",Lycium chilense,814797,-,Lycium chilense
Jaltomata bohsiana,Jaltomata bohsiana,ot_1003_Tr100305.nex,-,Jaltomata bohsiana,482494,-,Jaltomata bohsiana
Solanum vicinum,Solanum vicinum,ot_1003_Tr100305.nex,"{'@tb:identifier.taxon': 619636, '@tb:identifier.taxonVariant': 829724, '@ubio': '8400049'}",Solanum vicinum,141368,-,Solanum vicinum
Solanum lamprocarpum,Solanum lamprocarpum,ot_1003_Tr100305.nex,"{'@tb:identifier.taxon': 619575, '@tb:identifier.taxonVariant': 829654, '@ubio': '9222253'}",Solanum lamprocarpum,991014,-,Solanum lamprocarpum
Tzeltalia calidaria,Tzeltalia calidaria,ot_1003_Tr100305.nex,"{'@tb:identifier.taxon': 30162, '@tb:identifier.taxonVariant': 70421, '@ubio': '5981230', '@uniprot': '304115'}",Tzeltalia calidaria,839484,-,Tzeltalia calidaria
Athenaea pogogena,Athenaea pogogena,ot_1003_Tr100305.nex,"{'@tb:identifier.taxon': 619534, '@tb:identifier.taxonVariant': 829610, '@ubio': '3439837'}",Athenaea pogogena,5521807,-,Athenaea pogogena
Solanum violaceum,Solanum violaceum,ot_1003_Tr100305.nex,"{'@tb:identifier.taxon': 27300, '@tb:identifier.taxonVariant': 63699, '@ubio': '5983855', '@uniprot': '329803'}",Solanum violaceum,701412,-,Solanum violaceum
Solanum habrochaites,Solanum habrochaites,ot_1003_Tr100305.nex,"{'@tb:identifier.taxon': 79800, '@tb:identifier.taxonVariant': 157633, '@ubio': '8717920', '@uniprot': '62890'}",Solanum habrochaites,885264,-,Solanum habrochaites
Solanum glutinosum,Solanum glutinosum,ot_1003_Tr100305.nex,"{'@tb:identifier.taxon': 27184, '@tb:identifier.taxonVariant': 63466, '@ubio': '1801068', '@uniprot': '329774'}",Solanum glutinosum,14216,-,Solanum glutinosum
Nicotiana occidentalis,Nicotiana occidentalis,ot_1003_Tr100305.nex,"{'@tb:identifier.taxon': 184583, '@tb:identifier.taxonVariant': 257213, '@ubio': '5866199', '@uniprot': '200313'}",Nicotiana occidentalis,232360,-,Nicotiana occidentalis
Scopolia japonica,Scopolia japonica,ot_1003_Tr100305.nex,"{'@tb:identifier.taxon': 202078, '@tb:identifier.taxonVariant': 272306, '@ubio': '3440377', '@uniprot': '221162'}",Scopolia japonica,435703,-,Scopolia japonica
Solanum accrescens,Solanum accrescens,ot_1003_Tr100305.nex,"{'@tb:identifier.taxon': 27115, '@tb:identifier.taxonVariant': 63321, '@ubio': '3440500', '@uniprot': '205522'}",Solanum accrescens,886489,-,Solanum accrescens
Solanum clandestinum,Solanum clandestinum,ot_1003_Tr100305.nex,"{'@tb:identifier.taxon': 305380, '@tb:identifier.taxonVariant': 353546, '@ubio': '10287050', '@uniprot': '348168'}",Solanum clandestinum,1063229,-,Solanum clandestinum
Lycium minimum,Lycium minimum,ot_1003_Tr100305.nex,"{'@tb:identifier.taxon': 362381, '@tb:identifier.taxonVariant': 390412, '@ubio': '9105296', '@uniprot': '416535'}",Lycium minimum,86069,-,Lycium minimum
Lycianthes furcatistellata,Lycianthes furcatistellata,ot_1003_Tr100305.nex,"{'@tb:identifier.taxon': 342849, '@tb:identifier.taxonVariant': 378916, '@ubio': '9117888', '@uniprot': '393150'}",Lycianthes furcatistellata,339700,-,Lycianthes furcatistellata
Jaborosa integrifolia,Jaborosa integrifolia,ot_1003_Tr100305.nex,"{'@tb:identifier.taxon': 149238, '@tb:identifier.taxonVariant': 225051, '@ubio': '2667652', '@uniprot': '155079'}",Jaborosa integrifolia,650754,-,Jaborosa integrifolia
Solanum jabrense,Solanum jabrense,ot_1003_Tr100305.nex,"{'@tb:identifier.taxon': 604539, '@tb:identifier.taxonVariant': 806731, '@ubio': '3440596'}",Solanum jabrense,991012,-,Solanum jabrense
Lycium pallidum,Lycium pallidum,ot_1003_Tr100305.nex,"{'@tb:identifier.taxon': 116736, '@tb:identifier.taxonVariant': 195089, '@ubio': '2653622', '@uniprot': '112876'}",Lycium pallidum,560940,-,Lycium pallidum
Solanum tenuipes,Solanum tenuipes,ot_1003_Tr100305.nex,"{'@tb:identifier.taxon': 537262, '@tb:identifier.taxonVariant': 712717}",Solanum tenuipes,872803,-,Solanum tenuipes
Solanum oplocense,Solanum oplocense,ot_1003_Tr100305.nex,"{'@tb:identifier.taxon': 278971, '@tb:identifier.taxonVariant': 332731, '@ubio': '5862800', '@uniprot': '317830'}",Solanum oplocense,1023758,-,Solanum oplocense
Lycianthes sanctaeclarae,Lycianthes sanctaeclarae,ot_1003_Tr100305.nex,"{'@tb:identifier.taxon': 342864, '@tb:identifier.taxonVariant': 378931, '@ubio': '9152528', '@uniprot': '393165'}",Lycianthes sanctaeclarae,864332,-,Lycianthes sanctaeclarae
Capsicum flexuosum,Capsicum flexuosum,ot_1003_Tr100305.nex,"{'@tb:identifier.taxon': 218454, '@tb:identifier.taxonVariant': 285141, '@ubio': '5891428', '@uniprot': '241754'}",Capsicum flexuosum,27704,-,Capsicum flexuosum
Solanum yungasense,Solanum yungasense,ot_1003_Tr100305.nex,"{'@tb:identifier.taxon': 278978, '@tb:identifier.taxonVariant': 332744, '@ubio': '3440532', '@uniprot': '317837'}",Solanum yungasense,649194,-,Solanum yungasense
Solanum laxissimum,Solanum laxissimum,ot_1003_Tr100305.nex,"{'@tb:identifier.taxon': 87048, '@tb:identifier.taxonVariant': 165811, '@ubio': '5864615', '@uniprot': '73573'}",Solanum laxissimum,887236,-,Solanum laxissimum
Nicotiana solanifolia,Nicotiana solanifolia,ot_1003_Tr100305.nex,"{'@tb:identifier.taxon': 121199, '@tb:identifier.taxonVariant': 199007, '@ubio': '5845926', '@uniprot': '118714'}",Nicotiana solanifolia,210467,-,Nicotiana solanifolia
Solanum pungetium,Solanum pungetium,ot_1003_Tr100305.nex,"{'@tb:identifier.taxon': 619589, '@tb:identifier.taxonVariant': 829668, '@ubio': '9109568'}",Solanum pungetium,192042,-,Solanum pungetium
Nicotiana rotundifolia,Nicotiana rotundifolia,ot_1003_Tr100305.nex,"{'@tb:identifier.taxon': 184581, '@tb:identifier.taxonVariant': 257211, '@ubio': '5866201', '@uniprot': '200310'}",Nicotiana rotundifolia,232354,-,Nicotiana rotundifolia
Nolana coronata,Nolana coronata,ot_1003_Tr100305.nex,"{'@tb:identifier.taxon': 95029, '@tb:identifier.taxonVariant': 174200, '@ubio': '5957954', '@uniprot': '84179'}",Nolana coronata,849815,-,Nolana coronata
Hyoscyamus niger,Hyoscyamus niger,ot_1003_Tr100305.nex,"{'@tb:identifier.taxon': 50897, '@tb:identifier.taxonVariant': 120477, '@ubio': '2653605', '@uniprot': '4079'}",Hyoscyamus niger,822716,-,Hyoscyamus niger
Solanum stenophyllidium,Solanum stenophyllidium,ot_1003_Tr100305.nex,"{'@tb:identifier.taxon': 27138, '@tb:identifier.taxonVariant': 113547, '@ubio': '3440624', '@uniprot': '205531'}",Solanum stenophyllidium,311882,-,Solanum stenophyllidium
Solanum unilobum,Solanum unilobum,ot_1003_Tr100305.nex,"{'@tb:identifier.taxon': 40233, '@tb:identifier.taxonVariant': 93390, '@ubio': '5885458', '@uniprot': '265420'}",Solanum unilobum,985301,-,Solanum unilobum
Solanum occultum,Solanum occultum,ot_1003_Tr100305.nex,"{'@tb:identifier.taxon': 40213, '@tb:identifier.taxonVariant': 93345, '@ubio': '5993466', '@uniprot': '265406'}",Solanum occultum,1035627,-,Solanum occultum
Solanum nobile,Solanum nobile,ot_1003_Tr100305.nex,"{'@tb:identifier.taxon': 349416, '@tb:identifier.taxonVariant': 382909, '@ubio': '8637656', '@uniprot': '401001'}",Solanum nobile,193890,-,Solanum nobile
Physalis cordata,Physalis cordata,ot_1003_Tr100305.nex,"{'@tb:identifier.taxon': 22163, '@tb:identifier.taxonVariant': 51535, '@ubio': '2653664', '@uniprot': '304142'}",Physalis cordata,414764,-,Physalis cordata
Withania coagulans,Withania coagulans,ot_1003_Tr100305.nex,"{'@tb:identifier.taxon': 168564, '@tb:identifier.taxonVariant': 243053, '@ubio': '5863705', '@uniprot': '180581'}",Withania coagulans,819596,-,Withania coagulans
Solanum talarense,Solanum talarense,ot_1003_Tr100305.nex,"{'@tb:identifier.taxon': 604570, '@tb:identifier.taxonVariant': 806762, '@ubio': '9161193'}",Solanum talarense,715560,-,Solanum talarense
Nierembergia linariifolia,Nierembergia linariifolia,ot_1003_Tr100305.nex,"{'@tb:identifier.taxon': 245745, '@tb:identifier.taxonVariant': 465959, '@ubio': '9190227', '@uniprot': '274375'}",Nierembergia linariifolia,474441,-,Nierembergia linariifolia
Lycium californicum,Lycium californicum,ot_1003_Tr100305.nex,"{'@tb:identifier.taxon': 116728, '@tb:identifier.taxonVariant': 195084, '@ubio': '2653615', '@uniprot': '112867'}",Lycium californicum,40052,-,Lycium californicum
Solanum drymophilum,Solanum drymophilum,ot_1003_Tr100305.nex,"{'@tb:identifier.taxon': 27172, '@tb:identifier.taxonVariant': 63445, '@ubio': '2653560', '@uniprot': '205548'}",Solanum drymophilum,836443,-,Solanum drymophilum
Solanum gardneri,Solanum gardneri,ot_1003_Tr100305.nex,"{'@tb:identifier.taxon': 604534, '@tb:identifier.taxonVariant': 806726, '@ubio': '3440736'}",Solanum gardneri,414058,-,Solanum gardneri
,Lycium microphyllum,ot_1003_Tr100305.nex,"{'@tb:identifier.taxon': 619545, '@tb:identifier.taxonVariant': 829624, '@ubio': '9119163'}",-,-,-,Lycium microphyllum
Jaltomata sagastegui,Jaltomata sagastegui,ot_1003_Tr100305.nex,"{'@tb:identifier.taxon': 14827, '@tb:identifier.taxonVariant': 34851, '@ubio': '8742133'}",Jaltomata sagastegui,532693,-,Jaltomata sagastegui
Lycianthes dejecta,Lycianthes dejecta,ot_1003_Tr100305.nex,"{'@tb:identifier.taxon': 326601, '@tb:identifier.taxonVariant': 368164, '@ubio': '3440194', '@uniprot': '374035'}",Lycianthes dejecta,626040,-,Lycianthes dejecta
Nolana baccata,Nolana baccata,ot_1003_Tr100305.nex,"{'@tb:identifier.taxon': 395093, '@tb:identifier.taxonVariant': 405825, '@ubio': '9382193', '@uniprot': '459189'}",Nolana baccata,131405,-,Nolana baccata
Capsicum coccineum,Capsicum coccineum,ot_1003_Tr100305.nex,"{'@tb:identifier.taxon': 342839, '@tb:identifier.taxonVariant': 378907, '@ubio': '3439931', '@uniprot': '393140'}",Capsicum coccineum,914545,-,Capsicum coccineum
Datura ceratocaula,Datura ceratocaula,ot_1003_Tr100305.nex,"{'@tb:identifier.taxon': 615221, '@tb:identifier.taxonVariant': 822780, '@ubio': '5832826'}",Datura ceratocaula,644781,-,Datura ceratocaula
Solanum gympiense,Solanum gympiense,ot_1003_Tr100305.nex,"{'@tb:identifier.taxon': 619567, '@tb:identifier.taxonVariant': 829646, '@ubio': '8636062'}",Solanum gympiense,294705,-,Solanum gympiense
Solanum hyporhodium,Solanum hyporhodium,ot_1003_Tr100305.nex,"{'@tb:identifier.taxon': 27193, '@tb:identifier.taxonVariant': 63483, '@ubio': '2669872', '@uniprot': '227726'}",Solanum hyporhodium,835540,-,Solanum hyporhodium
Solanum oxyphyllum,Solanum oxyphyllum,ot_1003_Tr100305.nex,"{'@tb:identifier.taxon': 40217, '@tb:identifier.taxonVariant': 93351, '@ubio': '3440460', '@uniprot': '265407'}",Solanum oxyphyllum,1035625,-,Solanum oxyphyllum
Lycium chanar,Lycium chanar,ot_1003_Tr100305.nex,"{'@tb:identifier.taxon': 362372, '@tb:identifier.taxonVariant': 390398, '@ubio': '9167061', '@uniprot': '416526'}",Lycium chanar,660384,-,Lycium chanar
Hyoscyamus pusillus,Hyoscyamus pusillus,ot_1003_Tr100305.nex,"{'@tb:identifier.taxon': 429016, '@tb:identifier.taxonVariant': 565212, '@ubio': '5839494', '@uniprot': '540805'}",Hyoscyamus pusillus,434585,-,Hyoscyamus pusillus
Anisodus tanguticus,Anisodus tanguticus,ot_1003_Tr100305.nex,"{'@tb:identifier.taxon': 220192, '@tb:identifier.taxonVariant': 286516, '@ubio': '5974902', '@uniprot': '243964'}",Anisodus tanguticus,660902,-,Anisodus tanguticus
Physalis nicandroides,Physalis nicandroides,ot_1003_Tr100305.nex,"{'@tb:identifier.taxon': 22182, '@tb:identifier.taxonVariant': 51580, '@ubio': '5863691', '@uniprot': '304159'}",Physalis nicandroides,940407,-,Physalis nicandroides
Cestrum pacayense,Cestrum pacayense,ot_1003_Tr100305.nex,"{'@tb:identifier.taxon': 36730, '@tb:identifier.taxonVariant': 85009, '@ubio': '9138153', '@uniprot': '385337'}",Cestrum pacayense,317959,-,Cestrum pacayense
Solanum bulbocastanum,Solanum bulbocastanum,ot_1003_Tr100305.nex,"{'@tb:identifier.taxon': 632166, '@tb:identifier.taxonVariant': 847178, '@ubio': '476056', '@uniprot': '147425'}",Solanum bulbocastanum,475230,-,Solanum bulbocastanum
Lycium ameghinoi,Lycium ameghinoi,ot_1003_Tr100305.nex,"{'@tb:identifier.taxon': 116721, '@tb:identifier.taxonVariant': 195073, '@ubio': '5960506', '@uniprot': '112860'}",Lycium ameghinoi,40032,-,Lycium ameghinoi
Anthocercis littorea,Anthocercis littorea,ot_1003_Tr100305.nex,"{'@tb:identifier.taxon': 1856, '@tb:identifier.taxonVariant': 4536, '@ubio': '3439867', '@uniprot': '195721'}",Anthocercis littorea,286580,-,Anthocercis littorea
Solanum doddsii,Solanum doddsii,ot_1003_Tr100305.nex,"{'@tb:identifier.taxon': 27171, '@tb:identifier.taxonVariant': 63444, '@ubio': '5866420', '@uniprot': '205547'}",Solanum doddsii,3870028,-,Solanum doddsii
Petunia saxicola,Petunia saxicola,ot_1003_Tr100305.nex,"{'@tb:identifier.taxon': 283622, '@tb:identifier.taxonVariant': 336733, '@ubio': '5912924', '@uniprot': '323110'}",Petunia saxicola,446932,-,Petunia saxicola
Physalis philadelphica,Physalis philadelphica,ot_1003_Tr100305.nex,"{'@tb:identifier.taxon': 22185, '@tb:identifier.taxonVariant': 51587, '@ubio': '2668646', '@uniprot': '304130'}",Physalis philadelphica,788338,-,Physalis philadelphica
Schizanthus grahamii,Schizanthus grahamii,ot_1003_Tr100305.nex,"{'@tb:identifier.taxon': 315564, '@tb:identifier.taxonVariant': 360783, '@ubio': '5874571', '@uniprot': '360628'}",Schizanthus grahamii,94236,-,Schizanthus grahamii
Physalis campanulata,Physalis campanulata,ot_1003_Tr100305.nex,"{'@tb:identifier.taxon': 22158, '@tb:identifier.taxonVariant': 51524, '@ubio': '3440296', '@uniprot': '304140'}",Physalis campanulata,414769,-,Physalis campanulata
Mandragora turcomanica,Mandragora turcomanica,ot_1003_Tr100305.nex,"{'@tb:identifier.taxon': 619548, '@tb:identifier.taxonVariant': 829627, '@ubio': '5923752'}",Mandragora turcomanica,855651,-,Mandragora turcomanica
Anthocercis myosotidea,Anthocercis myosotidea,ot_1003_Tr100305.nex,"{'@tb:identifier.taxon': 8150, '@tb:identifier.taxonVariant': 113196, '@ubio': '5969316', '@uniprot': '196374'}",Anthocercis myosotidea,994196,-,Anthocercis myosotidea
Cestrum chiriquianum,Cestrum chiriquianum,ot_1003_Tr100305.nex,"{'@tb:identifier.taxon': 36745, '@tb:identifier.taxonVariant': 85041, '@ubio': '9138199', '@uniprot': '385321'}",Cestrum chiriquianum,392643,-,Cestrum chiriquianum
Solanum prinophyllum,Solanum prinophyllum,ot_1003_Tr100305.nex,"{'@tb:identifier.taxon': 27248, '@tb:identifier.taxonVariant': 63599, '@ubio': '5970598', '@uniprot': '205572'}",Solanum prinophyllum,210906,-,Solanum prinophyllum
Solanum sparsipilum,Solanum sparsipilum,ot_1003_Tr100305.nex,"{'@tb:identifier.taxon': 162437, '@tb:identifier.taxonVariant': 438765, '@ubio': '5866299', '@uniprot': '172796'}",Solanum sparsipilum,598918,-,Solanum sparsipilum
Solanum gabrielae,Solanum gabrielae,ot_1003_Tr100305.nex,"{'@tb:identifier.taxon': 619564, '@tb:identifier.taxonVariant': 829643, '@ubio': '9108692'}",Solanum gabrielae,414062,-,Solanum gabrielae
Solanum sturtianum,Solanum sturtianum,ot_1003_Tr100305.nex,"{'@tb:identifier.taxon': 34299, '@tb:identifier.taxonVariant': 79177, '@ubio': '5863113'}",Solanum sturtianum,715556,-,Solanum sturtianum
Juanulloa mexicana,Juanulloa mexicana,ot_1003_Tr100305.nex,"{'@tb:identifier.taxon': 429018, '@tb:identifier.taxonVariant': 565219, '@ubio': '9117239', '@uniprot': '540808'}",Juanulloa mexicana,232454,-,Juanulloa mexicana
Solanum horridum,Solanum horridum,ot_1003_Tr100305.nex,"{'@tb:identifier.taxon': 619569, '@tb:identifier.taxonVariant': 829648, '@ubio': '9193846'}",Solanum horridum,991002,-,Solanum horridum
Jaltomata dendroidea,Jaltomata dendroidea,ot_1003_Tr100305.nex,-,Jaltomata dendroidea,1058975,-,Jaltomata dendroidea
Nolana elegans,Nolana elegans,ot_1003_Tr100305.nex,"{'@tb:identifier.taxon': 95033, '@tb:identifier.taxonVariant': 174204, '@ubio': '5957957', '@uniprot': '84183'}",Nolana elegans,405028,-,Nolana elegans
Cestrum acutifolium,Cestrum acutifolium,ot_1003_Tr100305.nex,"{'@tb:identifier.taxon': 36747, '@tb:identifier.taxonVariant': 85046, '@ubio': '3439966', '@uniprot': '385318'}",Cestrum acutifolium,918542,-,Cestrum acutifolium
Nicotiana umbratica,Nicotiana umbratica,ot_1003_Tr100305.nex,"{'@tb:identifier.taxon': 121197, '@tb:identifier.taxonVariant': 199005, '@ubio': '5845942', '@uniprot': '118712'}",Nicotiana umbratica,210476,-,Nicotiana umbratica
Fabiana imbricata,Fabiana imbricata,ot_1003_Tr100305.nex,"{'@tb:identifier.taxon': 279062, '@tb:identifier.taxonVariant': 477301, '@ubio': '2669859', '@uniprot': '317934'}",Fabiana imbricata,851417,-,Fabiana imbricata
Lycianthes pringlei,Lycianthes pringlei,ot_1003_Tr100305.nex,"{'@tb:identifier.taxon': 342859, '@tb:identifier.taxonVariant': 378926, '@ubio': '8728667', '@uniprot': '393160'}",Lycianthes pringlei,864338,-,Lycianthes pringlei
Witheringia macrantha,Witheringia macrantha,ot_1003_Tr100305.nex,"{'@tb:identifier.taxon': 30938, '@tb:identifier.taxonVariant': 72206, '@ubio': '5981232', '@uniprot': '304117'}",Witheringia macrantha,839488,-,Witheringia macrantha
Solanum dasyphyllum,Solanum dasyphyllum,ot_1003_Tr100305.nex,"{'@tb:identifier.taxon': 27167, '@tb:identifier.taxonVariant': 63429, '@ubio': '5863087', '@uniprot': '329772'}",Solanum dasyphyllum,14212,-,Solanum dasyphyllum
Solanum annuum,Solanum annuum,ot_1003_Tr100305.nex,"{'@tb:identifier.taxon': 619551, '@tb:identifier.taxonVariant': 829630, '@ubio': '9173696'}",Solanum annuum,3870184,-,Solanum annuum
Schizanthus laetus,Schizanthus laetus,ot_1003_Tr100305.nex,"{'@tb:identifier.taxon': 315568, '@tb:identifier.taxonVariant': 360791, '@ubio': '5985524', '@uniprot': '360632'}",Schizanthus laetus,668613,-,Schizanthus laetus
Iochroma fuchsioides,Iochroma fuchsioides,ot_1003_Tr100305.nex,"{'@tb:identifier.taxon': 14637, '@tb:identifier.taxonVariant': 34390, '@ubio': '5981224', '@uniprot': '304105'}",Iochroma fuchsioides,315013,-,Iochroma fuchsioides
Nicotiana tabacum,Nicotiana tabacum,ot_1003_Tr100305.nex,"{'@tb:identifier.taxon': 19095, '@tb:identifier.taxonVariant': 44449, '@ubio': '2653643', '@uniprot': '4097'}",Nicotiana tabacum,222787,-,Nicotiana tabacum
Nicotiana glauca,Nicotiana glauca,ot_1003_Tr100305.nex,"{'@tb:identifier.taxon': 50903, '@tb:identifier.taxonVariant': 120496, '@ubio': '2653647', '@uniprot': '4090'}",Nicotiana glauca,222783,-,Nicotiana glauca
Aureliana fasciculata,Aureliana fasciculata,ot_1003_Tr100305.nex,"{'@tb:identifier.taxon': 168559, '@tb:identifier.taxonVariant': 243045, '@ubio': '3439847', '@uniprot': '180572'}",Aureliana fasciculata,997074,-,Aureliana fasciculata
Dunalia obovata,Dunalia obovata,ot_1003_Tr100305.nex,"{'@tb:identifier.taxon': 35214, '@tb:identifier.taxonVariant': 81612, '@ubio': '9107255', '@uniprot': '362346'}",Dunalia obovata,448170,-,Dunalia obovata
Solanum ovigerum,Solanum ovigerum,ot_1003_Tr100305.nex,"{'@tb:identifier.taxon': 448171, '@tb:identifier.taxonVariant': 592628, '@ubio': '9192490', '@uniprot': '488920'}",Solanum ovigerum,148845,-,Solanum ovigerum
Nierembergia calycina,Nierembergia calycina,ot_1003_Tr100305.nex,"{'@tb:identifier.taxon': 41305, '@tb:identifier.taxonVariant': 96279, '@ubio': '9196828', '@uniprot': '274373'}",Nierembergia calycina,474437,-,Nierembergia calycina
Solanum paraibanum,Solanum paraibanum,ot_1003_Tr100305.nex,"{'@tb:identifier.taxon': 604552, '@tb:identifier.taxonVariant': 806744, '@ubio': '9245859'}",Solanum paraibanum,766371,-,Solanum paraibanum
Solanum lasiocarpum,Solanum lasiocarpum,ot_1003_Tr100305.nex,"{'@tb:identifier.taxon': 27205, '@tb:identifier.taxonVariant': 63511, '@ubio': '5895610', '@uniprot': '227722'}",Solanum lasiocarpum,835552,-,Solanum lasiocarpum
Petunia reitzii,Petunia reitzii,ot_1003_Tr100305.nex,"{'@tb:identifier.taxon': 283621, '@tb:identifier.taxonVariant': 336732, '@ubio': '5912920', '@uniprot': '323109'}",Petunia reitzii,341971,-,Petunia reitzii
Lycium deserti,Lycium deserti,ot_1003_Tr100305.nex,"{'@tb:identifier.taxon': 395092, '@tb:identifier.taxonVariant': 405823, '@ubio': '9496959', '@uniprot': '459188'}",Lycium deserti,131407,-,Lycium deserti
Solanum vescum,Solanum vescum,ot_1003_Tr100305.nex,"{'@tb:identifier.taxon': 570035, '@tb:identifier.taxonVariant': 790058, '@ubio': '9225534'}",Solanum vescum,503660,-,Solanum vescum
Solanum caricifolium,Solanum caricifolium,ot_1003_Tr100305.nex,-,Solanum caricifolium,939582,-,Solanum caricifolium
Solanum peruvianum,Solanum peruvianum,ot_1003_Tr100305.nex,"{'@tb:identifier.taxon': 632150, '@tb:identifier.taxonVariant': 847162, '@ubio': '485911', '@uniprot': '4082'}",Solanum peruvianum,378975,-,Solanum peruvianum
Petunia axillaris,Petunia axillaris,ot_1003_Tr100305.nex,"{'@tb:identifier.taxon': 21345, '@tb:identifier.taxonVariant': 49636, '@ubio': '2653655', '@uniprot': '33119'}",Petunia axillaris,232467,-,Petunia axillaris
Solanum brevicaule,Solanum brevicaule,ot_1003_Tr100305.nex,"{'@tb:identifier.taxon': 632167, '@tb:identifier.taxonVariant': 847179, '@ubio': '5862368', '@uniprot': '205532'}",Solanum brevicaule,311880,-,Solanum brevicaule
Solanum rugosum,Solanum rugosum,ot_1003_Tr100305.nex,"{'@tb:identifier.taxon': 27266, '@tb:identifier.taxonVariant': 63632, '@ubio': '2653569', '@uniprot': '205578'}",Solanum rugosum,210929,-,Solanum rugosum
Solanum dissectum,Solanum dissectum,ot_1003_Tr100305.nex,"{'@tb:identifier.taxon': 619560, '@tb:identifier.taxonVariant': 829639, '@ubio': '8636043'}",Solanum dissectum,939568,-,Solanum dissectum
Solanum opacum,Solanum opacum,ot_1003_Tr100305.nex,"{'@tb:identifier.taxon': 349417, '@tb:identifier.taxonVariant': 506921, '@ubio': '5862960', '@uniprot': '401002'}",Solanum opacum,468689,-,Solanum opacum
Solanum atropurpureum,Solanum atropurpureum,ot_1003_Tr100305.nex,"{'@tb:identifier.taxon': 27134, '@tb:identifier.taxonVariant': 63359, '@ubio': '5862308', '@uniprot': '267266'}",Solanum atropurpureum,217948,-,Solanum atropurpureum
Lycium pumilum,Lycium pumilum,ot_1003_Tr100305.nex,"{'@tb:identifier.taxon': 362383, '@tb:identifier.taxonVariant': 390415, '@ubio': '9164738', '@uniprot': '416537'}",Lycium pumilum,86074,-,Lycium pumilum
Solanum brownii,Solanum brownii,ot_1003_Tr100305.nex,"{'@tb:identifier.taxon': 349403, '@tb:identifier.taxonVariant': 382892, '@ubio': '9175466', '@uniprot': '400988'}",Solanum brownii,885667,-,Solanum brownii
Solanum mauritianum,Solanum mauritianum,ot_1003_Tr100305.nex,"{'@tb:identifier.taxon': 27216, '@tb:identifier.taxonVariant': 63538, '@ubio': '2653540', '@uniprot': '205564'}",Solanum mauritianum,785106,-,Solanum mauritianum
Solanum riojense,Solanum riojense,ot_1003_Tr100305.nex,"{'@tb:identifier.taxon': 27262, '@tb:identifier.taxonVariant': 63620, '@ubio': '5970602', '@uniprot': '205576'}",Solanum riojense,210914,-,Solanum riojense
Iochroma australe,Iochroma australe,ot_1003_Tr100305.nex,"{'@tb:identifier.taxon': 316956, '@tb:identifier.taxonVariant': 361711, '@ubio': '10296477', '@uniprot': '362352'}",Iochroma australe,974489,-,Iochroma australe
Solanum turneroides,Solanum turneroides,ot_1003_Tr100305.nex,"{'@tb:identifier.taxon': 27293, '@tb:identifier.taxonVariant': 63684, '@ubio': '3440432', '@uniprot': '205589'}",Solanum turneroides,284300,-,Solanum turneroides
Cestrum violaceum,Cestrum violaceum,ot_1003_Tr100305.nex,"{'@tb:identifier.taxon': 36721, '@tb:identifier.taxonVariant': 84987, '@ubio': '9143732', '@uniprot': '385346'}",Cestrum violaceum,242628,-,Cestrum violaceum
Solanum acaule,Solanum acaule,ot_1003_Tr100305.nex,"{'@tb:identifier.taxon': 632168, '@tb:identifier.taxonVariant': 847180, '@ubio': '5861922', '@uniprot': '103871'}",Solanum acaule,614622,-,Solanum acaule
Capsicum recurvatum,Capsicum recurvatum,ot_1003_Tr100305.nex,"{'@tb:identifier.taxon': 397349, '@tb:identifier.taxonVariant': 406668, '@ubio': '9112005', '@uniprot': '462291'}",Capsicum recurvatum,445180,-,Capsicum recurvatum
Mandragora caulescens,Mandragora caulescens,ot_1003_Tr100305.nex,"{'@tb:identifier.taxon': 429021, '@tb:identifier.taxonVariant': 565227, '@ubio': '5923754', '@uniprot': '337183'}",Mandragora caulescens,329323,-,Mandragora caulescens
Scopolia carniolica,Scopolia carniolica,ot_1003_Tr100305.nex,"{'@tb:identifier.taxon': 232604, '@tb:identifier.taxonVariant': 295147, '@ubio': '2669260', '@uniprot': '258457'}",Scopolia carniolica,595763,-,Scopolia carniolica
Lycium ciliatum,Lycium ciliatum,ot_1003_Tr100305.nex,"{'@tb:identifier.taxon': 149239, '@tb:identifier.taxonVariant': 225052, '@ubio': '5992277', '@uniprot': '155080'}",Lycium ciliatum,814816,-,Lycium ciliatum
Deprea sachapapa,Larnax sachapapa,ot_1003_Tr100305.nex,"{'@tb:identifier.taxon': 35193, '@tb:identifier.taxonVariant': 81542, '@ubio': '5960795', '@uniprot': '115738'}",Deprea sachapapa,903494,-,Larnax sachapapa
Lycium torreyi,Lycium torreyi,ot_1003_Tr100305.nex,"{'@tb:identifier.taxon': 127956, '@tb:identifier.taxonVariant': 205505, '@ubio': '2653627', '@uniprot': '127640'}",Lycium torreyi,735524,-,Lycium torreyi
Capsicum annuum,Capsicum annuum,ot_1003_Tr100305.nex,"{'@tb:identifier.taxon': 4846, '@tb:identifier.taxonVariant': 11677, '@ubio': '2653579', '@uniprot': '4072'}",Capsicum annuum,473836,-,Capsicum annuum
Nolana urubambae,Nolana urubambae,ot_1003_Tr100305.nex,"{'@tb:identifier.taxon': 395108, '@tb:identifier.taxonVariant': 405845, '@ubio': '9381993', '@uniprot': '459204'}",Nolana urubambae,551335,-,Nolana urubambae
Solanum whalenii,Solanum whalenii,ot_1003_Tr100305.nex,"{'@tb:identifier.taxon': 604576, '@tb:identifier.taxonVariant': 806768, '@ubio': '9176789'}",Solanum whalenii,141364,-,Solanum whalenii
Iochroma ellipticum,Iochroma ellipticum,ot_1003_Tr100305.nex,"{'@tb:identifier.taxon': 35204, '@tb:identifier.taxonVariant': 81575, '@ubio': '9218382', '@uniprot': '362359'}",Iochroma ellipticum,974479,-,Iochroma ellipticum
Solanum viridifolium,Solanum viridifolium,ot_1003_Tr100305.nex,"{'@tb:identifier.taxon': 619633, '@tb:identifier.taxonVariant': 829721, '@ubio': '3440799'}",Solanum viridifolium,141366,-,Solanum viridifolium
Solanum juvenale,Solanum juvenale,ot_1003_Tr100305.nex,"{'@tb:identifier.taxon': 604572, '@tb:identifier.taxonVariant': 806764, '@ubio': '9175604'}",Solanum juvenale,991006,-,Solanum juvenale
Crenidium spinescens,Crenidium spinescens,ot_1003_Tr100305.nex,"{'@tb:identifier.taxon': 7450, '@tb:identifier.taxonVariant': 18034, '@ubio': '5969247', '@uniprot': '195729'}",Crenidium spinescens,286584,-,Crenidium spinescens
Solanum violaceimarmoratum,Solanum violaceimarmoratum,ot_1003_Tr100305.nex,"{'@tb:identifier.taxon': 632158, '@tb:identifier.taxonVariant': 847170, '@ubio': '5862712', '@uniprot': '315348'}",Solanum violaceimarmoratum,774992,-,Solanum violaceimarmoratum
Solanum thruppii,Solanum thruppii,ot_1003_Tr100305.nex,"{'@tb:identifier.taxon': 27282, '@tb:identifier.taxonVariant': 63664, '@ubio': '5983839', '@uniprot': '329768'}",Solanum thruppii,1031454,-,Solanum thruppii
,Lycium duplicatum,ot_1003_Tr100305.nex,-,-,-,-,Lycium duplicatum
Anisodus luridus,Anisodus luridus,ot_1003_Tr100305.nex,"{'@tb:identifier.taxon': 232605, '@tb:identifier.taxonVariant': 295148, '@ubio': '5976534', '@uniprot': '258458'}",Anisodus luridus,100843,-,Anisodus luridus
Solanum serpens,Solanum serpens,ot_1003_Tr100305.nex,"{'@tb:identifier.taxon': 619638, '@tb:identifier.taxonVariant': 829726, '@ubio': '8400188'}",Solanum serpens,715564,-,Solanum serpens
Solanum vernei,Solanum vernei,ot_1003_Tr100305.nex,"{'@tb:identifier.taxon': 154766, '@tb:identifier.taxonVariant': 230206, '@ubio': '5862722', '@uniprot': '162495'}",Solanum vernei,125740,-,Solanum vernei
Lycium nodosum,Lycium nodosum,ot_1003_Tr100305.nex,"{'@tb:identifier.taxon': 301702, '@tb:identifier.taxonVariant': 350395, '@ubio': '5984649', '@uniprot': '343887'}",Lycium nodosum,596966,-,Lycium nodosum
Solanum fraxinifolium,Solanum fraxinifolium,ot_1003_Tr100305.nex,"{'@tb:identifier.taxon': 632182, '@tb:identifier.taxonVariant': 847194, '@ubio': '5886512', '@uniprot': '265242'}",Solanum fraxinifolium,81458,-,Solanum fraxinifolium
Hunzikeria texana,Hunzikeria texana,ot_1003_Tr100305.nex,"{'@tb:identifier.taxon': 41311, '@tb:identifier.taxonVariant': 96291, '@ubio': '2667516', '@uniprot': '274394'}",Hunzikeria texana,324474,-,Hunzikeria texana
Solanum villosum,Solanum villosum,ot_1003_Tr100305.nex,"{'@tb:identifier.taxon': 27299, '@tb:identifier.taxonVariant': 63697, '@ubio': '3879208', '@uniprot': '115671'}",Solanum villosum,358705,-,Solanum villosum
Deprea purpurea,Larnax purpurea,ot_1003_Tr100305.nex,"{'@tb:identifier.taxon': 118763, '@tb:identifier.taxonVariant': 197113, '@ubio': '5960794', '@uniprot': '115737'}",Deprea purpurea,903498,-,Larnax purpurea
Lycianthes heteroclita,Lycianthes heteroclita,ot_1003_Tr100305.nex,"{'@tb:identifier.taxon': 16491, '@tb:identifier.taxonVariant': 38656, '@ubio': '5954773', '@uniprot': '52872'}",Lycianthes heteroclita,326635,-,Lycianthes heteroclita
Nierembergia hippomanica,Nierembergia hippomanica,ot_1003_Tr100305.nex,"{'@tb:identifier.taxon': 429028, '@tb:identifier.taxonVariant': 565239, '@ubio': '2653651', '@uniprot': '144308'}",Nierembergia hippomanica,1080371,-,Nierembergia hippomanica
Physalis greenmanii,Physalis greenmanii,ot_1003_Tr100305.nex,"{'@tb:identifier.taxon': 22167, '@tb:identifier.taxonVariant': 51545, '@ubio': '3440309', '@uniprot': '304146'}",Physalis greenmanii,298427,-,Physalis greenmanii
Nolana johnstonii,Nolana johnstonii,ot_1003_Tr100305.nex,"{'@tb:identifier.taxon': 395097, '@tb:identifier.taxonVariant': 405829, '@ubio': '9381721', '@uniprot': '459193'}",Nolana johnstonii,705978,-,Nolana johnstonii
Jaborosa squarrosa,Jaborosa squarrosa,ot_1003_Tr100305.nex,"{'@tb:identifier.taxon': 301693, '@tb:identifier.taxonVariant': 350377, '@ubio': '9182922', '@uniprot': '343878'}",Jaborosa squarrosa,970950,-,Jaborosa squarrosa
Nolana galapagensis,Nolana galapagensis,ot_1003_Tr100305.nex,"{'@tb:identifier.taxon': 95035, '@tb:identifier.taxonVariant': 174206, '@ubio': '5957959', '@uniprot': '84185'}",Nolana galapagensis,849696,-,Nolana galapagensis
Solanum pseudolulo,Solanum pseudolulo,ot_1003_Tr100305.nex,"{'@tb:identifier.taxon': 27250, '@tb:identifier.taxonVariant': 63602, '@ubio': '5919767', '@uniprot': '227724'}",Solanum pseudolulo,835545,-,Solanum pseudolulo
Anisodus carniolicoides,Anisodus carniolicoides,ot_1003_Tr100305.nex,"{'@tb:identifier.taxon': 232606, '@tb:identifier.taxonVariant': 295150, '@ubio': '5976535', '@uniprot': '258459'}",Anisodus carniolicoides,100845,-,Anisodus carniolicoides
Solanum buddleifolium,Solanum buddleifolium,ot_1003_Tr100305.nex,-,Solanum buddleifolium,1086076,-,Solanum buddleifolium
,Deprea sylvaticum,ot_1003_Tr100305.nex,-,-,-,-,Deprea sylvaticum
Nolana tocopillensis,Nolana tocopillensis,ot_1003_Tr100305.nex,"{'@tb:identifier.taxon': 95053, '@tb:identifier.taxonVariant': 174224, '@ubio': '5957972', '@uniprot': '84203'}",Nolana tocopillensis,956758,-,Nolana tocopillensis
Solanum oligacanthum,Solanum oligacanthum,ot_1003_Tr100305.nex,"{'@tb:identifier.taxon': 619585, '@tb:identifier.taxonVariant': 829664, '@ubio': '9225459'}",Solanum oligacanthum,766361,-,Solanum oligacanthum
Physalis coztomatl,Physalis coztomatl,ot_1003_Tr100305.nex,"{'@tb:identifier.taxon': 22164, '@tb:identifier.taxonVariant': 51539, '@ubio': '5863708', '@uniprot': '304143'}",Physalis coztomatl,414766,-,Physalis coztomatl
Withania somnifera,Withania somnifera,ot_1003_Tr100305.nex,"{'@tb:identifier.taxon': 127395, '@tb:identifier.taxonVariant': 204955, '@ubio': '2669862', '@uniprot': '126910'}",Withania somnifera,374058,-,Withania somnifera
Solanum pinnatisectum,Solanum pinnatisectum,ot_1003_Tr100305.nex,"{'@tb:identifier.taxon': 632162, '@tb:identifier.taxonVariant': 847174, '@ubio': '476066', '@uniprot': '50273'}",Solanum pinnatisectum,30642,-,Solanum pinnatisectum
Nierembergia pulchella,Nierembergia pulchella,ot_1003_Tr100305.nex,"{'@tb:identifier.taxon': 245750, '@tb:identifier.taxonVariant': 465964, '@ubio': '9223058', '@uniprot': '274381'}",Nierembergia pulchella,898768,-,Nierembergia pulchella
Nicotiana corymbosa,Nicotiana corymbosa,ot_1003_Tr100305.nex,"{'@tb:identifier.taxon': 184572, '@tb:identifier.taxonVariant': 444877, '@ubio': '5845872', '@uniprot': '200301'}",Nicotiana corymbosa,755399,-,Nicotiana corymbosa
Solanum hindsianum,Solanum hindsianum,ot_1003_Tr100305.nex,"{'@tb:identifier.taxon': 27190, '@tb:identifier.taxonVariant': 63475, '@ubio': '2669393', '@uniprot': '205591'}",Solanum hindsianum,159588,-,Solanum hindsianum
Reyesia,Reyesia sp,ot_1003_Tr100305.nex,-,Reyesia,162213,-,Reyesia sp
Nicotiana nudicaulis,Nicotiana nudicaulis,ot_1003_Tr100305.nex,"{'@tb:identifier.taxon': 70735, '@tb:identifier.taxonVariant': 146878, '@ubio': '3440278', '@uniprot': '49452'}",Nicotiana nudicaulis,893253,-,Nicotiana nudicaulis
Solanum ochrophyllum,Solanum ochrophyllum,ot_1003_Tr100305.nex,"{'@tb:identifier.taxon': 27232, '@tb:identifier.taxonVariant': 63566, '@ubio': '3440808', '@uniprot': '205569'}",Solanum ochrophyllum,785130,-,Solanum ochrophyllum
Solanum limitare,Solanum limitare,ot_1003_Tr100305.nex,"{'@tb:identifier.taxon': 619577, '@tb:identifier.taxonVariant': 829656, '@ubio': '8637671'}",Solanum limitare,464547,-,Solanum limitare
Solanum incompletum,Solanum incompletum,ot_1003_Tr100305.nex,"{'@tb:identifier.taxon': 27196, '@tb:identifier.taxonVariant': 63489, '@ubio': '2669394', '@uniprot': '329780'}",Solanum incompletum,691769,-,Solanum incompletum
Jaltomata sanchez-vegae,Jaltomata sanchezvegae,ot_1003_Tr100305.nex,-,Jaltomata sanchez-vegae,532709,-,Jaltomata sanchezvegae
Solanum lasiophyllum,Solanum lasiophyllum,ot_1003_Tr100305.nex,"{'@tb:identifier.taxon': 326583, '@tb:identifier.taxonVariant': 368137, '@ubio': '9109063', '@uniprot': '374014'}",Solanum lasiophyllum,573881,-,Solanum lasiophyllum
Solanum argentinum,Solanum argentinum,ot_1003_Tr100305.nex,"{'@tb:identifier.taxon': 27131, '@tb:identifier.taxonVariant': 63356, '@ubio': '3440724', '@uniprot': '52875'}",Solanum argentinum,326645,-,Solanum argentinum
Solanum agrimonifolium,Solanum agrimonifolium,ot_1003_Tr100305.nex,"{'@tb:identifier.taxon': 278957, '@tb:identifier.taxonVariant': 332706, '@ubio': '3440513', '@uniprot': '317816'}",Solanum agrimonifolium,973481,-,Solanum agrimonifolium
Nicotiana velutina,Nicotiana velutina,ot_1003_Tr100305.nex,"{'@tb:identifier.taxon': 70737, '@tb:identifier.taxonVariant': 146880, '@ubio': '5845946', '@uniprot': '49454'}",Nicotiana velutina,882081,-,Nicotiana velutina
Nolana parviflora,Nolana parviflora,ot_1003_Tr100305.nex,"{'@tb:identifier.taxon': 395101, '@tb:identifier.taxonVariant': 405835, '@ubio': '9382465', '@uniprot': '459197'}",Nolana parviflora,705986,-,Nolana parviflora
Schizanthus alpestris,Schizanthus alpestris,ot_1003_Tr100305.nex,"{'@tb:identifier.taxon': 315562, '@tb:identifier.taxonVariant': 360779, '@ubio': '5985519', '@uniprot': '360626'}",Schizanthus alpestris,94219,-,Schizanthus alpestris
Solanum fusiforme,Solanum fusiforme,ot_1003_Tr100305.nex,"{'@tb:identifier.taxon': 40226, '@tb:identifier.taxonVariant': 93370, '@ubio': '3440861', '@uniprot': '265401'}",Solanum fusiforme,1035631,-,Solanum fusiforme
Solanum rixosum,Solanum rixosum,ot_1003_Tr100305.nex,"{'@tb:identifier.taxon': 619639, '@tb:identifier.taxonVariant': 829727, '@ubio': '8400170'}",Solanum rixosum,192048,-,Solanum rixosum
Solanum bahamense,Solanum bahamense,ot_1003_Tr100305.nex,"{'@tb:identifier.taxon': 27137, '@tb:identifier.taxonVariant': 63365, '@ubio': '2653518', '@uniprot': '329764'}",Solanum bahamense,1031428,-,Solanum bahamense
Lycium yunnanense,Lycium yunnanense,ot_1003_Tr100305.nex,"{'@tb:identifier.taxon': 619547, '@tb:identifier.taxonVariant': 829626, '@ubio': '9177928'}",Lycium yunnanense,798221,-,Lycium yunnanense
Physalis carpenteri,Physalis carpenteri,ot_1003_Tr100305.nex,"{'@tb:identifier.taxon': 22159, '@tb:identifier.taxonVariant': 51525, '@ubio': '2653662', '@uniprot': '304112'}",Physalis carpenteri,631643,-,Physalis carpenteri
Solanum densevestitum,Solanum densevestitum,ot_1003_Tr100305.nex,"{'@tb:identifier.taxon': 619556, '@tb:identifier.taxonVariant': 829635, '@ubio': '9108447'}",Solanum densevestitum,939572,-,Solanum densevestitum
Eriolarynx lorentzii,Eriolarynx lorentzii,ot_1003_Tr100305.nex,"{'@tb:identifier.taxon': 30518, '@tb:identifier.taxonVariant': 81597, '@ubio': '5981225', '@uniprot': '304107'}",Eriolarynx lorentzii,315007,-,Eriolarynx lorentzii
Solanum marginatum,Solanum marginatum,ot_1003_Tr100305.nex,"{'@tb:identifier.taxon': 27215, '@tb:identifier.taxonVariant': 63537, '@ubio': '2653539', '@uniprot': '329785'}",Solanum marginatum,691775,-,Solanum marginatum
Scopolia parviflora,Scopolia parviflora,ot_1003_Tr100305.nex,"{'@tb:identifier.taxon': 232602, '@tb:identifier.taxonVariant': 295145, '@ubio': '5976532', '@uniprot': '258455'}",Scopolia parviflora,100828,-,Scopolia parviflora
Solanum fallax,Solanum fallax,ot_1003_Tr100305.nex,"{'@tb:identifier.taxon': 40209, '@tb:identifier.taxonVariant': 93338, '@ubio': '5993464', '@uniprot': '265400'}",Solanum fallax,1035633,-,Solanum fallax
Solanum longiconicum,Solanum longiconicum,ot_1003_Tr100305.nex,"{'@tb:identifier.taxon': 278966, '@tb:identifier.taxonVariant': 332722, '@ubio': '5862784', '@uniprot': '317825'}",Solanum longiconicum,447380,-,Solanum longiconicum
Lycianthes pseudolycioides,Lycianthes pseudolycioides,ot_1003_Tr100305.nex,"{'@tb:identifier.taxon': 342860, '@tb:identifier.taxonVariant': 378927, '@ubio': '3440163', '@uniprot': '393161'}",Lycianthes pseudolycioides,864340,-,Lycianthes pseudolycioides
Solanum capsicastrum,Solanum capsicastrum,ot_1003_Tr100305.nex,"{'@tb:identifier.taxon': 349404, '@tb:identifier.taxonVariant': 382894, '@ubio': '2669388', '@uniprot': '400989'}",Solanum capsicastrum,885665,-,Solanum capsicastrum
Nolana aplocaryoides,Nolana aplocaryoides,ot_1003_Tr100305.nex,"{'@tb:identifier.taxon': 95022, '@tb:identifier.taxonVariant': 174193, '@ubio': '5845976', '@uniprot': '84172'}",Nolana aplocaryoides,696749,-,Nolana aplocaryoides
Lycium shockleyi,Lycium shockleyi,ot_1003_Tr100305.nex,"{'@tb:identifier.taxon': 127955, '@tb:identifier.taxonVariant': 205504, '@ubio': '2653625', '@uniprot': '127639'}",Lycium shockleyi,109774,-,Lycium shockleyi
Lycianthes fasciculata,Lycianthes fasciculata,ot_1003_Tr100305.nex,"{'@tb:identifier.taxon': 342848, '@tb:identifier.taxonVariant': 378915, '@ubio': '3440162', '@uniprot': '393149'}",Lycianthes fasciculata,914560,-,Lycianthes fasciculata
Solanum cinereum,Solanum cinereum,ot_1003_Tr100305.nex,"{'@tb:identifier.taxon': 27154, '@tb:identifier.taxonVariant': 63404, '@ubio': '5970591', '@uniprot': '205539'}",Solanum cinereum,311860,-,Solanum cinereum
Solanum enantiophyllanthum,Solanum enantiophyllanthum,ot_1003_Tr100305.nex,"{'@tb:identifier.taxon': 619563, '@tb:identifier.taxonVariant': 829642, '@ubio': '9127384'}",Solanum enantiophyllanthum,5521817,-,Solanum enantiophyllanthum
Cestrum elegans,Cestrum elegans,ot_1003_Tr100305.nex,"{'@tb:identifier.taxon': 5487, '@tb:identifier.taxonVariant': 13299, '@ubio': '3439982', '@uniprot': '103475'}",Cestrum elegans,904620,-,Cestrum elegans
Physalis melanocystis,Physalis melanocystis,ot_1003_Tr100305.nex,"{'@tb:identifier.taxon': 22176, '@tb:identifier.taxonVariant': 51568, '@ubio': '5981233', '@uniprot': '304125'}",Physalis melanocystis,264834,-,Physalis melanocystis
Solanum vespertilio,Solanum vespertilio,ot_1003_Tr100305.nex,"{'@tb:identifier.taxon': 27296, '@tb:identifier.taxonVariant': 63690, '@ubio': '5960784', '@uniprot': '115670'}",Solanum vespertilio,975898,-,Solanum vespertilio
Symonanthus bancroftii,Symonanthus bancroftii,ot_1003_Tr100305.nex,"{'@tb:identifier.taxon': 28335, '@tb:identifier.taxonVariant': 66077, '@ubio': '5969254', '@uniprot': '195743'}",Symonanthus bancroftii,439854,-,Symonanthus bancroftii
Nicotiana langsdorffii,Nicotiana langsdorffii,ot_1003_Tr100305.nex,"{'@tb:identifier.taxon': 121185, '@tb:identifier.taxonVariant': 198994, '@ubio': '2669882', '@uniprot': '118700'}",Nicotiana langsdorffii,733968,-,Nicotiana langsdorffii
Leucophysalis nana,Leucophysalis nana,ot_1003_Tr100305.nex,"{'@tb:identifier.taxon': 15850, '@tb:identifier.taxonVariant': 37169, '@ubio': '2653611', '@uniprot': '304110'}",Leucophysalis nana,839476,-,Leucophysalis nana
Nicotiana picilla,Nicotiana picilla,ot_1003_Tr100305.nex,"{'@tb:identifier.taxon': 184593, '@tb:identifier.taxonVariant': 257223, '@ubio': '5970019', '@uniprot': '200323'}",Nicotiana picilla,806475,-,Nicotiana picilla
Lycianthes geminiflora,Lycianthes geminiflora,ot_1003_Tr100305.nex,"{'@tb:identifier.taxon': 342850, '@tb:identifier.taxonVariant': 378917, '@ubio': '9117902', '@uniprot': '393151'}",Lycianthes geminiflora,339698,-,Lycianthes geminiflora
Solanum paniculatum,Solanum paniculatum,ot_1003_Tr100305.nex,"{'@tb:identifier.taxon': 27239, '@tb:identifier.taxonVariant': 63582, '@ubio': '3440506', '@uniprot': '329794'}",Solanum paniculatum,168867,-,Solanum paniculatum
Plowmania nyctaginoides,Plowmania nyctaginoides,ot_1003_Tr100305.nex,"{'@tb:identifier.taxon': 429033, '@tb:identifier.taxonVariant': 565244, '@ubio': '9183626', '@uniprot': '540829'}",Plowmania nyctaginoides,383957,-,Plowmania nyctaginoides
Solanum pubigerum,Solanum pubigerum,ot_1003_Tr100305.nex,"{'@tb:identifier.taxon': 27252, '@tb:identifier.taxonVariant': 63605, '@ubio': '5970599', '@uniprot': '205573'}",Solanum pubigerum,210903,-,Solanum pubigerum
Mellissia begoniifolia,Mellissia begoniifolia,ot_1003_Tr100305.nex,"{'@tb:identifier.taxon': 477358, '@tb:identifier.taxonVariant': 632691, '@ubio': '7151697', '@uniprot': '540818'}",Mellissia begoniifolia,1011315,-,Mellissia begoniifolia
Schizanthus lacteus,Schizanthus lacteus,ot_1003_Tr100305.nex,"{'@tb:identifier.taxon': 315567, '@tb:identifier.taxonVariant': 360789, '@ubio': '5985523', '@uniprot': '360631'}",Schizanthus lacteus,668618,-,Schizanthus lacteus
Solanum sibundoyense,Solanum sibundoyense,ot_1003_Tr100305.nex,"{'@tb:identifier.taxon': 238251, '@tb:identifier.taxonVariant': 300311, '@ubio': '5993468', '@uniprot': '265415'}",Solanum sibundoyense,509386,-,Solanum sibundoyense
Solanum kurzii,Solanum kurzii,ot_1003_Tr100305.nex,"{'@tb:identifier.taxon': 619574, '@tb:identifier.taxonVariant': 829653, '@ubio': '9228437'}",Solanum kurzii,991016,-,Solanum kurzii
Solanum conicum,Solanum conicum,ot_1003_Tr100305.nex,"{'@tb:identifier.taxon': 564516, '@tb:identifier.taxonVariant': 785369, '@ubio': '9126126', '@uniprot': '0'}",Solanum conicum,271289,-,Solanum conicum
Solanum arnezii,Solanum arnezii,ot_1003_Tr100305.nex,"{'@tb:identifier.taxon': 278960, '@tb:identifier.taxonVariant': 561292, '@ubio': '5872922', '@uniprot': '317819'}",Solanum arnezii,973475,-,Solanum arnezii
Lycianthes surotatensis,Lycianthes surotatensis,ot_1003_Tr100305.nex,"{'@tb:identifier.taxon': 218458, '@tb:identifier.taxonVariant': 285147, '@ubio': '3440185', '@uniprot': '241758'}",Lycianthes surotatensis,27694,-,Lycianthes surotatensis
Solanum bicorne,Solanum bicorne,ot_1003_Tr100305.nex,"{'@tb:identifier.taxon': 344943, '@tb:identifier.taxonVariant': 380211, '@ubio': '9124567', '@uniprot': '395916'}",Solanum bicorne,105115,-,Solanum bicorne
Physalis angustifolia,Physalis angustifolia,ot_1003_Tr100305.nex,"{'@tb:identifier.taxon': 22154, '@tb:identifier.taxonVariant': 51517, '@ubio': '2653660', '@uniprot': '304137'}",Physalis angustifolia,788341,-,Physalis angustifolia
Solanum grayi,Solanum grayi,ot_1003_Tr100305.nex,"{'@tb:identifier.taxon': 537256, '@tb:identifier.taxonVariant': 712706}",Solanum grayi,985885,-,Solanum grayi
Physalis hederifolia,Physalis hederifolia,ot_1003_Tr100305.nex,"{'@tb:identifier.taxon': 267722, '@tb:identifier.taxonVariant': 323597, '@ubio': '2653666', '@uniprot': '304132'}",Physalis hederifolia,788335,-,Physalis hederifolia
Lycium parishii,Lycium parishii,ot_1003_Tr100305.nex,"{'@tb:identifier.taxon': 127953, '@tb:identifier.taxonVariant': 205502, '@ubio': '2653623', '@uniprot': '127637'}",Lycium parishii,109769,-,Lycium parishii
Solanum moxosense,Solanum moxosense,ot_1003_Tr100305.nex,-,Solanum moxosense,800981,-,Solanum moxosense
Cestrum endlicheri,Cestrum endlicheri,ot_1003_Tr100305.nex,"{'@tb:identifier.taxon': 36743, '@tb:identifier.taxonVariant': 85037, '@ubio': '9112990', '@uniprot': '385323'}",Cestrum endlicheri,392647,-,Cestrum endlicheri
Jaltomata darcyana,Jaltomata darcyana,ot_1003_Tr100305.nex,"{'@tb:identifier.taxon': 570312, '@tb:identifier.taxonVariant': 790587, '@ubio': '8447439'}",Jaltomata darcyana,1058966,-,Jaltomata darcyana
Solanum panduriforme,Solanum panduriforme,ot_1003_Tr100305.nex,"{'@tb:identifier.taxon': 27238, '@tb:identifier.taxonVariant': 63580, '@ubio': '5888916', '@uniprot': '329793'}",Solanum panduriforme,580611,-,Solanum panduriforme
Lycianthes ciliolata,Lycianthes ciliolata,ot_1003_Tr100305.nex,"{'@tb:identifier.taxon': 16489, '@tb:identifier.taxonVariant': 38654, '@ubio': '1800463', '@uniprot': '180574'}",Lycianthes ciliolata,997078,-,Lycianthes ciliolata
Duboisia leichhardtii,Duboisia leichhardtii,ot_1003_Tr100305.nex,"{'@tb:identifier.taxon': 9638, '@tb:identifier.taxonVariant': 23044, '@ubio': '2669857', '@uniprot': '195736'}",Duboisia leichhardtii,810423,-,Duboisia leichhardtii
Nicotiana acuminata,Nicotiana acuminata,ot_1003_Tr100305.nex,"{'@tb:identifier.taxon': 19087, '@tb:identifier.taxonVariant': 44427, '@ubio': '2653644', '@uniprot': '4086'}",Nicotiana acuminata,378999,-,Nicotiana acuminata
Solanum aviculare,Solanum aviculare,ot_1003_Tr100305.nex,"{'@tb:identifier.taxon': 632145, '@tb:identifier.taxonVariant': 847157, '@ubio': '457602', '@uniprot': '4114'}",Solanum aviculare,494825,-,Solanum aviculare
Solanum lyratum,Solanum lyratum,ot_1003_Tr100305.nex,"{'@tb:identifier.taxon': 209402, '@tb:identifier.taxonVariant': 278206, '@ubio': '5973434', '@uniprot': '230192'}",Solanum lyratum,693272,-,Solanum lyratum
Schultesianthus leucanthus,Schultesianthus leucanthus,ot_1003_Tr100305.nex,"{'@tb:identifier.taxon': 429038, '@tb:identifier.taxonVariant': 565252, '@ubio': '9155487', '@uniprot': '540831'}",Schultesianthus leucanthus,960291,-,Schultesianthus leucanthus
Solanum asperum,Solanum asperum,ot_1003_Tr100305.nex,"{'@tb:identifier.taxon': 555876, '@tb:identifier.taxonVariant': 736347, '@ubio': '3440695', '@uniprot': '681489'}",Solanum asperum,651350,-,Solanum asperum
Lycium sandwicense,Lycium sandwicense,ot_1003_Tr100305.nex,"{'@tb:identifier.taxon': 116740, '@tb:identifier.taxonVariant': 195092, '@ubio': '2653629', '@uniprot': '112880'}",Lycium sandwicense,194443,-,Lycium sandwicense
Mandragora officinarum,Mandragora officinarum,ot_1003_Tr100305.nex,"{'@tb:identifier.taxon': 59765, '@tb:identifier.taxonVariant': 132889, '@ubio': '2669861', '@uniprot': '33117'}",Mandragora officinarum,232461,-,Mandragora officinarum
Jaltomata herrerae,Jaltomata herrerae,ot_1003_Tr100305.nex,"{'@tb:identifier.taxon': 570321, '@tb:identifier.taxonVariant': 790614, '@ubio': '5893823'}",Jaltomata herrerae,1058971,-,Jaltomata herrerae
Solanum colombianum,Solanum colombianum,ot_1003_Tr100305.nex,"{'@tb:identifier.taxon': 278962, '@tb:identifier.taxonVariant': 332715, '@ubio': '5866284', '@uniprot': '317821'}",Solanum colombianum,447372,-,Solanum colombianum
Lycianthes multiflora,Lycianthes multiflora,ot_1003_Tr100305.nex,"{'@tb:identifier.taxon': 342855, '@tb:identifier.taxonVariant': 378922, '@ubio': '3440166', '@uniprot': '393156'}",Lycianthes multiflora,339715,-,Lycianthes multiflora
Nicotiana otophora,Nicotiana otophora,ot_1003_Tr100305.nex,"{'@tb:identifier.taxon': 50904, '@tb:identifier.taxonVariant': 120499, '@ubio': '3440274', '@uniprot': '4091'}",Nicotiana otophora,222781,-,Nicotiana otophora
Nolana mollis,Nolana mollis,ot_1003_Tr100305.nex,"{'@tb:identifier.taxon': 95043, '@tb:identifier.taxonVariant': 174214, '@ubio': '5991345', '@uniprot': '84193'}",Nolana mollis,1001624,-,Nolana mollis
Duboisia hopwoodii,Duboisia hopwoodii,ot_1003_Tr100305.nex,"{'@tb:identifier.taxon': 429012, '@tb:identifier.taxonVariant': 565205, '@ubio': '2669856', '@uniprot': '540800'}",Duboisia hopwoodii,434595,-,Duboisia hopwoodii
Solanum glabratum,Solanum glabratum,ot_1003_Tr100305.nex,"{'@tb:identifier.taxon': 546232, '@tb:identifier.taxonVariant': 724378, '@ubio': '9211955', '@uniprot': '666132'}",Solanum glabratum,331175,-,Solanum glabratum
Solanum felinum,Solanum felinum,ot_1003_Tr100305.nex,"{'@tb:identifier.taxon': 27178, '@tb:identifier.taxonVariant': 63457, '@ubio': '5974278', '@uniprot': '238981'}",Solanum felinum,835023,-,Solanum felinum
Melananthus guatemalensis,Melananthus guatemalensis,ot_1003_Tr100305.nex,"{'@tb:identifier.taxon': 429024, '@tb:identifier.taxonVariant': 565235, '@ubio': '3440254', '@uniprot': '540816'}",Melananthus guatemalensis,1011298,-,Melananthus guatemalensis
Lycianthes inaequilatera,Lycianthes inaequilatera,ot_1003_Tr100305.nex,"{'@tb:identifier.taxon': 35219, '@tb:identifier.taxonVariant': 81626, '@ubio': '3440175', '@uniprot': '362375'}",Lycianthes inaequilatera,655930,-,Lycianthes inaequilatera
Solanum centrale,Solanum centrale,ot_1003_Tr100305.nex,"{'@tb:identifier.taxon': 349405, '@tb:identifier.taxonVariant': 382896, '@ubio': '9233786', '@uniprot': '400990'}",Solanum centrale,361002,-,Solanum centrale
Solanum andreanum,Solanum andreanum,ot_1003_Tr100305.nex,"{'@tb:identifier.taxon': 276748, '@tb:identifier.taxonVariant': 330620, '@ubio': '3440806', '@uniprot': '315332'}",Solanum andreanum,46930,-,Solanum andreanum
Solanum bolivianum,Solanum bolivianum,ot_1003_Tr100305.nex,"{'@tb:identifier.taxon': 604547, '@tb:identifier.taxonVariant': 806739, '@ubio': '3440419'}",Solanum bolivianum,1086161,-,Solanum bolivianum
Solanum albicans,Solanum albicans,ot_1003_Tr100305.nex,"{'@tb:identifier.taxon': 276749, '@tb:identifier.taxonVariant': 330622, '@ubio': '5864184', '@uniprot': '315333'}",Solanum albicans,46928,-,Solanum albicans
Solanum elaeagnifolium,Solanum elaeagnifolium,ot_1003_Tr100305.nex,"{'@tb:identifier.taxon': 27175, '@tb:identifier.taxonVariant': 63452, '@ubio': '2653527', '@uniprot': '115664'}",Solanum elaeagnifolium,399742,-,Solanum elaeagnifolium
Lycianthes beckneriana,Lycianthes beckneriana,ot_1003_Tr100305.nex,"{'@tb:identifier.taxon': 342846, '@tb:identifier.taxonVariant': 378913, '@ubio': '9152363', '@uniprot': '393147'}",Lycianthes beckneriana,914551,-,Lycianthes beckneriana
Tzeltalia amphitricha,Tzeltalia amphitricha,ot_1003_Tr100305.nex,"{'@tb:identifier.taxon': 30161, '@tb:identifier.taxonVariant': 70420, '@ubio': '5981228', '@uniprot': '304114'}",Tzeltalia amphitricha,839486,-,Tzeltalia amphitricha
Solanum lanceifolium,Solanum lanceifolium,ot_1003_Tr100305.nex,"{'@tb:identifier.taxon': 604560, '@tb:identifier.taxonVariant': 806752, '@ubio': '2653561'}",Solanum lanceifolium,464542,-,Solanum lanceifolium
Trianaea speciosa,Trianaea speciosa,ot_1003_Tr100305.nex,"{'@tb:identifier.taxon': 619641, '@tb:identifier.taxonVariant': 829729, '@ubio': '9185106'}",Trianaea speciosa,5521814,-,Trianaea speciosa
Nolana inflata,Nolana inflata,ot_1003_Tr100305.nex,"{'@tb:identifier.taxon': 95040, '@tb:identifier.taxonVariant': 174211, '@ubio': '5957963', '@uniprot': '84190'}",Nolana inflata,899680,-,Nolana inflata
Solanum aphyodendron,Solanum aphyodendron,ot_1003_Tr100305.nex,"{'@tb:identifier.taxon': 27128, '@tb:identifier.taxonVariant': 63349, '@ubio': '5970588', '@uniprot': '205530'}",Solanum aphyodendron,311886,-,Solanum aphyodendron
Solanum fructo-tecto,Solanum fructotecto,ot_1003_Tr100305.nex,-,Solanum fructo-tecto,348206,-,Solanum fructotecto
Lycium schweinfurthii,Lycium schweinfurthii,ot_1003_Tr100305.nex,"{'@tb:identifier.taxon': 362385, '@tb:identifier.taxonVariant': 390419, '@ubio': '5944246', '@uniprot': '416539'}",Lycium schweinfurthii,86088,-,Lycium schweinfurthii
Cestrum macrophyllum,Cestrum macrophyllum,ot_1003_Tr100305.nex,"{'@tb:identifier.taxon': 429008, '@tb:identifier.taxonVariant': 565197, '@ubio': '2771308', '@uniprot': '540795'}",Cestrum macrophyllum,445283,-,Cestrum macrophyllum
Solanum paludosum,Solanum paludosum,ot_1003_Tr100305.nex,"{'@tb:identifier.taxon': 604564, '@tb:identifier.taxonVariant': 806756, '@ubio': '3440549'}",Solanum paludosum,766363,-,Solanum paludosum
Lycium depressum,Lycium depressum,ot_1003_Tr100305.nex,"{'@tb:identifier.taxon': 362374, '@tb:identifier.taxonVariant': 390402, '@ubio': '5892488', '@uniprot': '416528'}",Lycium depressum,660399,-,Lycium depressum
Solanum tenuispinum,Solanum tenuispinum,ot_1003_Tr100305.nex,"{'@tb:identifier.taxon': 27279, '@tb:identifier.taxonVariant': 63659, '@ubio': '3440435', '@uniprot': '238979'}",Solanum tenuispinum,510734,-,Solanum tenuispinum
Solanum hexandrum,Solanum hexandrum,ot_1003_Tr100305.nex,"{'@tb:identifier.taxon': 604535, '@tb:identifier.taxonVariant': 806727, '@ubio': '3440682'}",Solanum hexandrum,991004,-,Solanum hexandrum
Deprea parviflora,Larnax parviflora,ot_1003_Tr100305.nex,"{'@tb:identifier.taxon': 118760, '@tb:identifier.taxonVariant': 197110, '@ubio': '5960791', '@uniprot': '115734'}",Deprea parviflora,903496,-,Larnax parviflora
Solanum tobagense,Solanum tobagense,ot_1003_Tr100305.nex,"{'@tb:identifier.taxon': 40218, '@tb:identifier.taxonVariant': 93354, '@ubio': '5993470', '@uniprot': '265419'}",Solanum tobagense,509416,-,Solanum tobagense
Nolana ramosissima,Nolana ramosissima,ot_1003_Tr100305.nex,"{'@tb:identifier.taxon': 95046, '@tb:identifier.taxonVariant': 174217, '@ubio': '5991346', '@uniprot': '84196'}",Nolana ramosissima,1001613,-,Nolana ramosissima
Nothocestrum longifolium,Nothocestrum longifolium,ot_1003_Tr100305.nex,"{'@tb:identifier.taxon': 429030, '@tb:identifier.taxonVariant': 565241, '@ubio': '2653688', '@uniprot': '540823'}",Nothocestrum longifolium,383969,-,Nothocestrum longifolium
Solanum angustialatum,Solanum angustialatum,ot_1003_Tr100305.nex,"{'@tb:identifier.taxon': 564512, '@tb:identifier.taxonVariant': 785365, '@ubio': '9123797', '@uniprot': '0'}",Solanum angustialatum,515084,-,Solanum angustialatum
Solanum hoplopetalum,Solanum hoplopetalum,ot_1003_Tr100305.nex,"{'@tb:identifier.taxon': 34290, '@tb:identifier.taxonVariant': 79159, '@ubio': '9233207', '@uniprot': '368033'}",Solanum hoplopetalum,518434,-,Solanum hoplopetalum
Bouchetia erecta,Bouchetia erecta,ot_1003_Tr100305.nex,"{'@tb:identifier.taxon': 41312, '@tb:identifier.taxonVariant': 96295, '@ubio': '2653578', '@uniprot': '274392'}",Bouchetia erecta,324478,-,Bouchetia erecta
Leucophysalis viscosa,Leucophysalis viscosa,ot_1003_Tr100305.nex,"{'@tb:identifier.taxon': 15851, '@tb:identifier.taxonVariant': 37172, '@ubio': '5981227', '@uniprot': '304111'}",Leucophysalis viscosa,839473,-,Leucophysalis viscosa
Solanum calileguae,Solanum calileguae,ot_1003_Tr100305.nex,"{'@tb:identifier.taxon': 27142, '@tb:identifier.taxonVariant': 63383, '@ubio': '5970589', '@uniprot': '205534'}",Solanum calileguae,311876,-,Solanum calileguae
Lycium barbarum,Lycium barbarum,ot_1003_Tr100305.nex,"{'@tb:identifier.taxon': 116724, '@tb:identifier.taxonVariant': 195077, '@ubio': '2667971', '@uniprot': '112863'}",Lycium barbarum,40038,-,Lycium barbarum
Nolana chapiensis,Nolana chapiensis,ot_1003_Tr100305.nex,"{'@tb:identifier.taxon': 395087, '@tb:identifier.taxonVariant': 784073}",Nolana chapiensis,131385,-,Nolana chapiensis
Deprea orinocensis,Deprea orinocensis,ot_1003_Tr100305.nex,"{'@tb:identifier.taxon': 127389, '@tb:identifier.taxonVariant': 204949, '@ubio': '5863694', '@uniprot': '126899'}",Deprea orinocensis,245272,-,Deprea orinocensis
Solanum crotonoides,Solanum crotonoides,ot_1003_Tr100305.nex,"{'@tb:identifier.taxon': 27165, '@tb:identifier.taxonVariant': 63427, '@ubio': '5983840', '@uniprot': '329770'}",Solanum crotonoides,14207,-,Solanum crotonoides
Solanum urticans,Solanum urticans,ot_1003_Tr100305.nex,"{'@tb:identifier.taxon': 604544, '@tb:identifier.taxonVariant': 806736, '@ubio': '3440677'}",Solanum urticans,141370,-,Solanum urticans
Solanum mapiriense,Solanum mapiriense,ot_1003_Tr100305.nex,"{'@tb:identifier.taxon': 27214, '@tb:identifier.taxonVariant': 63535, '@ubio': '3440688', '@uniprot': '205563'}",Solanum mapiriense,785126,-,Solanum mapiriense
Solanum ochranthum,Solanum ochranthum,ot_1003_Tr100305.nex,"{'@tb:identifier.taxon': 632173, '@tb:identifier.taxonVariant': 847185, '@ubio': '1800979', '@uniprot': '154974'}",Solanum ochranthum,98033,-,Solanum ochranthum
Solanum raphanifolium,Solanum raphanifolium,ot_1003_Tr100305.nex,"{'@tb:identifier.taxon': 162014, '@tb:identifier.taxonVariant': 561173, '@ubio': '5862811', '@uniprot': '172264'}",Solanum raphanifolium,218594,-,Solanum raphanifolium
Lycium oxycarpum,Lycium oxycarpum,ot_1003_Tr100305.nex,"{'@tb:identifier.taxon': 301703, '@tb:identifier.taxonVariant': 350397, '@ubio': '5892484', '@uniprot': '343888'}",Lycium oxycarpum,596951,-,Lycium oxycarpum
Solanum chacoense,Solanum chacoense,ot_1003_Tr100305.nex,"{'@tb:identifier.taxon': 27151, '@tb:identifier.taxonVariant': 63398, '@ubio': '5862472', '@uniprot': '4108'}",Solanum chacoense,1020653,-,Solanum chacoense
Nicotiana linearis,Nicotiana linearis,ot_1003_Tr100305.nex,"{'@tb:identifier.taxon': 121186, '@tb:identifier.taxonVariant': 198996, '@ubio': '5862063', '@uniprot': '118701'}",Nicotiana linearis,733966,-,Nicotiana linearis
Schizanthus litoralis,Schizanthus litoralis,ot_1003_Tr100305.nex,"{'@tb:identifier.taxon': 315569, '@tb:identifier.taxonVariant': 360793, '@ubio': '5985525', '@uniprot': '360633'}",Schizanthus litoralis,668615,-,Schizanthus litoralis
Nolana arequipensis,Nolana arequipensis,ot_1003_Tr100305.nex,"{'@tb:identifier.taxon': 395090, '@tb:identifier.taxonVariant': 784074}",Nolana arequipensis,131401,-,Nolana arequipensis
Solanum dimorphispinum,Solanum dimorphispinum,ot_1003_Tr100305.nex,"{'@tb:identifier.taxon': 619558, '@tb:identifier.taxonVariant': 829637, '@ubio': '9108496'}",Solanum dimorphispinum,939576,-,Solanum dimorphispinum
Physalis pruinosa,Physalis pruinosa,ot_1003_Tr100305.nex,"{'@tb:identifier.taxon': 22186, '@tb:identifier.taxonVariant': 51589, '@ubio': '2776002', '@uniprot': '304161'}",Physalis pruinosa,364768,-,Physalis pruinosa
Oryctes nevadensis,Oryctes nevadensis,ot_1003_Tr100305.nex,"{'@tb:identifier.taxon': 19973, '@tb:identifier.taxonVariant': 46471, '@ubio': '2653653', '@uniprot': '304124'}",Oryctes nevadensis,264832,-,Oryctes nevadensis
Petunia mantiqueirensis,Petunia mantiqueirensis,ot_1003_Tr100305.nex,"{'@tb:identifier.taxon': 283620, '@tb:identifier.taxonVariant': 336731, '@ubio': '5912962', '@uniprot': '323108'}",Petunia mantiqueirensis,341973,-,Petunia mantiqueirensis
Calibrachoa parviflora,Calibrachoa parviflora,ot_1003_Tr100305.nex,"{'@tb:identifier.taxon': 308151, '@tb:identifier.taxonVariant': 355701, '@ubio': '2665884', '@uniprot': '352208'}",Calibrachoa parviflora,196189,-,Calibrachoa parviflora
Schizanthus integrifolius,Schizanthus integrifolius,ot_1003_Tr100305.nex,"{'@tb:identifier.taxon': 315566, '@tb:identifier.taxonVariant': 360787, '@ubio': '5985522', '@uniprot': '360630'}",Schizanthus integrifolius,713323,-,Schizanthus integrifolius
Solanum rovirosanum,Solanum rovirosanum,ot_1003_Tr100305.nex,"{'@tb:identifier.taxon': 27265, '@tb:identifier.taxonVariant': 63631, '@ubio': '5862964', '@uniprot': '205577'}",Solanum rovirosanum,210912,-,Solanum rovirosanum
Jaltomata procumbens,Jaltomata procumbens,ot_1003_Tr100305.nex,"{'@tb:identifier.taxon': 14825, '@tb:identifier.taxonVariant': 34840, '@ubio': '2667660', '@uniprot': '45845'}",Jaltomata procumbens,590332,-,Jaltomata procumbens
Capsicum campylopodium,Capsicum campylopodium,ot_1003_Tr100305.nex,"{'@tb:identifier.taxon': 397345, '@tb:identifier.taxonVariant': 406662, '@ubio': '5891453', '@uniprot': '462287'}",Capsicum campylopodium,1021807,-,Capsicum campylopodium
Solanum rigescentoides,Solanum rigescentoides,ot_1003_Tr100305.nex,"{'@tb:identifier.taxon': 619591, '@tb:identifier.taxonVariant': 829670, '@ubio': '9165962'}",Solanum rigescentoides,192050,-,Solanum rigescentoides
Lycianthes moziniana,Lycianthes moziniana,ot_1003_Tr100305.nex,"{'@tb:identifier.taxon': 342854, '@tb:identifier.taxonVariant': 378921, '@ubio': '5880728', '@uniprot': '393155'}",Lycianthes moziniana,339708,-,Lycianthes moziniana
Solanum asterophorum,Solanum asterophorum,ot_1003_Tr100305.nex,"{'@tb:identifier.taxon': 604538, '@tb:identifier.taxonVariant': 806730, '@ubio': '3440866'}",Solanum asterophorum,364022,-,Solanum asterophorum
Symonanthus aromaticus,Symonanthus aromaticus,ot_1003_Tr100305.nex,"{'@tb:identifier.taxon': 28334, '@tb:identifier.taxonVariant': 66076, '@ubio': '5969253', '@uniprot': '195742'}",Symonanthus aromaticus,134188,-,Symonanthus aromaticus
Solanum microdontum,Solanum microdontum,ot_1003_Tr100305.nex,"{'@tb:identifier.taxon': 87049, '@tb:identifier.taxonVariant': 165813, '@ubio': '5862786', '@uniprot': '73574'}",Solanum microdontum,887245,-,Solanum microdontum
Solanum linnaeanum,Solanum linnaeanum,ot_1003_Tr100305.nex,"{'@tb:identifier.taxon': 27208, '@tb:identifier.taxonVariant': 63517, '@ubio': '2788285', '@uniprot': '329777'}",Solanum linnaeanum,14220,-,Solanum linnaeanum
Sclerophylax gilliesii,Sclerophylax gilliesii,ot_1003_Tr100305.nex,"{'@tb:identifier.taxon': 429035, '@tb:identifier.taxonVariant': 565249, '@ubio': '9223713', '@uniprot': '540833'}",Sclerophylax gilliesii,960295,-,Sclerophylax gilliesii
Solanum stagnale,Solanum stagnale,ot_1003_Tr100305.nex,"{'@tb:identifier.taxon': 27275, '@tb:identifier.taxonVariant': 63650, '@ubio': '3440426', '@uniprot': '238983'}",Solanum stagnale,835019,-,Solanum stagnale
Solanum jamaicense,Solanum jamaicense,ot_1003_Tr100305.nex,"{'@tb:identifier.taxon': 27199, '@tb:identifier.taxonVariant': 63497, '@ubio': '2653534', '@uniprot': '115665'}",Solanum jamaicense,399740,-,Solanum jamaicense
Solanum carduiforme,Solanum carduiforme,ot_1003_Tr100305.nex,"{'@tb:identifier.taxon': 34296, '@tb:identifier.taxonVariant': 79172, '@ubio': '9225291', '@uniprot': '368027'}",Solanum carduiforme,1044895,-,Solanum carduiforme
Nolana linearifolia,Nolana linearifolia,ot_1003_Tr100305.nex,"{'@tb:identifier.taxon': 395099, '@tb:identifier.taxonVariant': 405832, '@ubio': '9382413', '@uniprot': '459195'}",Nolana linearifolia,705990,-,Nolana linearifolia
Solanum multiinterruptum,Solanum multiinterruptum,ot_1003_Tr100305.nex,"{'@tb:identifier.taxon': 278970, '@tb:identifier.taxonVariant': 332729, '@ubio': '5862777', '@uniprot': '317829'}",Solanum multiinterruptum,447388,-,Solanum multiinterruptum
Solanum tredecimgranum,Solanum tredecimgranum,ot_1003_Tr100305.nex,"{'@tb:identifier.taxon': 619634, '@tb:identifier.taxonVariant': 829722, '@ubio': '9168292'}",Solanum tredecimgranum,3869645,-,Solanum tredecimgranum
Petunia integrifolia,Petunia integrifolia,ot_1003_Tr100305.nex,"{'@tb:identifier.taxon': 50910, '@tb:identifier.taxonVariant': 120507, '@ubio': '2653656', '@uniprot': '4103'}",Petunia integrifolia,1020641,-,Petunia integrifolia
Cestrum rigidum,Cestrum rigidum,ot_1003_Tr100305.nex,"{'@tb:identifier.taxon': 408225, '@tb:identifier.taxonVariant': 409993, '@ubio': '3439950', '@uniprot': '481617'}",Cestrum rigidum,171405,-,Cestrum rigidum
Dunalia brachyacantha,Dunalia brachyacantha,ot_1003_Tr100305.nex,"{'@tb:identifier.taxon': 35215, '@tb:identifier.taxonVariant': 81614, '@ubio': '3410219', '@uniprot': '362345'}",Dunalia brachyacantha,448168,-,Dunalia brachyacantha
Solanum orbiculatum,Solanum orbiculatum,ot_1003_Tr100305.nex,"{'@tb:identifier.taxon': 349418, '@tb:identifier.taxonVariant': 382910, '@ubio': '9109332', '@uniprot': '401003'}",Solanum orbiculatum,193894,-,Solanum orbiculatum
Hyoscyamus aureus,Hyoscyamus aureus,ot_1003_Tr100305.nex,"{'@tb:identifier.taxon': 326604, '@tb:identifier.taxonVariant': 368168, '@ubio': '5873281', '@uniprot': '374038'}",Hyoscyamus aureus,626050,-,Hyoscyamus aureus
Solanum havanense,Solanum havanense,ot_1003_Tr100305.nex,"{'@tb:identifier.taxon': 27186, '@tb:identifier.taxonVariant': 63468, '@ubio': '5970596', '@uniprot': '205554'}",Solanum havanense,261798,-,Solanum havanense
Solanum multispinum,Solanum multispinum,ot_1003_Tr100305.nex,"{'@tb:identifier.taxon': 27224, '@tb:identifier.taxonVariant': 63553, '@ubio': '1800808', '@uniprot': '329788'}",Solanum multispinum,691757,-,Solanum multispinum
Jaltomata bicolor,Jaltomata bicolor,ot_1003_Tr100305.nex,"{'@tb:identifier.taxon': 570315, '@tb:identifier.taxonVariant': 790597, '@ubio': '9183650'}",Jaltomata bicolor,482490,-,Jaltomata bicolor
Lycium puberulum,Lycium puberulum,ot_1003_Tr100305.nex,"{'@tb:identifier.taxon': 127954, '@tb:identifier.taxonVariant': 205503, '@ubio': '2653624', '@uniprot': '127638'}",Lycium puberulum,31869,-,Lycium puberulum
Jaltomata chotanae,Jaltomata chotanae,ot_1003_Tr100305.nex,-,Jaltomata chotanae,1058969,-,Jaltomata chotanae
Petunia exserta,Petunia exserta,ot_1003_Tr100305.nex,"{'@tb:identifier.taxon': 283627, '@tb:identifier.taxonVariant': 336740, '@ubio': '5912952', '@uniprot': '323115'}",Petunia exserta,446939,-,Petunia exserta
Iochroma squamosum,Iochroma squamosum,ot_1003_Tr100305.nex,"{'@tb:identifier.taxon': 35197, '@tb:identifier.taxonVariant': 81554, '@ubio': '8948682', '@uniprot': '362372'}",Iochroma squamosum,655928,-,Iochroma squamosum
Cestrum oblongifolium,Cestrum oblongifolium,ot_1003_Tr100305.nex,"{'@tb:identifier.taxon': 36731, '@tb:identifier.taxonVariant': 85011, '@ubio': '9143410', '@uniprot': '385336'}",Cestrum oblongifolium,317948,-,Cestrum oblongifolium
Lycium fremontii,Lycium fremontii,ot_1003_Tr100305.nex,"{'@tb:identifier.taxon': 127951, '@tb:identifier.taxonVariant': 205499, '@ubio': '2653620', '@uniprot': '127635'}",Lycium fremontii,109764,-,Lycium fremontii
Solanum mitchellianum,Solanum mitchellianum,ot_1003_Tr100305.nex,"{'@tb:identifier.taxon': 619581, '@tb:identifier.taxonVariant': 829660, '@ubio': '9208762'}",Solanum mitchellianum,464540,-,Solanum mitchellianum
Solanum physalifolium,Solanum physalifolium,ot_1003_Tr100305.nex,"{'@tb:identifier.taxon': 27243, '@tb:identifier.taxonVariant': 63590, '@ubio': '2669396', '@uniprot': '45836'}",Solanum physalifolium,121221,-,Solanum physalifolium
Solanum muricatum,Solanum muricatum,ot_1003_Tr100305.nex,"{'@tb:identifier.taxon': 27225, '@tb:identifier.taxonVariant': 63555, '@ubio': '2669878', '@uniprot': '205567'}",Solanum muricatum,785114,-,Solanum muricatum
Solanum cylindricum,Solanum cylindricum,ot_1003_Tr100305.nex,"{'@tb:identifier.taxon': 40227, '@tb:identifier.taxonVariant': 93373, '@ubio': '3440655', '@uniprot': '265397'}",Solanum cylindricum,280105,-,Solanum cylindricum
Nicotiana raimondii,Nicotiana raimondii,ot_1003_Tr100305.nex,"{'@tb:identifier.taxon': 184582, '@tb:identifier.taxonVariant': 257212, '@ubio': '5862040', '@uniprot': '200312'}",Nicotiana raimondii,232358,-,Nicotiana raimondii
Deprea nieva,Larnax nieva,ot_1003_Tr100305.nex,"{'@tb:identifier.taxon': 619543, '@tb:identifier.taxonVariant': 829622, '@ubio': '9144779'}",Deprea nieva,903506,-,Larnax nieva
Solanum pseudocapsicum,Solanum pseudocapsicum,ot_1003_Tr100305.nex,"{'@tb:identifier.taxon': 632131, '@tb:identifier.taxonVariant': 847143, '@ubio': '457629', '@uniprot': '45837'}",Solanum pseudocapsicum,121218,-,Solanum pseudocapsicum
Solanum taeniotrichum,Solanum taeniotrichum,ot_1003_Tr100305.nex,"{'@tb:identifier.taxon': 632185, '@tb:identifier.taxonVariant': 847197, '@ubio': '9163958', '@uniprot': '315331'}",Solanum taeniotrichum,46932,-,Solanum taeniotrichum
Solanum thomasiifolium,Solanum thomasiifolium,ot_1003_Tr100305.nex,"{'@tb:identifier.taxon': 604577, '@tb:identifier.taxonVariant': 806769, '@ubio': '3440698'}",Solanum thomasiifolium,715550,-,Solanum thomasiifolium
Lycium tenue,Lycium tenue,ot_1003_Tr100305.nex,"{'@tb:identifier.taxon': 149242, '@tb:identifier.taxonVariant': 225055, '@ubio': '5992278', '@uniprot': '155083'}",Lycium tenue,814776,-,Lycium tenue
Physalis heterophylla,Physalis heterophylla,ot_1003_Tr100305.nex,"{'@tb:identifier.taxon': 22169, '@tb:identifier.taxonVariant': 51549, '@ubio': '2653667', '@uniprot': '304155'}",Physalis heterophylla,940381,-,Physalis heterophylla
Cestrum miradorense,Cestrum miradorense,ot_1003_Tr100305.nex,"{'@tb:identifier.taxon': 36733, '@tb:identifier.taxonVariant': 85015, '@ubio': '9113875', '@uniprot': '385334'}",Cestrum miradorense,317964,-,Cestrum miradorense
Nicotiana knightiana,Nicotiana knightiana,ot_1003_Tr100305.nex,"{'@tb:identifier.taxon': 121184, '@tb:identifier.taxonVariant': 198993, '@ubio': '5862034', '@uniprot': '118699'}",Nicotiana knightiana,1031860,-,Nicotiana knightiana
Nicotiana cavicola,Nicotiana cavicola,ot_1003_Tr100305.nex,"{'@tb:identifier.taxon': 121176, '@tb:identifier.taxonVariant': 198984, '@ubio': '5845866', '@uniprot': '118690'}",Nicotiana cavicola,1031846,-,Nicotiana cavicola
Montinia,Montinia,ot_1003_Tr100304.nex,"{'@tb:identifier.taxon': 18112, '@tb:identifier.taxonVariant': 42386, '@ubio': '244044', '@uniprot': '23083'}",Montinia,642540,-,Montinia
Grammosolen dixonii,Grammosolen dixonii,ot_1003_Tr100305.nex,"{'@tb:identifier.taxon': 12515, '@tb:identifier.taxonVariant': 29690, '@ubio': '1800414', '@uniprot': '195739'}",Grammosolen dixonii,810434,-,Grammosolen dixonii
Solanum clarkiae,Solanum clarkiae,ot_1003_Tr100305.nex,"{'@tb:identifier.taxon': 27156, '@tb:identifier.taxonVariant': 63410, '@ubio': '5983838', '@uniprot': '329767'}",Solanum clarkiae,535383,-,Solanum clarkiae
Nolana pallida,Nolana pallida,ot_1003_Tr100305.nex,"{'@tb:identifier.taxon': 395100, '@tb:identifier.taxonVariant': 405834, '@ubio': '9381835', '@uniprot': '459196'}",Nolana pallida,705984,-,Nolana pallida
Eriolarynx fasciculata,Eriolarynx fasciculata,ot_1003_Tr100305.nex,"{'@tb:identifier.taxon': 316955, '@tb:identifier.taxonVariant': 361710, '@ubio': '10296475', '@uniprot': '362351'}",Eriolarynx fasciculata,240240,-,Eriolarynx fasciculata
Solanum pallidum,Solanum pallidum,ot_1003_Tr100305.nex,"{'@tb:identifier.taxon': 619586, '@tb:identifier.taxonVariant': 829665, '@ubio': '3440818'}",Solanum pallidum,3869985,-,Solanum pallidum
Capsicum villosum,Capsicum villosum,ot_1003_Tr100305.nex,"{'@tb:identifier.taxon': 397352, '@tb:identifier.taxonVariant': 406673, '@ubio': '5891465', '@uniprot': '462294'}",Capsicum villosum,445174,-,Capsicum villosum
Nicotiana rustica,Nicotiana rustica,ot_1003_Tr100305.nex,"{'@tb:identifier.taxon': 50906, '@tb:identifier.taxonVariant': 120502, '@ubio': '2653641', '@uniprot': '4093'}",Nicotiana rustica,222777,-,Nicotiana rustica
Solanum retroflexum,Solanum retroflexum,ot_1003_Tr100305.nex,"{'@tb:identifier.taxon': 218459, '@tb:identifier.taxonVariant': 285150, '@ubio': '5882717', '@uniprot': '241759'}",Solanum retroflexum,3869835,-,Solanum retroflexum
Solanum heterodoxum,Solanum heterodoxum,ot_1003_Tr100305.nex,"{'@tb:identifier.taxon': 537257, '@tb:identifier.taxonVariant': 712708}",Solanum heterodoxum,348195,-,Solanum heterodoxum
Solanum glaucophyllum,Solanum glaucophyllum,ot_1003_Tr100305.nex,"{'@tb:identifier.taxon': 632141, '@tb:identifier.taxonVariant': 847153, '@ubio': '476060', '@uniprot': '52877'}",Solanum glaucophyllum,326639,-,Solanum glaucophyllum
Lycianthes lycioides,Lycianthes lycioides,ot_1003_Tr100305.nex,"{'@tb:identifier.taxon': 73489, '@tb:identifier.taxonVariant': 150304, '@ubio': '5954860', '@uniprot': '53504'}",Lycianthes lycioides,670616,-,Lycianthes lycioides
Capsicum lanceolatum,Capsicum lanceolatum,ot_1003_Tr100305.nex,"{'@tb:identifier.taxon': 218455, '@tb:identifier.taxonVariant': 285143, '@ubio': '5891489', '@uniprot': '241755'}",Capsicum lanceolatum,169499,-,Capsicum lanceolatum
Espadaea amoena,Espadaea amoena,ot_1003_Tr100305.nex,"{'@tb:identifier.taxon': 205525, '@tb:identifier.taxonVariant': 274982, '@ubio': '3439685', '@uniprot': '225617'}",Espadaea amoena,1040643,-,Espadaea amoena
Solanum rudepannum,Solanum rudepannum,ot_1003_Tr100305.nex,"{'@tb:identifier.taxon': 604561, '@tb:identifier.taxonVariant': 806753, '@ubio': '3440632'}",Solanum rudepannum,192054,-,Solanum rudepannum
Nolana salsoloides,Nolana salsoloides,ot_1003_Tr100305.nex,"{'@tb:identifier.taxon': 95048, '@tb:identifier.taxonVariant': 174219, '@ubio': '5957967', '@uniprot': '84198'}",Nolana salsoloides,899686,-,Nolana salsoloides
Solanum elachophyllum,Solanum elachophyllum,ot_1003_Tr100305.nex,"{'@tb:identifier.taxon': 619562, '@tb:identifier.taxonVariant': 829641, '@ubio': '9225346'}",Solanum elachophyllum,414060,-,Solanum elachophyllum
Solanum coriaceum,Solanum coriaceum,ot_1003_Tr100305.nex,"{'@tb:identifier.taxon': 604540, '@tb:identifier.taxonVariant': 806732, '@ubio': '3440704'}",Solanum coriaceum,939585,-,Solanum coriaceum
Solanum pinetorum,Solanum pinetorum,ot_1003_Tr100305.nex,"{'@tb:identifier.taxon': 40221, '@tb:identifier.taxonVariant': 93360, '@ubio': '5993467', '@uniprot': '265409'}",Solanum pinetorum,722394,-,Solanum pinetorum
Nolana filifolia,Nolana filifolia,ot_1003_Tr100305.nex,"{'@tb:identifier.taxon': 395095, '@tb:identifier.taxonVariant': 405827, '@ubio': '5877712', '@uniprot': '459191'}",Nolana filifolia,705982,-,Nolana filifolia
Mandragora chinghaiensis,Mandragora chinghaiensis,ot_1003_Tr100305.nex,"{'@tb:identifier.taxon': 295887, '@tb:identifier.taxonVariant': 345988, '@ubio': '9180489', '@uniprot': '337264'}",Mandragora chinghaiensis,54268,-,Mandragora chinghaiensis
Solanum confusum,Solanum confusum,ot_1003_Tr100305.nex,"{'@tb:identifier.taxon': 40229, '@tb:identifier.taxonVariant': 93379, '@ubio': '3440635', '@uniprot': '265395'}",Solanum confusum,364048,-,Solanum confusum
Solanum humile,Solanum humile,ot_1003_Tr100305.nex,"{'@tb:identifier.taxon': 546235, '@tb:identifier.taxonVariant': 724384, '@ubio': '9179268', '@uniprot': '666135'}",Solanum humile,331171,-,Solanum humile
Solanum macrocarpon,Solanum macrocarpon,ot_1003_Tr100305.nex,"{'@tb:identifier.taxon': 27211, '@tb:identifier.taxonVariant': 63528, '@ubio': '2669876', '@uniprot': '115666'}",Solanum macrocarpon,399738,-,Solanum macrocarpon
Lycium fuscum,Lycium fuscum,ot_1003_Tr100305.nex,"{'@tb:identifier.taxon': 362376, '@tb:identifier.taxonVariant': 390404, '@ubio': '9105126', '@uniprot': '416530'}",Lycium fuscum,86082,-,Lycium fuscum
Capsicum baccatum,Capsicum baccatum,ot_1003_Tr100305.nex,"{'@tb:identifier.taxon': 4847, '@tb:identifier.taxonVariant': 11680, '@ubio': '2777815', '@uniprot': '33114'}",Capsicum baccatum,232458,-,Capsicum baccatum
Solanum arachnidanthum,Solanum arachnidanthum,ot_1003_Tr100305.nex,"{'@tb:identifier.taxon': 604569, '@tb:identifier.taxonVariant': 806761, '@ubio': '3440763'}",Solanum arachnidanthum,364016,-,Solanum arachnidanthum
Cestrum fragile,Cestrum fragile,ot_1003_Tr100305.nex,"{'@tb:identifier.taxon': 36741, '@tb:identifier.taxonVariant': 85032, '@ubio': '9113197', '@uniprot': '385325'}",Cestrum fragile,392635,-,Cestrum fragile
Solanum incanum,Solanum incanum,ot_1003_Tr100305.nex,"{'@tb:identifier.taxon': 27194, '@tb:identifier.taxonVariant': 63485, '@ubio': '2669873', '@uniprot': '329779'}",Solanum incanum,14204,-,Solanum incanum
Solanum stramoniifolium,Solanum stramoniifolium,ot_1003_Tr100305.nex,"{'@tb:identifier.taxon': 27278, '@tb:identifier.taxonVariant': 113551, '@ubio': '3440898', '@uniprot': '205583'}",Solanum stramoniifolium,4050,-,Solanum stramoniifolium
Sessea stipulata,Sessea stipulata,ot_1003_Tr100305.nex,"{'@tb:identifier.taxon': 36749, '@tb:identifier.taxonVariant': 85051, '@ubio': '9123112', '@uniprot': '385349'}",Sessea stipulata,242634,-,Sessea stipulata
Anthotroche blackii,Anthotroche blackii,ot_1003_Tr100305.nex,"{'@tb:identifier.taxon': 1872, '@tb:identifier.taxonVariant': 4571, '@ubio': '5969244', '@uniprot': '195725'}",Anthotroche blackii,286572,-,Anthotroche blackii
Datura stramonium,Datura stramonium,ot_1003_Tr100305.nex,"{'@tb:identifier.taxon': 8479, '@tb:identifier.taxonVariant': 20365, '@ubio': '2653602', '@uniprot': '4076'}",Datura stramonium,822825,-,Datura stramonium
Nicotiana sylvestris,Nicotiana sylvestris,ot_1003_Tr100305.nex,"{'@tb:identifier.taxon': 19094, '@tb:identifier.taxonVariant': 44448, '@ubio': '2653642', '@uniprot': '4096'}",Nicotiana sylvestris,222794,-,Nicotiana sylvestris
Physalis arenicola,Physalis arenicola,ot_1003_Tr100305.nex,"{'@tb:identifier.taxon': 22157, '@tb:identifier.taxonVariant': 51521, '@ubio': '2653661', '@uniprot': '304139'}",Physalis arenicola,788350,-,Physalis arenicola
Cestrum sphaerocarpum,Cestrum sphaerocarpum,ot_1003_Tr100305.nex,"{'@tb:identifier.taxon': 36726, '@tb:identifier.taxonVariant': 84999, '@ubio': '9140747', '@uniprot': '385342'}",Cestrum sphaerocarpum,242621,-,Cestrum sphaerocarpum
Nolana carnosa,Nolana carnosa,ot_1003_Tr100305.nex,"{'@tb:identifier.taxon': 95025, '@tb:identifier.taxonVariant': 174196, '@ubio': '5957950', '@uniprot': '84175'}",Nolana carnosa,696712,-,Nolana carnosa
Solanum chomatophilum,Solanum chomatophilum,ot_1003_Tr100305.nex,"{'@tb:identifier.taxon': 278961, '@tb:identifier.taxonVariant': 332713, '@ubio': '3440747', '@uniprot': '317820'}",Solanum chomatophilum,447374,-,Solanum chomatophilum
Nicotiana forsteri,Nicotiana forsteri,ot_1003_Tr100305.nex,"{'@tb:identifier.taxon': 601590, '@tb:identifier.taxonVariant': 802114, '@ubio': '9231693'}",Nicotiana forsteri,918414,-,Nicotiana forsteri
Vassobia dichotoma,Vassobia dichotoma,ot_1003_Tr100305.nex,"{'@tb:identifier.taxon': 35188, '@tb:identifier.taxonVariant': 81525, '@ubio': '9176793', '@uniprot': '362379'}",Vassobia dichotoma,1024743,-,Vassobia dichotoma
Lycium ferocissimum,Lycium ferocissimum,ot_1003_Tr100305.nex,"{'@tb:identifier.taxon': 16494, '@tb:identifier.taxonVariant': 38663, '@ubio': '3440212', '@uniprot': '112874'}",Lycium ferocissimum,560945,-,Lycium ferocissimum
Anthocercis viscosa,Anthocercis viscosa,ot_1003_Tr100305.nex,"{'@tb:identifier.taxon': 1858, '@tb:identifier.taxonVariant': 4539, '@ubio': '1800148', '@uniprot': '33112'}",Anthocercis viscosa,232452,-,Anthocercis viscosa
Physalis peruviana,Physalis peruviana,ot_1003_Tr100305.nex,"{'@tb:identifier.taxon': 22184, '@tb:identifier.taxonVariant': 51583, '@ubio': '2653670', '@uniprot': '126903'}",Physalis peruviana,950227,-,Physalis peruviana
Solanum stoloniferum,Solanum stoloniferum,ot_1003_Tr100305.nex,"{'@tb:identifier.taxon': 632160, '@tb:identifier.taxonVariant': 847172, '@ubio': '1801192', '@uniprot': '62892'}",Solanum stoloniferum,885249,-,Solanum stoloniferum
Jaltomata leivae,Jaltomata leivae,ot_1003_Tr100305.nex,-,Jaltomata leivae,1058979,-,Jaltomata leivae
Nierembergia boliviana,Nierembergia boliviana,ot_1003_Tr100305.nex,"{'@tb:identifier.taxon': 41307, '@tb:identifier.taxonVariant': 96282, '@ubio': '9224097', '@uniprot': '289839'}",Nierembergia boliviana,292484,-,Nierembergia boliviana
Deprea subtriflora,Larnax subtriflora,ot_1003_Tr100305.nex,"{'@tb:identifier.taxon': 118764, '@tb:identifier.taxonVariant': 197114, '@ubio': '5960796', '@uniprot': '115739'}",Deprea subtriflora,903492,-,Larnax subtriflora
Solanum crispum,Solanum crispum,ot_1003_Tr100305.nex,"{'@tb:identifier.taxon': 27164, '@tb:identifier.taxonVariant': 63426, '@ubio': '1801095', '@uniprot': '4110'}",Solanum crispum,494840,-,Solanum crispum
Cestrum regelii,Cestrum regelii,ot_1003_Tr100305.nex,"{'@tb:identifier.taxon': 36728, '@tb:identifier.taxonVariant': 85005, '@ubio': '9138626', '@uniprot': '385339'}",Cestrum regelii,969139,-,Cestrum regelii
Solanum nummularium,Solanum nummularium,ot_1003_Tr100305.nex,"{'@tb:identifier.taxon': 27231, '@tb:identifier.taxonVariant': 63565, '@ubio': '3440463', '@uniprot': '329791'}",Solanum nummularium,580646,-,Solanum nummularium
Solanum aculeastrum,Solanum aculeastrum,ot_1003_Tr100305.nex,"{'@tb:identifier.taxon': 27117, '@tb:identifier.taxonVariant': 63325, '@ubio': '2669865', '@uniprot': '329759'}",Solanum aculeastrum,66070,-,Solanum aculeastrum
Cestrum thyrsoideum,Cestrum thyrsoideum,ot_1003_Tr100305.nex,"{'@tb:identifier.taxon': 36724, '@tb:identifier.taxonVariant': 84994, '@ubio': '9143246', '@uniprot': '385343'}",Cestrum thyrsoideum,242619,-,Cestrum thyrsoideum
Solanum oedipus,Solanum oedipus,ot_1003_Tr100305.nex,"{'@tb:identifier.taxon': 34303, '@tb:identifier.taxonVariant': 79185, '@ubio': '9235850', '@uniprot': '368037'}",Solanum oedipus,518425,-,Solanum oedipus
Lycium berlandieri,Lycium berlandieri,ot_1003_Tr100305.nex,"{'@tb:identifier.taxon': 116725, '@tb:identifier.taxonVariant': 195081, '@ubio': '2653614', '@uniprot': '112864'}",Lycium berlandieri,40045,-,Lycium berlandieri
Solanum pancheri,Solanum pancheri,ot_1003_Tr100305.nex,"{'@tb:identifier.taxon': 27237, '@tb:identifier.taxonVariant': 63578, '@ubio': '3440451', '@uniprot': '329792'}",Solanum pancheri,580593,-,Solanum pancheri
Solanum hayesii,Solanum hayesii,ot_1003_Tr100305.nex,"{'@tb:identifier.taxon': 554829, '@tb:identifier.taxonVariant': 735077, '@ubio': '3440560', '@uniprot': '681490'}",Solanum hayesii,129612,-,Solanum hayesii
Solanum aggregatum,Solanum aggregatum,ot_1003_Tr100305.nex,"{'@tb:identifier.taxon': 27122, '@tb:identifier.taxonVariant': 63338, '@ubio': '5970584', '@uniprot': '205525'}",Solanum aggregatum,886504,-,Solanum aggregatum
Cestrum aurantiacum,Cestrum aurantiacum,ot_1003_Tr100305.nex,"{'@tb:identifier.taxon': 36746, '@tb:identifier.taxonVariant': 85042, '@ubio': '2666057', '@uniprot': '385319'}",Cestrum aurantiacum,918544,-,Cestrum aurantiacum
Jaltomata truxillana,Jaltomata truxillana,ot_1003_Tr100305.nex,-,Jaltomata truxillana,68610,-,Jaltomata truxillana
Nolana pterocarpa,Nolana pterocarpa,ot_1003_Tr100305.nex,"{'@tb:identifier.taxon': 95045, '@tb:identifier.taxonVariant': 174216, '@ubio': '5957966', '@uniprot': '84195'}",Nolana pterocarpa,899669,-,Nolana pterocarpa
Solanum endopogon,Solanum endopogon,ot_1003_Tr100305.nex,"{'@tb:identifier.taxon': 40212, '@tb:identifier.taxonVariant': 93342, '@ubio': '3440706', '@uniprot': '265421'}",Solanum endopogon,985299,-,Solanum endopogon
Jaltomata aspera,Jaltomata aspera,ot_1003_Tr100305.nex,"{'@tb:identifier.taxon': 570313, '@tb:identifier.taxonVariant': 790588, '@ubio': '9183642'}",Jaltomata aspera,482486,-,Jaltomata aspera
Physalis virginiana,Physalis virginiana,ot_1003_Tr100305.nex,"{'@tb:identifier.taxon': 22190, '@tb:identifier.taxonVariant': 51602, '@ubio': '2653675', '@uniprot': '304158'}",Physalis virginiana,146523,-,Physalis virginiana
Physalis lagascae,Physalis lagascae,ot_1003_Tr100305.nex,"{'@tb:identifier.taxon': 22172, '@tb:identifier.taxonVariant': 51558, '@ubio': '2785825', '@uniprot': '304149'}",Physalis lagascae,298450,-,Physalis lagascae
Solanum angustifolium,Solanum angustifolium,ot_1003_Tr100305.nex,"{'@tb:identifier.taxon': 537253, '@tb:identifier.taxonVariant': 712699}",Solanum angustifolium,1057656,-,Solanum angustifolium
Saracha punctata,Saracha punctata,ot_1003_Tr100305.nex,"{'@tb:identifier.taxon': 26124, '@tb:identifier.taxonVariant': 61120, '@ubio': '3440357', '@uniprot': '126905'}",Saracha punctata,950234,-,Saracha punctata
Jaltomata grandiflora,Jaltomata grandiflora,ot_1003_Tr100305.nex,"{'@tb:identifier.taxon': 14823, '@tb:identifier.taxonVariant': 34828, '@ubio': '9187199', '@uniprot': '540807'}",Jaltomata grandiflora,434589,-,Jaltomata grandiflora
Solanum montanum,Solanum montanum,ot_1003_Tr100305.nex,"{'@tb:identifier.taxon': 632138, '@tb:identifier.taxonVariant': 847150, '@ubio': '5863019', '@uniprot': '205565'}",Solanum montanum,785110,-,Solanum montanum
Nicotiana simulans,Nicotiana simulans,ot_1003_Tr100305.nex,"{'@tb:identifier.taxon': 121194, '@tb:identifier.taxonVariant': 199002, '@ubio': '5845924', '@uniprot': '118709'}",Nicotiana simulans,733979,-,Nicotiana simulans
Solanum abutiloides,Solanum abutiloides,ot_1003_Tr100305.nex,"{'@tb:identifier.taxon': 27114, '@tb:identifier.taxonVariant': 63317, '@ubio': '3440766', '@uniprot': '45831'}",Solanum abutiloides,121213,-,Solanum abutiloides
Solanum shirleyanum,Solanum shirleyanum,ot_1003_Tr100305.nex,"{'@tb:identifier.taxon': 619635, '@tb:identifier.taxonVariant': 829723, '@ubio': '9208806'}",Solanum shirleyanum,715566,-,Solanum shirleyanum
Jaltomata antillana,Jaltomata antillana,ot_1003_Tr100305.nex,"{'@tb:identifier.taxon': 14819, '@tb:identifier.taxonVariant': 34817, '@ubio': '2667659', '@uniprot': '315330'}",Jaltomata antillana,46934,-,Jaltomata antillana
Solanum pimpinellifolium,Solanum pimpinellifolium,ot_1003_Tr100305.nex,"{'@tb:identifier.taxon': 632149, '@tb:identifier.taxonVariant': 847161, '@ubio': '5884239', '@uniprot': '4084'}",Solanum pimpinellifolium,797186,-,Solanum pimpinellifolium
Jaltomata weberbaueri,Jaltomata weberbaueri,ot_1003_Tr100305.nex,"{'@tb:identifier.taxon': 570325, '@tb:identifier.taxonVariant': 790621, '@ubio': '9183731'}",Jaltomata weberbaueri,68632,-,Jaltomata weberbaueri
Nierembergia browallioides,Nierembergia browallioides,ot_1003_Tr100305.nex,"{'@tb:identifier.taxon': 41306, '@tb:identifier.taxonVariant': 96280, '@ubio': '9197231', '@uniprot': '274372'}",Nierembergia browallioides,474439,-,Nierembergia browallioides
Solanum phaseoloides,Solanum phaseoloides,ot_1003_Tr100305.nex,"{'@tb:identifier.taxon': 632175, '@tb:identifier.taxonVariant': 847187, '@ubio': '1801034', '@uniprot': '205570'}",Solanum phaseoloides,158090,-,Solanum phaseoloides
Physalis caudella,Physalis caudella,ot_1003_Tr100305.nex,"{'@tb:identifier.taxon': 22160, '@tb:identifier.taxonVariant': 51529, '@ubio': '2653663', '@uniprot': '304144'}",Physalis caudella,414760,-,Physalis caudella
Vestia foetida,Vestia foetida,ot_1003_Tr100305.nex,"{'@tb:identifier.taxon': 36750, '@tb:identifier.taxonVariant': 85053, '@ubio': '1801298', '@uniprot': '385351'}",Vestia foetida,817457,-,Vestia foetida
Nolana willeana,Nolana willeana,ot_1003_Tr100305.nex,"{'@tb:identifier.taxon': 532046, '@tb:identifier.taxonVariant': 705820, '@ubio': '9382959', '@uniprot': '644814'}",Nolana willeana,105170,-,Nolana willeana
Nolana leptophylla,Nolana leptophylla,ot_1003_Tr100305.nex,"{'@tb:identifier.taxon': 95041, '@tb:identifier.taxonVariant': 174212, '@ubio': '5957964', '@uniprot': '84191'}",Nolana leptophylla,1001627,-,Nolana leptophylla
Cuatresia riparia,Cuatresia riparia,ot_1003_Tr100305.nex,"{'@tb:identifier.taxon': 127388, '@tb:identifier.taxonVariant': 204948, '@ubio': '5961986', '@uniprot': '126898'}",Cuatresia riparia,245270,-,Cuatresia riparia
Solanum albidum,Solanum albidum,ot_1003_Tr100305.nex,"{'@tb:identifier.taxon': 604565, '@tb:identifier.taxonVariant': 806757, '@ubio': '1800732'}",Solanum albidum,364011,-,Solanum albidum
Nolana onoana,Nolana onoana,ot_1003_Tr100305.nex,"{'@tb:identifier.taxon': 395438, '@tb:identifier.taxonVariant': 784083}",Nolana onoana,632696,-,Nolana onoana
Solanum sessiliflorum,Solanum sessiliflorum,ot_1003_Tr100305.nex,"{'@tb:identifier.taxon': 27272, '@tb:identifier.taxonVariant': 63644, '@ubio': '2669864', '@uniprot': '227721'}",Solanum sessiliflorum,835560,-,Solanum sessiliflorum
Leptoglossis darcyana,Leptoglossis darcyana,ot_1003_Tr100305.nex,"{'@tb:identifier.taxon': 429020, '@tb:identifier.taxonVariant': 565225, '@ubio': '9169768', '@uniprot': '540811'}",Leptoglossis darcyana,1011312,-,Leptoglossis darcyana
Jaltomata lanata,Jaltomata lanata,ot_1003_Tr100305.nex,"{'@tb:identifier.taxon': 570328, '@tb:identifier.taxonVariant': 790632, '@ubio': '9191980'}",Jaltomata lanata,1058973,-,Jaltomata lanata
Cestrum inclusum,Cestrum inclusum,ot_1003_Tr100305.nex,"{'@tb:identifier.taxon': 36737, '@tb:identifier.taxonVariant': 85024, '@ubio': '9142490', '@uniprot': '385329'}",Cestrum inclusum,392654,-,Cestrum inclusum
Nicotiana quadrivalvis,Nicotiana quadrivalvis,ot_1003_Tr100305.nex,"{'@tb:identifier.taxon': 246774, '@tb:identifier.taxonVariant': 307296, '@ubio': '2668276', '@uniprot': '278839'}",Nicotiana quadrivalvis,576560,-,Nicotiana quadrivalvis
Salpichroa origanifolia,Salpichroa origanifolia,ot_1003_Tr100305.nex,"{'@tb:identifier.taxon': 326593, '@tb:identifier.taxonVariant': 368154, '@ubio': '2653680', '@uniprot': '374027'}",Salpichroa origanifolia,104427,-,Salpichroa origanifolia
Solanum circinatum,Solanum circinatum,ot_1003_Tr100305.nex,"{'@tb:identifier.taxon': 40207, '@tb:identifier.taxonVariant': 93334, '@ubio': '5888307', '@uniprot': '265393'}",Solanum circinatum,280098,-,Solanum circinatum
Nicotiana stocktonii,Nicotiana stocktonii,ot_1003_Tr100305.nex,"{'@tb:identifier.taxon': 121195, '@tb:identifier.taxonVariant': 199003, '@ubio': '5862049', '@uniprot': '118710'}",Nicotiana stocktonii,210472,-,Nicotiana stocktonii
Solanum cleistogamum,Solanum cleistogamum,ot_1003_Tr100305.nex,"{'@tb:identifier.taxon': 27157, '@tb:identifier.taxonVariant': 63411, '@ubio': '5970592', '@uniprot': '205541'}",Solanum cleistogamum,836456,-,Solanum cleistogamum
Datura quercifolia,Datura quercifolia,ot_1003_Tr100305.nex,"{'@tb:identifier.taxon': 68001, '@tb:identifier.taxonVariant': 143485, '@ubio': '2653601', '@uniprot': '45451'}",Datura quercifolia,1055243,-,Datura quercifolia
Solanum rhytidoandrum,Solanum rhytidoandrum,ot_1003_Tr100305.nex,"{'@tb:identifier.taxon': 604559, '@tb:identifier.taxonVariant': 806751, '@ubio': '3440652'}",Solanum rhytidoandrum,192044,-,Solanum rhytidoandrum
Solanum tribulosum,Solanum tribulosum,ot_1003_Tr100305.nex,"{'@tb:identifier.taxon': 537263, '@tb:identifier.taxonVariant': 712719}",Solanum tribulosum,872801,-,Solanum tribulosum
Dunalia spathulata,Dunalia spathulata,ot_1003_Tr100305.nex,"{'@tb:identifier.taxon': 35212, '@tb:identifier.taxonVariant': 81602, '@ubio': '9116195', '@uniprot': '362348'}",Dunalia spathulata,448162,-,Dunalia spathulata
Solanum tegore,Solanum tegore,ot_1003_Tr100305.nex,"{'@tb:identifier.taxon': 40205, '@tb:identifier.taxonVariant': 93328, '@ubio': '5993469', '@uniprot': '265417'}",Solanum tegore,509380,-,Solanum tegore
Solanum latiflorum,Solanum latiflorum,ot_1003_Tr100305.nex,"{'@tb:identifier.taxon': 40222, '@tb:identifier.taxonVariant': 93361, '@ubio': '5993465', '@uniprot': '265403'}",Solanum latiflorum,1035635,-,Solanum latiflorum
Solanum absconditum,Solanum absconditum,ot_1003_Tr100305.nex,-,Solanum absconditum,888723,-,Solanum absconditum
Iochroma parvifolium,Iochroma parvifolium,ot_1003_Tr100305.nex,"{'@tb:identifier.taxon': 35199, '@tb:identifier.taxonVariant': 81560, '@ubio': '9188432', '@uniprot': '362365'}",Iochroma parvifolium,498955,-,Iochroma parvifolium
Nicotiana paniculata,Nicotiana paniculata,ot_1003_Tr100305.nex,"{'@tb:identifier.taxon': 19093, '@tb:identifier.taxonVariant': 44445, '@ubio': '2669883', '@uniprot': '62141'}",Nicotiana paniculata,193483,-,Nicotiana paniculata
Solanum myriacanthum,Solanum myriacanthum,ot_1003_Tr100305.nex,"{'@tb:identifier.taxon': 27227, '@tb:identifier.taxonVariant': 63557, '@ubio': '3440849', '@uniprot': '267268'}",Solanum myriacanthum,877389,-,Solanum myriacanthum
Jaltomata dentata,Jaltomata dentata,ot_1003_Tr100305.nex,"{'@tb:identifier.taxon': 326603, '@tb:identifier.taxonVariant': 368167, '@ubio': '9150780', '@uniprot': '374037'}",Jaltomata dentata,626044,-,Jaltomata dentata
Solanum cardiophyllum,Solanum cardiophyllum,ot_1003_Tr100305.nex,"{'@tb:identifier.taxon': 632165, '@tb:identifier.taxonVariant': 847177, '@ubio': '478763', '@uniprot': '160510'}",Solanum cardiophyllum,492809,-,Solanum cardiophyllum
Solanum appendiculatum,Solanum appendiculatum,ot_1003_Tr100305.nex,"{'@tb:identifier.taxon': 632176, '@tb:identifier.taxonVariant': 847188, '@ubio': '9123975', '@uniprot': '115661'}",Solanum appendiculatum,399749,-,Solanum appendiculatum
Solanum adscendens,Solanum adscendens,ot_1003_Tr100305.nex,"{'@tb:identifier.taxon': 27120, '@tb:identifier.taxonVariant': 63334, '@ubio': '2676625', '@uniprot': '205523'}",Solanum adscendens,886491,-,Solanum adscendens
Witheringia cuneata,Witheringia cuneata,ot_1003_Tr100305.nex,"{'@tb:identifier.taxon': 408229, '@tb:identifier.taxonVariant': 409997, '@ubio': '3440946', '@uniprot': '481621'}",Witheringia cuneata,745687,-,Witheringia cuneata
Lycium chinense,Lycium chinense,ot_1003_Tr100305.nex,"{'@tb:identifier.taxon': 36713, '@tb:identifier.taxonVariant': 84970, '@ubio': '2653617', '@uniprot': '112883'}",Lycium chinense,58730,-,Lycium chinense
Solanum incurvum,Solanum incurvum,ot_1003_Tr100305.nex,"{'@tb:identifier.taxon': 564521, '@tb:identifier.taxonVariant': 785374, '@ubio': '9155816', '@uniprot': '0'}",Solanum incurvum,845596,-,Solanum incurvum
Solanum goetzei,Solanum goetzei,ot_1003_Tr100305.nex,"{'@tb:identifier.taxon': 619565, '@tb:identifier.taxonVariant': 829644, '@ubio': '9183905'}",Solanum goetzei,414054,-,Solanum goetzei
Discopodium penninervium,Discopodium penninervium,ot_1003_Tr100305.nex,"{'@tb:identifier.taxon': 408217, '@tb:identifier.taxonVariant': 409981, '@ubio': '9184394', '@uniprot': '481609'}",Discopodium penninervium,694252,-,Discopodium penninervium
Solanum comarapanum,Solanum comarapanum,ot_1003_Tr100305.nex,-,Solanum comarapanum,939587,-,Solanum comarapanum
Datura metel,Datura metel,ot_1003_Tr100305.nex,"{'@tb:identifier.taxon': 61337, '@tb:identifier.taxonVariant': 135066, '@ubio': '2771311', '@uniprot': '35625'}",Datura metel,689835,-,Datura metel
Solanum quadriloculatum,Solanum quadriloculatum,ot_1003_Tr100305.nex,"{'@tb:identifier.taxon': 349420, '@tb:identifier.taxonVariant': 382912, '@ubio': '5888551', '@uniprot': '401005'}",Solanum quadriloculatum,193901,-,Solanum quadriloculatum
Lycium arenicola,Lycium arenicola,ot_1003_Tr100305.nex,"{'@tb:identifier.taxon': 301694, '@tb:identifier.taxonVariant': 350378, '@ubio': '9164585', '@uniprot': '343879'}",Lycium arenicola,970947,-,Lycium arenicola
Cestrum virgaurea,Cestrum virgaurea,ot_1003_Tr100305.nex,"{'@tb:identifier.taxon': 36720, '@tb:identifier.taxonVariant': 84985, '@ubio': '9138542', '@uniprot': '385347'}",Cestrum virgaurea,242626,-,Cestrum virgaurea
Lycianthes peduncularis,Lycianthes peduncularis,ot_1003_Tr100305.nex,"{'@tb:identifier.taxon': 342857, '@tb:identifier.taxonVariant': 378924, '@ubio': '8728646', '@uniprot': '393158'}",Lycianthes peduncularis,339719,-,Lycianthes peduncularis
Solanum johnsonianum,Solanum johnsonianum,ot_1003_Tr100305.nex,"{'@tb:identifier.taxon': 619572, '@tb:identifier.taxonVariant': 829651, '@ubio': '8399812'}",Solanum johnsonianum,991010,-,Solanum johnsonianum
Jaltomata umbellata,Jaltomata umbellata,ot_1003_Tr100305.nex,"{'@tb:identifier.taxon': 570320, '@tb:identifier.taxonVariant': 790609, '@ubio': '9183706'}",Jaltomata umbellata,305676,-,Jaltomata umbellata
Solanum tripartitum,Solanum tripartitum,ot_1003_Tr100305.nex,"{'@tb:identifier.taxon': 27288, '@tb:identifier.taxonVariant': 63673, '@ubio': '5862991', '@uniprot': '52879'}",Solanum tripartitum,326629,-,Solanum tripartitum
Nolana rostrata,Nolana rostrata,ot_1003_Tr100305.nex,"{'@tb:identifier.taxon': 95047, '@tb:identifier.taxonVariant': 174218, '@ubio': '5877706', '@uniprot': '84197'}",Nolana rostrata,899666,-,Nolana rostrata
Physalis sordida,Physalis sordida,ot_1003_Tr100305.nex,"{'@tb:identifier.taxon': 22189, '@tb:identifier.taxonVariant': 51599, '@ubio': '5981235', '@uniprot': '304128'}",Physalis sordida,264849,-,Physalis sordida
Solanum sisymbriifolium,Solanum sisymbriifolium,ot_1003_Tr100305.nex,"{'@tb:identifier.taxon': 27274, '@tb:identifier.taxonVariant': 63648, '@ubio': '2653550', '@uniprot': '205582'}",Solanum sisymbriifolium,4047,-,Solanum sisymbriifolium
Protoschwenkia mandonii,Protoschwenkia mandonii,ot_1003_Tr100305.nex,"{'@tb:identifier.taxon': 376168, '@tb:identifier.taxonVariant': 398421, '@ubio': '9233643', '@uniprot': '434266'}",Protoschwenkia mandonii,549358,-,Protoschwenkia mandonii
Solanum capsiciforme,Solanum capsiciforme,ot_1003_Tr100305.nex,"{'@tb:identifier.taxon': 570039, '@tb:identifier.taxonVariant': 790062, '@ubio': '9108181'}",Solanum capsiciforme,503662,-,Solanum capsiciforme
Nolana werdermannii,Nolana werdermannii,ot_1003_Tr100305.nex,"{'@tb:identifier.taxon': 362389, '@tb:identifier.taxonVariant': 390425, '@ubio': '9381405', '@uniprot': '416543'}",Nolana werdermannii,505224,-,Nolana werdermannii
Nolana sessiliflora,Nolana sessiliflora,ot_1003_Tr100305.nex,"{'@tb:identifier.taxon': 395105, '@tb:identifier.taxonVariant': 405840, '@ubio': '9382588', '@uniprot': '459201'}",Nolana sessiliflora,551330,-,Nolana sessiliflora
Solanum pennellii,Solanum pennellii,ot_1003_Tr100305.nex,"{'@tb:identifier.taxon': 632151, '@tb:identifier.taxonVariant': 847163, '@ubio': '5862857', '@uniprot': '28526'}",Solanum pennellii,1069768,-,Solanum pennellii
Iochroma lehmannii,Iochroma lehmannii,ot_1003_Tr100305.nex,"{'@tb:identifier.taxon': 35202, '@tb:identifier.taxonVariant': 81571, '@ubio': '7148207', '@uniprot': '362362'}",Iochroma lehmannii,498942,-,Iochroma lehmannii
Solanum giganteum,Solanum giganteum,ot_1003_Tr100305.nex,"{'@tb:identifier.taxon': 326586, '@tb:identifier.taxonVariant': 368143, '@ubio': '5863024', '@uniprot': '374017'}",Solanum giganteum,573875,-,Solanum giganteum
Solanum maglia,Solanum maglia,ot_1003_Tr100305.nex,"{'@tb:identifier.taxon': 162432, '@tb:identifier.taxonVariant': 237432, '@ubio': '5862768', '@uniprot': '172791'}",Solanum maglia,598927,-,Solanum maglia
Datura rosei,Datura rosei,ot_1003_Tr100305.nex,"{'@tb:identifier.taxon': 619539, '@tb:identifier.taxonVariant': 829615, '@ubio': '3440095'}",Datura rosei,644771,-,Datura rosei
Iochroma calycinum,Iochroma calycinum,ot_1003_Tr100305.nex,"{'@tb:identifier.taxon': 35210, '@tb:identifier.taxonVariant': 81595, '@ubio': '9116868', '@uniprot': '362353'}",Iochroma calycinum,974487,-,Iochroma calycinum
Cestrum tomentosum,Cestrum tomentosum,ot_1003_Tr100305.nex,"{'@tb:identifier.taxon': 36723, '@tb:identifier.taxonVariant': 84992, '@ubio': '3439958', '@uniprot': '385344'}",Cestrum tomentosum,242632,-,Cestrum tomentosum
Cuatresia exiguiflora,Cuatresia exiguiflora,ot_1003_Tr100305.nex,"{'@tb:identifier.taxon': 408226, '@tb:identifier.taxonVariant': 409995, '@ubio': '9184764', '@uniprot': '481618'}",Cuatresia exiguiflora,171407,-,Cuatresia exiguiflora
Nolana incana,Nolana incana,ot_1003_Tr100305.nex,"{'@tb:identifier.taxon': 95039, '@tb:identifier.taxonVariant': 174210, '@ubio': '5957962', '@uniprot': '84189'}",Nolana incana,405124,-,Nolana incana
Solanum polyadenium,Solanum polyadenium,ot_1003_Tr100305.nex,"{'@tb:identifier.taxon': 632161, '@tb:identifier.taxonVariant': 847173, '@ubio': '5862832', '@uniprot': '62893'}",Solanum polyadenium,913165,-,Solanum polyadenium
Datura discolor,Datura discolor,ot_1003_Tr100305.nex,"{'@tb:identifier.taxon': 615219, '@tb:identifier.taxonVariant': 822775, '@ubio': '2653599'}",Datura discolor,644783,-,Datura discolor
Solanum etuberosum,Solanum etuberosum,ot_1003_Tr100305.nex,"{'@tb:identifier.taxon': 632157, '@tb:identifier.taxonVariant': 847169, '@ubio': '5866287', '@uniprot': '200525'}",Solanum etuberosum,661308,-,Solanum etuberosum
Solanum multifidum,Solanum multifidum,ot_1003_Tr100305.nex,"{'@tb:identifier.taxon': 632136, '@tb:identifier.taxonVariant': 847148, '@ubio': '5863023', '@uniprot': '205566'}",Solanum multifidum,785112,-,Solanum multifidum
Solanum hoehnei,Solanum hoehnei,ot_1003_Tr100305.nex,"{'@tb:identifier.taxon': 27192, '@tb:identifier.taxonVariant': 63479, '@ubio': '3440450', '@uniprot': '205555'}",Solanum hoehnei,261796,-,Solanum hoehnei
Lycium morongii,Lycium morongii,ot_1003_Tr100305.nex,"{'@tb:identifier.taxon': 116735, '@tb:identifier.taxonVariant': 195088, '@ubio': '3440217', '@uniprot': '112875'}",Lycium morongii,560943,-,Lycium morongii
Solanum monarchostemon,Solanum monarchostemon,ot_1003_Tr100305.nex,"{'@tb:identifier.taxon': 619582, '@tb:identifier.taxonVariant': 829661, '@ubio': '8935754'}",Solanum monarchostemon,3869911,-,Solanum monarchostemon
Solanum pectinatum,Solanum pectinatum,ot_1003_Tr100305.nex,"{'@tb:identifier.taxon': 27240, '@tb:identifier.taxonVariant': 63584, '@ubio': '3440629', '@uniprot': '238977'}",Solanum pectinatum,510737,-,Solanum pectinatum
Witheringia solanacea,Witheringia solanacea,ot_1003_Tr100305.nex,"{'@tb:identifier.taxon': 30940, '@tb:identifier.taxonVariant': 72209, '@ubio': '3440942', '@uniprot': '52874'}",Witheringia solanacea,326647,-,Witheringia solanacea
Solanum schomburgkii,Solanum schomburgkii,ot_1003_Tr100305.nex,"{'@tb:identifier.taxon': 619632, '@tb:identifier.taxonVariant': 829720, '@ubio': '9135035'}",Solanum schomburgkii,192058,-,Solanum schomburgkii
Solanum sciadostylis,Solanum sciadostylis,ot_1003_Tr100305.nex,"{'@tb:identifier.taxon': 40224, '@tb:identifier.taxonVariant': 93366, '@ubio': '5899069', '@uniprot': '265414'}",Solanum sciadostylis,509382,-,Solanum sciadostylis
Sclerophylax,Sclerophylax sp,ot_1003_Tr100305.nex,-,Sclerophylax,24217,-,Sclerophylax sp
Nicotiana tomentosa,Nicotiana tomentosa,ot_1003_Tr100305.nex,"{'@tb:identifier.taxon': 76038, '@tb:identifier.taxonVariant': 418851, '@ubio': '2669884', '@uniprot': '57322'}",Nicotiana tomentosa,967556,-,Nicotiana tomentosa
Solanum asteropilodes,Solanum asteropilodes,ot_1003_Tr100305.nex,"{'@tb:identifier.taxon': 604549, '@tb:identifier.taxonVariant': 806741, '@ubio': '5989822'}",Solanum asteropilodes,364024,-,Solanum asteropilodes
Nolana laxa,Nolana laxa,ot_1003_Tr100305.nex,"{'@tb:identifier.taxon': 395098, '@tb:identifier.taxonVariant': 405831, '@ubio': '9381757', '@uniprot': '459194'}",Nolana laxa,705988,-,Nolana laxa
Solanum verrucosum,Solanum verrucosum,ot_1003_Tr100305.nex,"{'@tb:identifier.taxon': 632159, '@tb:identifier.taxonVariant': 847171, '@ubio': '5866305', '@uniprot': '315347'}",Solanum verrucosum,774995,-,Solanum verrucosum
Witheringia meiantha,Witheringia meiantha,ot_1003_Tr100305.nex,"{'@tb:identifier.taxon': 30939, '@tb:identifier.taxonVariant': 72207, '@ubio': '5981231', '@uniprot': '304116'}",Witheringia meiantha,839490,-,Witheringia meiantha
Solanum tridynamum,Solanum tridynamum,ot_1003_Tr100305.nex,"{'@tb:identifier.taxon': 27286, '@tb:identifier.taxonVariant': 63670, '@ubio': '5862925', '@uniprot': '205587'}",Solanum tridynamum,4026,-,Solanum tridynamum
Physalis crassifolia,Physalis crassifolia,ot_1003_Tr100305.nex,"{'@tb:identifier.taxon': 22165, '@tb:identifier.taxonVariant': 51540, '@ubio': '2653665', '@uniprot': '49773'}",Physalis crassifolia,1001027,-,Physalis crassifolia
Solanum galapagense,Solanum galapagense,ot_1003_Tr100305.nex,"{'@tb:identifier.taxon': 276763, '@tb:identifier.taxonVariant': 330648, '@ubio': '5982351', '@uniprot': '315350'}",Solanum galapagense,200836,-,Solanum galapagense
Solanum beaugleholei,Solanum beaugleholei,ot_1003_Tr100305.nex,"{'@tb:identifier.taxon': 34297, '@tb:identifier.taxonVariant': 79173, '@ubio': '9108080', '@uniprot': '368026'}",Solanum beaugleholei,1044897,-,Solanum beaugleholei
Archihyoscyamus leptocalyx,Hyoscyamus leptocalyx,ot_1003_Tr100305.nex,"{'@tb:identifier.taxon': 619541, '@tb:identifier.taxonVariant': 829617, '@ubio': '9234648'}",Archihyoscyamus leptocalyx,5521784,-,Hyoscyamus leptocalyx
Nicotiana noctiflora,Nicotiana noctiflora,ot_1003_Tr100305.nex,"{'@tb:identifier.taxon': 121190, '@tb:identifier.taxonVariant': 198998, '@ubio': '5862052', '@uniprot': '118705'}",Nicotiana noctiflora,733975,-,Nicotiana noctiflora
Solanum stenopterum,Solanum stenopterum,ot_1003_Tr100305.nex,"{'@tb:identifier.taxon': 619637, '@tb:identifier.taxonVariant': 829725, '@ubio': '8400094'}",Solanum stenopterum,715570,-,Solanum stenopterum
Capsicum lycianthoides,Capsicum lycianthoides,ot_1003_Tr100305.nex,"{'@tb:identifier.taxon': 35217, '@tb:identifier.taxonVariant': 81620, '@ubio': '5905359', '@uniprot': '362342'}",Capsicum lycianthoides,501125,-,Capsicum lycianthoides
Physochlaina physaloides,Physochlaina physaloides,ot_1003_Tr100305.nex,"{'@tb:identifier.taxon': 295827, '@tb:identifier.taxonVariant': 345913, '@ubio': '9177290', '@uniprot': '337186'}",Physochlaina physaloides,329316,-,Physochlaina physaloides
Lycium australe,Lycium australe,ot_1003_Tr100305.nex,"{'@tb:identifier.taxon': 116723, '@tb:identifier.taxonVariant': 195076, '@ubio': '5960507', '@uniprot': '112862'}",Lycium australe,40036,-,Lycium australe
Solanum cacosmum,Solanum cacosmum,ot_1003_Tr100305.nex,"{'@tb:identifier.taxon': 40214, '@tb:identifier.taxonVariant': 93346, '@ubio': '5977428', '@uniprot': '265390'}",Solanum cacosmum,280096,-,Solanum cacosmum
Solanum anguivi,Solanum anguivi,ot_1003_Tr100305.nex,"{'@tb:identifier.taxon': 27127, '@tb:identifier.taxonVariant': 63348, '@ubio': '5866743', '@uniprot': '329760'}",Solanum anguivi,535397,-,Solanum anguivi
Solanum stupefactum,Solanum stupefactum,ot_1003_Tr100305.nex,"{'@tb:identifier.taxon': 34300, '@tb:identifier.taxonVariant': 79180, '@ubio': '8636079', '@uniprot': '368040'}",Solanum stupefactum,99740,-,Solanum stupefactum
Nicotiana eastii,Nicotiana eastii,ot_1003_Tr100305.nex,"{'@tb:identifier.taxon': 184574, '@tb:identifier.taxonVariant': 257203, '@ubio': '5862032', '@uniprot': '200303'}",Nicotiana eastii,755395,-,Nicotiana eastii
Anisodus acutangulus,Anisodus acutangulus,ot_1003_Tr100305.nex,"{'@tb:identifier.taxon': 351097, '@tb:identifier.taxonVariant': 383888, '@ubio': '9178068', '@uniprot': '402998'}",Anisodus acutangulus,831958,-,Anisodus acutangulus
Cestrum tuerckheimii,Cestrum tuerckheimii,ot_1003_Tr100305.nex,"{'@tb:identifier.taxon': 36722, '@tb:identifier.taxonVariant': 84989, '@ubio': '9139019', '@uniprot': '385345'}",Cestrum tuerckheimii,242630,-,Cestrum tuerckheimii
Iochroma confertiflorum,Iochroma confertiflorum,ot_1003_Tr100305.nex,"{'@tb:identifier.taxon': 35207, '@tb:identifier.taxonVariant': 81588, '@ubio': '9184828', '@uniprot': '362355'}",Iochroma confertiflorum,351316,-,Iochroma confertiflorum
Solanum aligerum,Solanum aligerum,ot_1003_Tr100305.nex,"{'@tb:identifier.taxon': 27124, '@tb:identifier.taxonVariant': 63341, '@ubio': '3440431', '@uniprot': '205527'}",Solanum aligerum,886507,-,Solanum aligerum
Cestrum glanduliferum,Cestrum glanduliferum,ot_1003_Tr100305.nex,"{'@tb:identifier.taxon': 36739, '@tb:identifier.taxonVariant': 85028, '@ubio': '3440034', '@uniprot': '385327'}",Cestrum glanduliferum,392639,-,Cestrum glanduliferum
Lycium carolinianum,Lycium carolinianum,ot_1003_Tr100305.nex,"{'@tb:identifier.taxon': 116729, '@tb:identifier.taxonVariant': 427518, '@ubio': '2653616', '@uniprot': '112868'}",Lycium carolinianum,40028,-,Lycium carolinianum
Datura inoxia,Datura inoxia,ot_1003_Tr100305.nex,"{'@tb:identifier.taxon': 50895, '@tb:identifier.taxonVariant': 120470, '@ubio': '2666596', '@uniprot': '4075'}",Datura inoxia,473815,-,Datura inoxia
Nolana sphaerophylla,Nolana sphaerophylla,ot_1003_Tr100305.nex,"{'@tb:identifier.taxon': 395440, '@tb:identifier.taxonVariant': 784084}",Nolana sphaerophylla,317455,-,Nolana sphaerophylla
Nolana scaposa,Nolana scaposa,ot_1003_Tr100305.nex,"{'@tb:identifier.taxon': 95049, '@tb:identifier.taxonVariant': 174220, '@ubio': '5957968', '@uniprot': '84199'}",Nolana scaposa,899684,-,Nolana scaposa
Solanum lycocarpum,Solanum lycocarpum,ot_1003_Tr100305.nex,"{'@tb:identifier.taxon': 27210, '@tb:identifier.taxonVariant': 63523, '@ubio': '1801088', '@uniprot': '329783'}",Solanum lycocarpum,691771,-,Solanum lycocarpum
Solanum discolor,Solanum discolor,ot_1003_Tr100305.nex,"{'@tb:identifier.taxon': 619559, '@tb:identifier.taxonVariant': 829638, '@ubio': '9108531'}",Solanum discolor,939570,-,Solanum discolor
Nicotiana exigua,Nicotiana exigua,ot_1003_Tr100305.nex,"{'@tb:identifier.taxon': 121181, '@tb:identifier.taxonVariant': 198990, '@ubio': '5845878', '@uniprot': '118695'}",Nicotiana exigua,1031852,-,Nicotiana exigua
Solanum vestissimum,Solanum vestissimum,ot_1003_Tr100305.nex,"{'@tb:identifier.taxon': 27297, '@tb:identifier.taxonVariant': 63691, '@ubio': '3440416', '@uniprot': '227728'}",Solanum vestissimum,607499,-,Solanum vestissimum
Jaltomata mionei,Jaltomata mionei,ot_1003_Tr100305.nex,"{'@tb:identifier.taxon': 570319, '@tb:identifier.taxonVariant': 790608, '@ubio': '8776795'}",Jaltomata mionei,532703,-,Jaltomata mionei
Capsicum eximium,Capsicum eximium,ot_1003_Tr100305.nex,"{'@tb:identifier.taxon': 4850, '@tb:identifier.taxonVariant': 11689, '@ubio': '5828476', '@uniprot': '165700'}",Capsicum eximium,607249,-,Capsicum eximium
Nicotiana africana,Nicotiana africana,ot_1003_Tr100305.nex,"{'@tb:identifier.taxon': 184573, '@tb:identifier.taxonVariant': 257202, '@ubio': '5862070', '@uniprot': '200302'}",Nicotiana africana,755397,-,Nicotiana africana
Physalis walteri,Physalis walteri,ot_1003_Tr100305.nex,"{'@tb:identifier.taxon': 22192, '@tb:identifier.taxonVariant': 51606, '@ubio': '2668647', '@uniprot': '304162'}",Physalis walteri,364770,-,Physalis walteri
Solanum poinsettiifolium,Solanum poinsettiifolium,ot_1003_Tr100305.nex,"{'@tb:identifier.taxon': 604546, '@tb:identifier.taxonVariant': 806738, '@ubio': '9187513'}",Solanum poinsettiifolium,198186,-,Solanum poinsettiifolium
Duckeodendron cestroides,Duckeodendron cestroides,ot_1003_Tr100305.nex,"{'@tb:identifier.taxon': 84228, '@tb:identifier.taxonVariant': 162809, '@ubio': '3439683', '@uniprot': '69581'}",Duckeodendron cestroides,947604,-,Duckeodendron cestroides
Jaltomata lojae,Jaltomata lojae,ot_1003_Tr100305.nex,"{'@tb:identifier.taxon': 570316, '@tb:identifier.taxonVariant': 790605, '@ubio': '9203563'}",Jaltomata lojae,532707,-,Jaltomata lojae
Solanum rupincola,Solanum rupincola,ot_1003_Tr100305.nex,"{'@tb:identifier.taxon': 604563, '@tb:identifier.taxonVariant': 806755, '@ubio': '3440703'}",Solanum rupincola,192052,-,Solanum rupincola
Lycium brevipes,Lycium brevipes,ot_1003_Tr100305.nex,"{'@tb:identifier.taxon': 127948, '@tb:identifier.taxonVariant': 205494, '@ubio': '2771314', '@uniprot': '127632'}",Lycium brevipes,109761,-,Lycium brevipes
Solanum cunninghamii,Solanum cunninghamii,ot_1003_Tr100305.nex,"{'@tb:identifier.taxon': 34293, '@tb:identifier.taxonVariant': 79165, '@ubio': '9210364', '@uniprot': '368030'}",Solanum cunninghamii,518427,-,Solanum cunninghamii
Solanum anceps,Solanum anceps,ot_1003_Tr100305.nex,"{'@tb:identifier.taxon': 564511, '@tb:identifier.taxonVariant': 785364, '@ubio': '3440665', '@uniprot': '0'}",Solanum anceps,515078,-,Solanum anceps
Nolana rupicola,Nolana rupicola,ot_1003_Tr100305.nex,"{'@tb:identifier.taxon': 395104, '@tb:identifier.taxonVariant': 405838, '@ubio': '5845984', '@uniprot': '459200'}",Nolana rupicola,551328,-,Nolana rupicola
Nicotiana bonariensis,Nicotiana bonariensis,ot_1003_Tr100305.nex,"{'@tb:identifier.taxon': 121180, '@tb:identifier.taxonVariant': 198989, '@ubio': '5862047', '@uniprot': '118694'}",Nicotiana bonariensis,1031854,-,Nicotiana bonariensis
Cestrum nocturnum,Cestrum nocturnum,ot_1003_Tr100305.nex,"{'@tb:identifier.taxon': 5488, '@tb:identifier.taxonVariant': 13302, '@ubio': '2653584', '@uniprot': '225615'}",Cestrum nocturnum,1040637,-,Cestrum nocturnum
Iochroma nitidum,Iochroma nitidum,ot_1003_Tr100305.nex,"{'@tb:identifier.taxon': 35200, '@tb:identifier.taxonVariant': 81561, '@ubio': '8944445', '@uniprot': '362364'}",Iochroma nitidum,809992,-,Iochroma nitidum
Solanum reptans,Solanum reptans,ot_1003_Tr100305.nex,"{'@tb:identifier.taxon': 27260, '@tb:identifier.taxonVariant': 63617, '@ubio': '5983856', '@uniprot': '329804'}",Solanum reptans,701408,-,Solanum reptans
Nicotiana benavidesii,Nicotiana benavidesii,ot_1003_Tr100305.nex,"{'@tb:identifier.taxon': 121177, '@tb:identifier.taxonVariant': 198985, '@ubio': '5862036', '@uniprot': '118691'}",Nicotiana benavidesii,1031843,-,Nicotiana benavidesii
Trianaea,Trianaea sp,ot_1003_Tr100305.nex,-,Trianaea,5329399,-,Trianaea sp
Jaltomata guillermo-guerrae,Jaltomata guillermoguerrae,ot_1003_Tr100305.nex,-,Jaltomata guillermo-guerrae,1058977,-,Jaltomata guillermoguerrae
Solanum evolvulifolium,Solanum evolvulifolium,ot_1003_Tr100305.nex,"{'@tb:identifier.taxon': 632126, '@tb:identifier.taxonVariant': 847138, '@ubio': '1801123', '@uniprot': '205550'}",Solanum evolvulifolium,261790,-,Solanum evolvulifolium
Solanum melongena,Solanum melongena,ot_1003_Tr100305.nex,"{'@tb:identifier.taxon': 632139, '@tb:identifier.taxonVariant': 847151, '@ubio': '457626', '@uniprot': '4111'}",Solanum melongena,494843,-,Solanum melongena
Physalis viscosa,Physalis viscosa,ot_1003_Tr100305.nex,"{'@tb:identifier.taxon': 22191, '@tb:identifier.taxonVariant': 51604, '@ubio': '2653676', '@uniprot': '304129'}",Physalis viscosa,264851,-,Physalis viscosa
Cestrum irazuense,Cestrum irazuense,ot_1003_Tr100305.nex,"{'@tb:identifier.taxon': 36736, '@tb:identifier.taxonVariant': 85021, '@ubio': '3439962', '@uniprot': '385330'}",Cestrum irazuense,317981,-,Cestrum irazuense
Nicotiana nesophila,Nicotiana nesophila,ot_1003_Tr100305.nex,"{'@tb:identifier.taxon': 184591, '@tb:identifier.taxonVariant': 257220, '@ubio': '3440284', '@uniprot': '200321'}",Nicotiana nesophila,806471,-,Nicotiana nesophila
Lycium afrum,Lycium afrum,ot_1003_Tr100305.nex,"{'@tb:identifier.taxon': 116720, '@tb:identifier.taxonVariant': 195072, '@ubio': '5843316', '@uniprot': '112859'}",Lycium afrum,612893,-,Lycium afrum
Solanum paposanum,Solanum paposanum,ot_1003_Tr100305.nex,"{'@tb:identifier.taxon': 619588, '@tb:identifier.taxonVariant': 829667, '@ubio': '9227702'}",Solanum paposanum,3870045,-,Solanum paposanum
Jaltomata yacheri,Jaltomata yacheri,ot_1003_Tr100305.nex,-,Jaltomata yacheri,68634,-,Jaltomata yacheri
Solanum subinerme,Solanum subinerme,ot_1003_Tr100305.nex,"{'@tb:identifier.taxon': 604566, '@tb:identifier.taxonVariant': 806758, '@ubio': '3440528'}",Solanum subinerme,715558,-,Solanum subinerme
Solanum sessilistellatum,Solanum sessilistellatum,ot_1003_Tr100305.nex,"{'@tb:identifier.taxon': 27273, '@tb:identifier.taxonVariant': 63647, '@ubio': '5983852', '@uniprot': '329800'}",Solanum sessilistellatum,701415,-,Solanum sessilistellatum
Solanum proteanthum,Solanum proteanthum,ot_1003_Tr100305.nex,"{'@tb:identifier.taxon': 40208, '@tb:identifier.taxonVariant': 93336, '@ubio': '5899085', '@uniprot': '265410'}",Solanum proteanthum,509392,-,Solanum proteanthum
Lycium ruthenicum,Lycium ruthenicum,ot_1003_Tr100305.nex,"{'@tb:identifier.taxon': 116739, '@tb:identifier.taxonVariant': 195091, '@ubio': '1800539', '@uniprot': '112879'}",Lycium ruthenicum,560965,-,Lycium ruthenicum
Solanum laciniatum,Solanum laciniatum,ot_1003_Tr100305.nex,"{'@tb:identifier.taxon': 27203, '@tb:identifier.taxonVariant': 63506, '@ubio': '2788284', '@uniprot': '45835'}",Solanum laciniatum,121224,-,Solanum laciniatum
Solanum hasslerianum,Solanum hasslerianum,ot_1003_Tr100305.nex,"{'@tb:identifier.taxon': 604548, '@tb:identifier.taxonVariant': 806740, '@ubio': '3440612'}",Solanum hasslerianum,414052,-,Solanum hasslerianum
Solanum papaverifolium,Solanum papaverifolium,ot_1003_Tr100305.nex,"{'@tb:identifier.taxon': 619587, '@tb:identifier.taxonVariant': 829666, '@ubio': '9235877'}",Solanum papaverifolium,766369,-,Solanum papaverifolium
Nolana lezamae,Nolana lezamae,ot_1003_Tr100305.nex,"{'@tb:identifier.taxon': 395086, '@tb:identifier.taxonVariant': 784072}",Nolana lezamae,131389,-,Nolana lezamae
Solanum demissum,Solanum demissum,ot_1003_Tr100305.nex,"{'@tb:identifier.taxon': 632164, '@tb:identifier.taxonVariant': 847176, '@ubio': '476607', '@uniprot': '50514'}",Solanum demissum,66505,-,Solanum demissum
Physalis minimaculata,Physalis minimaculata,ot_1003_Tr100305.nex,"{'@tb:identifier.taxon': 22180, '@tb:identifier.taxonVariant': 51575, '@ubio': '5981240', '@uniprot': '304154'}",Physalis minimaculata,940383,-,Physalis minimaculata
Solanum hirtum,Solanum hirtum,ot_1003_Tr100305.nex,"{'@tb:identifier.taxon': 27191, '@tb:identifier.taxonVariant': 63476, '@ubio': '5862968', '@uniprot': '227723'}",Solanum hirtum,835558,-,Solanum hirtum
Lycium villosum,Lycium villosum,ot_1003_Tr100305.nex,"{'@tb:identifier.taxon': 116742, '@tb:identifier.taxonVariant': 195094, '@ubio': '5960513', '@uniprot': '112882'}",Lycium villosum,194441,-,Lycium villosum
Jaltomata auriculata,Jaltomata auriculata,ot_1003_Tr100305.nex,"{'@tb:identifier.taxon': 14820, '@tb:identifier.taxonVariant': 34820, '@ubio': '5967610', '@uniprot': '180573'}",Jaltomata auriculata,997072,-,Jaltomata auriculata
Solanum lidii,Solanum lidii,ot_1003_Tr100305.nex,"{'@tb:identifier.taxon': 27207, '@tb:identifier.taxonVariant': 63514, '@ubio': '5970597', '@uniprot': '205561'}",Solanum lidii,785121,-,Solanum lidii
Solanum schimperianum,Solanum schimperianum,ot_1003_Tr100305.nex,"{'@tb:identifier.taxon': 27268, '@tb:identifier.taxonVariant': 63636, '@ubio': '5970603', '@uniprot': '205580'}",Solanum schimperianum,284419,-,Solanum schimperianum
Solanum neoanglicum,Solanum neoanglicum,ot_1003_Tr100305.nex,"{'@tb:identifier.taxon': 349415, '@tb:identifier.taxonVariant': 382908, '@ubio': '8637731', '@uniprot': '401000'}",Solanum neoanglicum,193892,-,Solanum neoanglicum
Nicotiana forgetiana,Nicotiana forgetiana,ot_1003_Tr100305.nex,"{'@tb:identifier.taxon': 121182, '@tb:identifier.taxonVariant': 198991, '@ubio': '2669880', '@uniprot': '118696'}",Nicotiana forgetiana,1031858,-,Nicotiana forgetiana
Jaltomata repandidentata,Jaltomata repandidentata,ot_1003_Tr100305.nex,"{'@tb:identifier.taxon': 14826, '@tb:identifier.taxonVariant': 34848, '@ubio': '9218430'}",Jaltomata repandidentata,532695,-,Jaltomata repandidentata
Solanum dulcamara,Solanum dulcamara,ot_1003_Tr100305.nex,"{'@tb:identifier.taxon': 632142, '@tb:identifier.taxonVariant': 847154, '@ubio': '457601', '@uniprot': '45834'}",Solanum dulcamara,121226,-,Solanum dulcamara
Mandragora autumnalis,Mandragora autumnalis,ot_1003_Tr100305.nex,"{'@tb:identifier.taxon': 339347, '@tb:identifier.taxonVariant': 376512, '@ubio': '2669860', '@uniprot': '389206'}",Mandragora autumnalis,512971,-,Mandragora autumnalis
Iochroma loxense,Iochroma loxense,ot_1003_Tr100305.nex,"{'@tb:identifier.taxon': 35201, '@tb:identifier.taxonVariant': 81569, '@ubio': '9183202', '@uniprot': '362363'}",Iochroma loxense,809968,-,Iochroma loxense
Solanum moscopanum,Solanum moscopanum,ot_1003_Tr100305.nex,"{'@tb:identifier.taxon': 278969, '@tb:identifier.taxonVariant': 332727, '@ubio': '5862804', '@uniprot': '317828'}",Solanum moscopanum,447390,-,Solanum moscopanum
Cestrum milciomejiae,Cestrum milciomejiae,ot_1003_Tr100305.nex,"{'@tb:identifier.taxon': 36734, '@tb:identifier.taxonVariant': 85018, '@ubio': '9456173', '@uniprot': '385333'}",Cestrum milciomejiae,317974,-,Cestrum milciomejiae
Solanum furfuraceum,Solanum furfuraceum,ot_1003_Tr100305.nex,"{'@tb:identifier.taxon': 27182, '@tb:identifier.taxonVariant': 63462, '@ubio': '3440579', '@uniprot': '205553'}",Solanum furfuraceum,261792,-,Solanum furfuraceum
Solanum palitans,Solanum palitans,ot_1003_Tr100305.nex,"{'@tb:identifier.taxon': 632134, '@tb:identifier.taxonVariant': 847146, '@ubio': '5909425', '@uniprot': '159022'}",Solanum palitans,896438,-,Solanum palitans
Solanum adhaerens,Solanum adhaerens,ot_1003_Tr100305.nex,"{'@tb:identifier.taxon': 27119, '@tb:identifier.taxonVariant': 63331, '@ubio': '3440769', '@uniprot': '115660'}",Solanum adhaerens,207710,-,Solanum adhaerens
Solanum toliaraea,Solanum toliaraea,ot_1003_Tr100305.nex,"{'@tb:identifier.taxon': 27283, '@tb:identifier.taxonVariant': 63665, '@ubio': '5970604', '@uniprot': '205586'}",Solanum toliaraea,284314,-,Solanum toliaraea
Lycium stenophyllum,Lycium stenophyllum,ot_1003_Tr100305.nex,"{'@tb:identifier.taxon': 362386, '@tb:identifier.taxonVariant': 513716, '@ubio': '9119308', '@uniprot': '416540'}",Lycium stenophyllum,505217,-,Lycium stenophyllum
Lycium horridum,Lycium horridum,ot_1003_Tr100305.nex,"{'@tb:identifier.taxon': 301699, '@tb:identifier.taxonVariant': 350389, '@ubio': '5843330', '@uniprot': '343884'}",Lycium horridum,596968,-,Lycium horridum
Physalis mollis,Physalis mollis,ot_1003_Tr100305.nex,"{'@tb:identifier.taxon': 22181, '@tb:identifier.taxonVariant': 51577, '@ubio': '2668645', '@uniprot': '304156'}",Physalis mollis,940388,-,Physalis mollis
Solanum macoorai,Solanum macoorai,ot_1003_Tr100305.nex,"{'@tb:identifier.taxon': 619580, '@tb:identifier.taxonVariant': 829659, '@ubio': '9242030'}",Solanum macoorai,464536,-,Solanum macoorai
Capsicum pubescens,Capsicum pubescens,ot_1003_Tr100305.nex,"{'@tb:identifier.taxon': 117021, '@tb:identifier.taxonVariant': 427614, '@ubio': '2669893', '@uniprot': '113210'}",Capsicum pubescens,585222,-,Capsicum pubescens
Physalis lanceolata,Physalis lanceolata,ot_1003_Tr100305.nex,"{'@tb:identifier.taxon': 22173, '@tb:identifier.taxonVariant': 51562, '@ubio': '2776001', '@uniprot': '304150'}",Physalis lanceolata,940393,-,Physalis lanceolata
Solanum petraeum,Solanum petraeum,ot_1003_Tr100305.nex,"{'@tb:identifier.taxon': 34302, '@tb:identifier.taxonVariant': 79184, '@ubio': '9235902', '@uniprot': '368038'}",Solanum petraeum,518412,-,Solanum petraeum
Solanum platense,Solanum platense,ot_1003_Tr100305.nex,"{'@tb:identifier.taxon': 27246, '@tb:identifier.taxonVariant': 63596, '@ubio': '5977620', '@uniprot': '267269'}",Solanum platense,877387,-,Solanum platense
Solanum chippendalei,Solanum chippendalei,ot_1003_Tr100305.nex,"{'@tb:identifier.taxon': 34294, '@tb:identifier.taxonVariant': 79167, '@ubio': '9108233', '@uniprot': '368029'}",Solanum chippendalei,1044888,-,Solanum chippendalei
Solanum hjertingii,Solanum hjertingii,ot_1003_Tr100305.nex,"{'@tb:identifier.taxon': 276753, '@tb:identifier.taxonVariant': 330628, '@ubio': '5861959', '@uniprot': '315338'}",Solanum hjertingii,46926,-,Solanum hjertingii
Solanum heinianum,Solanum heinianum,ot_1003_Tr100305.nex,"{'@tb:identifier.taxon': 27187, '@tb:identifier.taxonVariant': 63469, '@ubio': '5983844', '@uniprot': '329776'}",Solanum heinianum,14218,-,Solanum heinianum
Solanum obliquum,Solanum obliquum,ot_1003_Tr100305.nex,"{'@tb:identifier.taxon': 40204, '@tb:identifier.taxonVariant': 93325, '@ubio': '5899093', '@uniprot': '265405'}",Solanum obliquum,722338,-,Solanum obliquum
Solanum achacachense,Solanum achacachense,ot_1003_Tr100305.nex,"{'@tb:identifier.taxon': 278955, '@tb:identifier.taxonVariant': 561296, '@ubio': '5864253', '@uniprot': '317814'}",Solanum achacachense,973477,-,Solanum achacachense
Streptosolen jamesonii,Streptosolen jamesonii,ot_1003_Tr100305.nex,"{'@tb:identifier.taxon': 28093, '@tb:identifier.taxonVariant': 65570, '@ubio': '2676646', '@uniprot': '310464'}",Streptosolen jamesonii,74554,-,Streptosolen jamesonii
Solanum tampicense,Solanum tampicense,ot_1003_Tr100305.nex,"{'@tb:identifier.taxon': 562418, '@tb:identifier.taxonVariant': 744848, '@ubio': '2671821', '@uniprot': '693387'}",Solanum tampicense,814375,-,Solanum tampicense
Lycium truncatum,Lycium truncatum,ot_1003_Tr100305.nex,"{'@tb:identifier.taxon': 619546, '@tb:identifier.taxonVariant': 829625, '@ubio': '9177675'}",Lycium truncatum,798219,-,Lycium truncatum
Lycianthes jelskii,Lycianthes jelskii,ot_1003_Tr100305.nex,"{'@tb:identifier.taxon': 342852, '@tb:identifier.taxonVariant': 378919, '@ubio': '9118082', '@uniprot': '393153'}",Lycianthes jelskii,339702,-,Lycianthes jelskii
Solanum piurae,Solanum piurae,ot_1003_Tr100305.nex,"{'@tb:identifier.taxon': 27245, '@tb:identifier.taxonVariant': 63594, '@ubio': '5862828', '@uniprot': '205571'}",Solanum piurae,1029740,-,Solanum piurae
Calibrachoa pygmaea,Calibrachoa pygmaea,ot_1003_Tr100305.nex,"{'@tb:identifier.taxon': 283628, '@tb:identifier.taxonVariant': 336742, '@ubio': '5913007', '@uniprot': '323116'}",Calibrachoa pygmaea,446935,-,Calibrachoa pygmaea
Schwenckia glabrata,Schwenckia glabrata,ot_1003_Tr100305.nex,"{'@tb:identifier.taxon': 219054, '@tb:identifier.taxonVariant': 285685, '@ubio': '3440372', '@uniprot': '242622'}",Schwenckia glabrata,697333,-,Schwenckia glabrata
Solanum vansittartense,Solanum vansittartense,ot_1003_Tr100305.nex,"{'@tb:identifier.taxon': 48225, '@tb:identifier.taxonVariant': 114550, '@ubio': '9216022', '@uniprot': '368042'}",Solanum vansittartense,99743,-,Solanum vansittartense
Nierembergia rigida,Nierembergia rigida,ot_1003_Tr100305.nex,"{'@tb:identifier.taxon': 41296, '@tb:identifier.taxonVariant': 96260, '@ubio': '9120531', '@uniprot': '274385'}",Nierembergia rigida,898776,-,Nierembergia rigida
Schizanthus porrigens,Schizanthus porrigens,ot_1003_Tr100305.nex,"{'@tb:identifier.taxon': 315571, '@tb:identifier.taxonVariant': 360797, '@ubio': '5985527', '@uniprot': '360635'}",Schizanthus porrigens,668611,-,Schizanthus porrigens
Nicotiana amplexicaulis,Nicotiana amplexicaulis,ot_1003_Tr100305.nex,"{'@tb:identifier.taxon': 121179, '@tb:identifier.taxonVariant': 198988, '@ubio': '5845854', '@uniprot': '118693'}",Nicotiana amplexicaulis,1031848,-,Nicotiana amplexicaulis
Solanum mahoriense,Solanum mahoriense,ot_1003_Tr100305.nex,"{'@tb:identifier.taxon': 27212, '@tb:identifier.taxonVariant': 113550, '@ubio': '3440552', '@uniprot': '205562'}",Solanum mahoriense,785123,-,Solanum mahoriense
Larnax suffruticosa,Larnax suffruticosa,ot_1003_Tr100305.nex,"{'@tb:identifier.taxon': 118765, '@tb:identifier.taxonVariant': 197115, '@ubio': '5960797', '@uniprot': '115740'}",Larnax suffruticosa,228732,-,Larnax suffruticosa
Jaltomata salpoensis,Jaltomata salpoensis,ot_1003_Tr100305.nex,"{'@tb:identifier.taxon': 570318, '@tb:identifier.taxonVariant': 790607, '@ubio': '9192006'}",Jaltomata salpoensis,532711,-,Jaltomata salpoensis
Solanum savanillense,Solanum savanillense,ot_1003_Tr100305.nex,"{'@tb:identifier.taxon': 564523, '@tb:identifier.taxonVariant': 785376, '@ubio': '9228658', '@uniprot': '0'}",Solanum savanillense,845600,-,Solanum savanillense
Solanum corifolium,Solanum corifolium,ot_1003_Tr100305.nex,"{'@tb:identifier.taxon': 349409, '@tb:identifier.taxonVariant': 382900, '@ubio': '9108395', '@uniprot': '400994'}",Solanum corifolium,360994,-,Solanum corifolium
Solanum ellipticum,Solanum ellipticum,ot_1003_Tr100305.nex,"{'@tb:identifier.taxon': 349411, '@tb:identifier.taxonVariant': 382903, '@ubio': '5863100', '@uniprot': '400996'}",Solanum ellipticum,360998,-,Solanum ellipticum
Grammosolen truncatus,Grammosolen truncatus,ot_1003_Tr100305.nex,"{'@tb:identifier.taxon': 12516, '@tb:identifier.taxonVariant': 29691, '@ubio': '5969252', '@uniprot': '195740'}",Grammosolen truncatus,134184,-,Grammosolen truncatus
Solanum leptophyes,Solanum leptophyes,ot_1003_Tr100305.nex,"{'@tb:identifier.taxon': 162435, '@tb:identifier.taxonVariant': 237436, '@ubio': '5861907', '@uniprot': '172794'}",Solanum leptophyes,598914,-,Solanum leptophyes
Solanum inelegans,Solanum inelegans,ot_1003_Tr100305.nex,"{'@tb:identifier.taxon': 27197, '@tb:identifier.taxonVariant': 63491, '@ubio': '3440490', '@uniprot': '205556'}",Solanum inelegans,261802,-,Solanum inelegans
Solanum arboreum,Solanum arboreum,ot_1003_Tr100305.nex,"{'@tb:identifier.taxon': 632147, '@tb:identifier.taxonVariant': 847159, '@ubio': '9186083', '@uniprot': '45833'}",Solanum arboreum,121207,-,Solanum arboreum
Lycianthes asarifolia,Lycianthes asarifolia,ot_1003_Tr100305.nex,"{'@tb:identifier.taxon': 342845, '@tb:identifier.taxonVariant': 503523, '@ubio': '2670982', '@uniprot': '393146'}",Lycianthes asarifolia,914549,-,Lycianthes asarifolia
Solanum roseum,Solanum roseum,ot_1003_Tr100305.nex,"{'@tb:identifier.taxon': 40234, '@tb:identifier.taxonVariant': 93392, '@ubio': '5899088', '@uniprot': '265412'}",Solanum roseum,875005,-,Solanum roseum
Lycium gariepense,Lycium gariepense,ot_1003_Tr100305.nex,"{'@tb:identifier.taxon': 362377, '@tb:identifier.taxonVariant': 390406, '@ubio': '10330807', '@uniprot': '416531'}",Lycium gariepense,86079,-,Lycium gariepense
Solanum cajanumense,Solanum cajanumense,ot_1003_Tr100305.nex,"{'@tb:identifier.taxon': 40210, '@tb:identifier.taxonVariant': 93339, '@ubio': '5993461', '@uniprot': '265391'}",Solanum cajanumense,280094,-,Solanum cajanumense
Solanum tenuisetosum,Solanum tenuisetosum,ot_1003_Tr100305.nex,"{'@tb:identifier.taxon': 40220, '@tb:identifier.taxonVariant': 93358, '@ubio': '5899091', '@uniprot': '265418'}",Solanum tenuisetosum,509412,-,Solanum tenuisetosum
Nicotiana longiflora,Nicotiana longiflora,ot_1003_Tr100305.nex,"{'@tb:identifier.taxon': 121187, '@tb:identifier.taxonVariant': 428795, '@ubio': '2653648', '@uniprot': '118702'}",Nicotiana longiflora,733964,-,Nicotiana longiflora
Solanum palinacanthum,Solanum palinacanthum,ot_1003_Tr100305.nex,"{'@tb:identifier.taxon': 27234, '@tb:identifier.taxonVariant': 63570, '@ubio': '5863109', '@uniprot': '238978'}",Solanum palinacanthum,882310,-,Solanum palinacanthum
Solanum clarum,Solanum clarum,ot_1003_Tr100305.nex,"{'@tb:identifier.taxon': 276751, '@tb:identifier.taxonVariant': 330625, '@ubio': '5862505', '@uniprot': '315335'}",Solanum clarum,46938,-,Solanum clarum
Nolana albescens,Nolana albescens,ot_1003_Tr100305.nex,"{'@tb:identifier.taxon': 95021, '@tb:identifier.taxonVariant': 174192, '@ubio': '5957948', '@uniprot': '84171'}",Nolana albescens,696735,-,Nolana albescens
Physochlaina infundibularis,Physochlaina infundibularis,ot_1003_Tr100305.nex,"{'@tb:identifier.taxon': 429032, '@tb:identifier.taxonVariant': 565243, '@ubio': '9178401', '@uniprot': '540827'}",Physochlaina infundibularis,383961,-,Physochlaina infundibularis
Solanum bonariense,Solanum bonariense,ot_1003_Tr100305.nex,"{'@tb:identifier.taxon': 604543, '@tb:identifier.taxonVariant': 806735, '@ubio': '5862356'}",Solanum bonariense,364007,-,Solanum bonariense
Lycium cooperi,Lycium cooperi,ot_1003_Tr100305.nex,"{'@tb:identifier.taxon': 127949, '@tb:identifier.taxonVariant': 205496, '@ubio': '2653618', '@uniprot': '127633'}",Lycium cooperi,109758,-,Lycium cooperi
Solanum betaceum,Solanum betaceum,ot_1003_Tr100305.nex,"{'@tb:identifier.taxon': 632144, '@tb:identifier.taxonVariant': 847156, '@ubio': '5862325', '@uniprot': '45843'}",Solanum betaceum,590315,-,Solanum betaceum
Cyphanthera albicans,Cyphanthera albicans,ot_1003_Tr100305.nex,"{'@tb:identifier.taxon': 8147, '@tb:identifier.taxonVariant': 19610, '@ubio': '5969248', '@uniprot': '195731'}",Cyphanthera albicans,810425,-,Cyphanthera albicans
Athenaea,Athenaea sp,ot_1003_Tr100305.nex,-,Athenaea,5506230,-,Athenaea sp
Solanum nigriviolaceum,Solanum nigriviolaceum,ot_1003_Tr100305.nex,"{'@tb:identifier.taxon': 546234, '@tb:identifier.taxonVariant': 724382, '@ubio': '9225775', '@uniprot': '666134'}",Solanum nigriviolaceum,331169,-,Solanum nigriviolaceum
Jaltomata paneroi,Jaltomata paneroi,ot_1003_Tr100305.nex,"{'@tb:identifier.taxon': 14824, '@tb:identifier.taxonVariant': 34832, '@ubio': '8946155'}",Jaltomata paneroi,532697,-,Jaltomata paneroi
Markea panamensis,Markea panamensis,ot_1003_Tr100305.nex,"{'@tb:identifier.taxon': 429022, '@tb:identifier.taxonVariant': 565233, '@ubio': '9119495', '@uniprot': '540813'}",Markea panamensis,1011308,-,Markea panamensis
Nicotiana pauciflora,Nicotiana pauciflora,ot_1003_Tr100305.nex,"{'@tb:identifier.taxon': 184585, '@tb:identifier.taxonVariant': 444878, '@ubio': '5862059', '@uniprot': '200315'}",Nicotiana pauciflora,232348,-,Nicotiana pauciflora
Deprea sylvarum,Larnax sylvarum,ot_1003_Tr100305.nex,"{'@tb:identifier.taxon': 15322, '@tb:identifier.taxonVariant': 35973, '@ubio': '5981223', '@uniprot': '304103'}",Deprea sylvarum,950217,-,Larnax sylvarum
Iochroma umbellatum,Iochroma umbellatum,ot_1003_Tr100305.nex,"{'@tb:identifier.taxon': 35194, '@tb:identifier.taxonVariant': 81548, '@ubio': '9182743', '@uniprot': '362374'}",Iochroma umbellatum,1024740,-,Iochroma umbellatum
Solanum alandiae,Solanum alandiae,ot_1003_Tr100305.nex,"{'@tb:identifier.taxon': 278958, '@tb:identifier.taxonVariant': 561291, '@ubio': '5864235', '@uniprot': '317817'}",Solanum alandiae,973485,-,Solanum alandiae
Solanum kwebense,Solanum kwebense,ot_1003_Tr100305.nex,"{'@tb:identifier.taxon': 27202, '@tb:identifier.taxonVariant': 63504, '@ubio': '5888914', '@uniprot': '329781'}",Solanum kwebense,691767,-,Solanum kwebense
Nolana lycioides,Nolana lycioides,ot_1003_Tr100305.nex,"{'@tb:identifier.taxon': 95042, '@tb:identifier.taxonVariant': 174213, '@ubio': '5845980', '@uniprot': '84192'}",Nolana lycioides,899675,-,Nolana lycioides
Nierembergia ericoides,Nierembergia ericoides,ot_1003_Tr100305.nex,"{'@tb:identifier.taxon': 41304, '@tb:identifier.taxonVariant': 96276, '@ubio': '9499698', '@uniprot': '274374'}",Nierembergia ericoides,474444,-,Nierembergia ericoides
Solanum campanulatum,Solanum campanulatum,ot_1003_Tr100305.nex,"{'@tb:identifier.taxon': 27143, '@tb:identifier.taxonVariant': 63384, '@ubio': '5970590', '@uniprot': '205535'}",Solanum campanulatum,311874,-,Solanum campanulatum
Solanum capsicoides,Solanum capsicoides,ot_1003_Tr100305.nex,"{'@tb:identifier.taxon': 27148, '@tb:identifier.taxonVariant': 63392, '@ubio': '2669389', '@uniprot': '205536'}",Solanum capsicoides,311868,-,Solanum capsicoides
Solanum stuckertii,Solanum stuckertii,ot_1003_Tr100305.nex,"{'@tb:identifier.taxon': 40231, '@tb:identifier.taxonVariant': 93385, '@ubio': '5899060', '@uniprot': '265416'}",Solanum stuckertii,509378,-,Solanum stuckertii
Solanum pedemontanum,Solanum pedemontanum,ot_1003_Tr100305.nex,"{'@tb:identifier.taxon': 604578, '@tb:identifier.taxonVariant': 806770, '@ubio': '3440412'}",Solanum pedemontanum,766365,-,Solanum pedemontanum
Lycianthes synanthera,Lycianthes synanthera,ot_1003_Tr100305.nex,"{'@tb:identifier.taxon': 342866, '@tb:identifier.taxonVariant': 378933, '@ubio': '9118644', '@uniprot': '393167'}",Lycianthes synanthera,864336,-,Lycianthes synanthera
Jaltomata cajacayensis,Jaltomata cajacayensis,ot_1003_Tr100305.nex,"{'@tb:identifier.taxon': 570324, '@tb:identifier.taxonVariant': 790620, '@ubio': '3440128'}",Jaltomata cajacayensis,482500,-,Jaltomata cajacayensis
Solanum capense,Solanum capense,ot_1003_Tr100305.nex,"{'@tb:identifier.taxon': 27147, '@tb:identifier.taxonVariant': 63391, '@ubio': '5983837', '@uniprot': '329766'}",Solanum capense,535385,-,Solanum capense
Lycium acutifolium,Lycium acutifolium,ot_1003_Tr100305.nex,"{'@tb:identifier.taxon': 362369, '@tb:identifier.taxonVariant': 390393, '@ubio': '9164391', '@uniprot': '416523'}",Lycium acutifolium,660393,-,Lycium acutifolium
Cestrum strigilatum,Cestrum strigilatum,ot_1003_Tr100305.nex,"{'@tb:identifier.taxon': 260233, '@tb:identifier.taxonVariant': 317892, '@ubio': '3439998', '@uniprot': '295493'}",Cestrum strigilatum,275967,-,Cestrum strigilatum
Anthocercis gracilis,Anthocercis gracilis,ot_1003_Tr100305.nex,"{'@tb:identifier.taxon': 1853, '@tb:identifier.taxonVariant': 4533, '@ubio': '5969239', '@uniprot': '195718'}",Anthocercis gracilis,759264,-,Anthocercis gracilis
Nicotiana thyrsiflora,Nicotiana thyrsiflora,ot_1003_Tr100305.nex,"{'@tb:identifier.taxon': 184588, '@tb:identifier.taxonVariant': 257217, '@ubio': '5845938', '@uniprot': '200318'}",Nicotiana thyrsiflora,232341,-,Nicotiana thyrsiflora
Physalis ignota,Physalis ignota,ot_1003_Tr100305.nex,"{'@tb:identifier.taxon': 22171, '@tb:identifier.taxonVariant': 51556, '@ubio': '3440325', '@uniprot': '304148'}",Physalis ignota,298448,-,Physalis ignota
Nicotiana wigandioides,Nicotiana wigandioides,ot_1003_Tr100305.nex,"{'@tb:identifier.taxon': 184587, '@tb:identifier.taxonVariant': 257216, '@ubio': '3440272', '@uniprot': '200317'}",Nicotiana wigandioides,232352,-,Nicotiana wigandioides
Solanum caesium,Solanum caesium,ot_1003_Tr100305.nex,"{'@tb:identifier.taxon': 27141, '@tb:identifier.taxonVariant': 63382, '@ubio': '5862402', '@uniprot': '205533'}",Solanum caesium,311878,-,Solanum caesium
Atropanthe sinensis,Atropanthe sinensis,ot_1003_Tr100305.nex,"{'@tb:identifier.taxon': 232608, '@tb:identifier.taxonVariant': 295151, '@ubio': '5875688', '@uniprot': '258461'}",Atropanthe sinensis,570499,-,Atropanthe sinensis
Jaltomata tayabambae,Jaltomata tayabambae,ot_1003_Tr100305.nex,-,Jaltomata tayabambae,68607,-,Jaltomata tayabambae
Solanum reductum,Solanum reductum,ot_1003_Tr100305.nex,"{'@tb:identifier.taxon': 619590, '@tb:identifier.taxonVariant': 829669, '@ubio': '3440546'}",Solanum reductum,3870116,-,Solanum reductum
Solanum aethiopicum,Solanum aethiopicum,ot_1003_Tr100305.nex,"{'@tb:identifier.taxon': 27121, '@tb:identifier.taxonVariant': 63336, '@ubio': '2669866', '@uniprot': '205524'}",Solanum aethiopicum,886496,-,Solanum aethiopicum
Solanum inaequilaterum,Solanum inaequilaterum,ot_1003_Tr100305.nex,"{'@tb:identifier.taxon': 619570, '@tb:identifier.taxonVariant': 829649, '@ubio': '9208732'}",Solanum inaequilaterum,991000,-,Solanum inaequilaterum
Benthamiella patagonica,Benthamiella patagonica,ot_1003_Tr100305.nex,"{'@tb:identifier.taxon': 619535, '@tb:identifier.taxonVariant': 829611, '@ubio': '9166805'}",Benthamiella patagonica,5521811,-,Benthamiella patagonica
Solanum melissarum,Solanum melissarum,ot_1003_Tr100305.nex,"{'@tb:identifier.taxon': 40223, '@tb:identifier.taxonVariant': 93362, '@ubio': '5993471', '@uniprot': '265423'}",Solanum melissarum,985296,-,Solanum melissarum
Solanum lucani,Solanum lucani,ot_1003_Tr100305.nex,"{'@tb:identifier.taxon': 619578, '@tb:identifier.taxonVariant': 829657, '@ubio': '9109139'}",Solanum lucani,464549,-,Solanum lucani
Physalis minima,Physalis minima,ot_1003_Tr100305.nex,"{'@tb:identifier.taxon': 22179, '@tb:identifier.taxonVariant': 51574, '@ubio': '2668644', '@uniprot': '304153'}",Physalis minima,940395,-,Physalis minima
Lycianthes nitida,Lycianthes nitida,ot_1003_Tr100305.nex,"{'@tb:identifier.taxon': 342856, '@tb:identifier.taxonVariant': 378923, '@ubio': '3440192', '@uniprot': '393157'}",Lycianthes nitida,339713,-,Lycianthes nitida
Solanum conditum,Solanum conditum,ot_1003_Tr100305.nex,"{'@tb:identifier.taxon': 27159, '@tb:identifier.taxonVariant': 63415, '@ubio': '3440807', '@uniprot': '205542'}",Solanum conditum,836449,-,Solanum conditum
Solanum tarijense,Solanum tarijense,ot_1003_Tr100305.nex,"{'@tb:identifier.taxon': 231720, '@tb:identifier.taxonVariant': 461644, '@ubio': '5862794', '@uniprot': '257458'}",Solanum tarijense,938131,-,Solanum tarijense
Nolana intonsa,Nolana intonsa,ot_1003_Tr100305.nex,"{'@tb:identifier.taxon': 395096, '@tb:identifier.taxonVariant': 405828, '@ubio': '9382780', '@uniprot': '459192'}",Nolana intonsa,705976,-,Nolana intonsa
Solanum scabrifolium,Solanum scabrifolium,ot_1003_Tr100305.nex,"{'@tb:identifier.taxon': 278974, '@tb:identifier.taxonVariant': 332737, '@ubio': '5867875', '@uniprot': '317833'}",Solanum scabrifolium,1023756,-,Solanum scabrifolium
Physalis patula,Physalis patula,ot_1003_Tr100305.nex,"{'@tb:identifier.taxon': 22183, '@tb:identifier.taxonVariant': 51581, '@ubio': '5981241', '@uniprot': '304160'}",Physalis patula,364766,-,Physalis patula
,Lycium boerhaviifolium,ot_1003_Tr100305.nex,-,-,-,-,Lycium boerhaviifolium
Nolana volcanica,Nolana volcanica,ot_1003_Tr100305.nex,"{'@tb:identifier.taxon': 395109, '@tb:identifier.taxonVariant': 405847, '@ubio': '9382811', '@uniprot': '459205'}",Nolana volcanica,551337,-,Nolana volcanica
Solanum iopetalum,Solanum iopetalum,ot_1003_Tr100305.nex,"{'@tb:identifier.taxon': 87047, '@tb:identifier.taxonVariant': 165810, '@ubio': '3440830', '@uniprot': '73572'}",Solanum iopetalum,887238,-,Solanum iopetalum
Lycium andersonii,Lycium andersonii,ot_1003_Tr100305.nex,"{'@tb:identifier.taxon': 97645, '@tb:identifier.taxonVariant': 176824, '@ubio': '2653613', '@uniprot': '87540'}",Lycium andersonii,1004203,-,Lycium andersonii
Solanum nemophilum,Solanum nemophilum,ot_1003_Tr100305.nex,"{'@tb:identifier.taxon': 27228, '@tb:identifier.taxonVariant': 63559, '@ubio': '5983848', '@uniprot': '329790'}",Solanum nemophilum,1002008,-,Solanum nemophilum
Cestrum laxum,Cestrum laxum,ot_1003_Tr100305.nex,"{'@tb:identifier.taxon': 36735, '@tb:identifier.taxonVariant': 85019, '@ubio': '3440055', '@uniprot': '385331'}",Cestrum laxum,583028,-,Cestrum laxum
Solanum sucrense,Solanum sucrense,ot_1003_Tr100305.nex,"{'@tb:identifier.taxon': 154765, '@tb:identifier.taxonVariant': 230203, '@ubio': '5862730', '@uniprot': '162494'}",Solanum sucrense,5145481,-,Solanum sucrense
Solanum incamayoense,Solanum incamayoense,ot_1003_Tr100305.nex,"{'@tb:identifier.taxon': 278965, '@tb:identifier.taxonVariant': 332721, '@ubio': '5873717', '@uniprot': '317824'}",Solanum incamayoense,495234,-,Solanum incamayoense
Solanum tomentosum,Solanum tomentosum,ot_1003_Tr100305.nex,"{'@tb:identifier.taxon': 27284, '@tb:identifier.taxonVariant': 63666, '@ubio': '5983854', '@uniprot': '329802'}",Solanum tomentosum,701410,-,Solanum tomentosum
Solanum lepidotum,Solanum lepidotum,ot_1003_Tr100305.nex,"{'@tb:identifier.taxon': 27206, '@tb:identifier.taxonVariant': 63512, '@ubio': '3440676', '@uniprot': '205560'}",Solanum lepidotum,785119,-,Solanum lepidotum
Solanum uncinellum,Solanum uncinellum,ot_1003_Tr100305.nex,"{'@tb:identifier.taxon': 619631, '@tb:identifier.taxonVariant': 829719, '@ubio': '9220986'}",Solanum uncinellum,5784010,-,Solanum uncinellum
Lycianthes jalicensis,Lycianthes jalicensis,ot_1003_Tr100305.nex,"{'@tb:identifier.taxon': 342851, '@tb:identifier.taxonVariant': 378918, '@ubio': '9415685', '@uniprot': '393152'}",Lycianthes jalicensis,339706,-,Lycianthes jalicensis
Solanum crinitum,Solanum crinitum,ot_1003_Tr100305.nex,"{'@tb:identifier.taxon': 27163, '@tb:identifier.taxonVariant': 63425, '@ubio': '3440885', '@uniprot': '205544'}",Solanum crinitum,836460,-,Solanum crinitum
Sclerophylax spinescens,Sclerophylax spinescens,ot_1003_Tr100305.nex,"{'@tb:identifier.taxon': 362390, '@tb:identifier.taxonVariant': 390426, '@ubio': '3440376', '@uniprot': '416544'}",Sclerophylax spinescens,505205,-,Sclerophylax spinescens
Nierembergia hatschbachii,Nierembergia hatschbachii,ot_1003_Tr100305.nex,"{'@tb:identifier.taxon': 41302, '@tb:identifier.taxonVariant': 96273, '@ubio': '8361040', '@uniprot': '316307'}",Nierembergia hatschbachii,934781,-,Nierembergia hatschbachii
Physalis microcarpa,Physalis microcarpa,ot_1003_Tr100305.nex,"{'@tb:identifier.taxon': 22177, '@tb:identifier.taxonVariant': 51569, '@ubio': '5981239', '@uniprot': '304152'}",Physalis microcarpa,940398,-,Physalis microcarpa
Solanum immite,Solanum immite,ot_1003_Tr100305.nex,"{'@tb:identifier.taxon': 278964, '@tb:identifier.taxonVariant': 332719, '@ubio': '1801067', '@uniprot': '317823'}",Solanum immite,447376,-,Solanum immite
Scopolia lutescens,Scopolia lutescens,ot_1003_Tr100305.nex,"{'@tb:identifier.taxon': 232603, '@tb:identifier.taxonVariant': 295146, '@ubio': '5976533', '@uniprot': '258456'}",Scopolia lutescens,100821,-,Scopolia lutescens
Solanum mite,Solanum mite,ot_1003_Tr100305.nex,"{'@tb:identifier.taxon': 564522, '@tb:identifier.taxonVariant': 785375, '@ubio': '9131695', '@uniprot': '0'}",Solanum mite,845594,-,Solanum mite
Dunalia spinosa,Dunalia spinosa,ot_1003_Tr100305.nex,"{'@tb:identifier.taxon': 35211, '@tb:identifier.taxonVariant': 81601, '@ubio': '9116199', '@uniprot': '362349'}",Dunalia spinosa,448164,-,Dunalia spinosa
Nierembergia graveolens,Nierembergia graveolens,ot_1003_Tr100305.nex,"{'@tb:identifier.taxon': 41303, '@tb:identifier.taxonVariant': 96275, '@ubio': '1800599', '@uniprot': '289840'}",Nierembergia graveolens,662668,-,Nierembergia graveolens
Nolana tarapacana,Nolana tarapacana,ot_1003_Tr100305.nex,"{'@tb:identifier.taxon': 395106, '@tb:identifier.taxonVariant': 405842, '@ubio': '9382608', '@uniprot': '459202'}",Nolana tarapacana,551324,-,Nolana tarapacana
Solanum batoides,Solanum batoides,ot_1003_Tr100305.nex,"{'@tb:identifier.taxon': 619553, '@tb:identifier.taxonVariant': 829632, '@ubio': '9245507'}",Solanum batoides,3870014,-,Solanum batoides
Capsicum frutescens,Capsicum frutescens,ot_1003_Tr100305.nex,"{'@tb:identifier.taxon': 50894, '@tb:identifier.taxonVariant': 120464, '@ubio': '2813851', '@uniprot': '4073'}",Capsicum frutescens,473831,-,Capsicum frutescens
Deprea hawkesii,Larnax hawkesii,ot_1003_Tr100305.nex,"{'@tb:identifier.taxon': 118758, '@tb:identifier.taxonVariant': 197108, '@ubio': '5960789', '@uniprot': '115732'}",Deprea hawkesii,903509,-,Larnax hawkesii
Lycianthes stephanocalyx,Lycianthes stephanocalyx,ot_1003_Tr100305.nex,"{'@tb:identifier.taxon': 342865, '@tb:identifier.taxonVariant': 378932, '@ubio': '3440178', '@uniprot': '393166'}",Lycianthes stephanocalyx,864334,-,Lycianthes stephanocalyx
Solanum argopetalum,Solanum argopetalum,ot_1003_Tr100305.nex,"{'@tb:identifier.taxon': 619552, '@tb:identifier.taxonVariant': 829631, '@ubio': '8400139'}",Solanum argopetalum,364018,-,Solanum argopetalum
Tsoala tubiflora,Tsoala tubiflora,ot_1003_Tr100305.nex,"{'@tb:identifier.taxon': 429037, '@tb:identifier.taxonVariant': 565251, '@ubio': '9186783', '@uniprot': '540836'}",Tsoala tubiflora,960303,-,Tsoala tubiflora
Solanum vaccinioides,Solanum vaccinioides,ot_1003_Tr100305.nex,"{'@tb:identifier.taxon': 344945, '@tb:identifier.taxonVariant': 380215, '@ubio': '9231233', '@uniprot': '395918'}",Solanum vaccinioides,105111,-,Solanum vaccinioides
Acnistus arborescens,Acnistus arborescens,ot_1003_Tr100305.nex,"{'@tb:identifier.taxon': 35218, '@tb:identifier.taxonVariant': 81623, '@ubio': '2653691', '@uniprot': '362341'}",Acnistus arborescens,501120,-,Acnistus arborescens
Solanum cordovense,Solanum cordovense,ot_1003_Tr100305.nex,"{'@tb:identifier.taxon': 632143, '@tb:identifier.taxonVariant': 847155, '@ubio': '9152834', '@uniprot': '52876'}",Solanum cordovense,326643,-,Solanum cordovense
Solanum semiarmatum,Solanum semiarmatum,ot_1003_Tr100305.nex,"{'@tb:identifier.taxon': 619640, '@tb:identifier.taxonVariant': 829728, '@ubio': '9109671'}",Solanum semiarmatum,192056,-,Solanum semiarmatum
Nolana spathulata,Nolana spathulata,ot_1003_Tr100305.nex,"{'@tb:identifier.taxon': 59768, '@tb:identifier.taxonVariant': 132894, '@ubio': '5845986', '@uniprot': '33124'}",Nolana spathulata,925284,-,Nolana spathulata
Solanum mammosum,Solanum mammosum,ot_1003_Tr100305.nex,"{'@tb:identifier.taxon': 27213, '@tb:identifier.taxonVariant': 63533, '@ubio': '2653562', '@uniprot': '115667'}",Solanum mammosum,399736,-,Solanum mammosum
Jaltomata biflora,Jaltomata biflora,ot_1003_Tr100305.nex,"{'@tb:identifier.taxon': 570326, '@tb:identifier.taxonVariant': 790625, '@ubio': '9150764'}",Jaltomata biflora,482496,-,Jaltomata biflora
Lycium infaustum,Lycium infaustum,ot_1003_Tr100305.nex,"{'@tb:identifier.taxon': 301700, '@tb:identifier.taxonVariant': 350391, '@ubio': '5984648', '@uniprot': '343885'}",Lycium infaustum,596971,-,Lycium infaustum
Solanum echinatum,Solanum echinatum,ot_1003_Tr100305.nex,"{'@tb:identifier.taxon': 27174, '@tb:identifier.taxonVariant': 63450, '@ubio': '5970593', '@uniprot': '205549'}",Solanum echinatum,836446,-,Solanum echinatum
Physalis acutifolia,Physalis acutifolia,ot_1003_Tr100305.nex,"{'@tb:identifier.taxon': 22151, '@tb:identifier.taxonVariant': 51510, '@ubio': '2653657', '@uniprot': '304134'}",Physalis acutifolia,788348,-,Physalis acutifolia
Lycium pilifolium,Lycium pilifolium,ot_1003_Tr100305.nex,"{'@tb:identifier.taxon': 116737, '@tb:identifier.taxonVariant': 195090, '@ubio': '5960510', '@uniprot': '112877'}",Lycium pilifolium,560938,-,Lycium pilifolium
Solanum sejunctum,Solanum sejunctum,ot_1003_Tr100305.nex,"{'@tb:identifier.taxon': 289150, '@tb:identifier.taxonVariant': 340864, '@ubio': '5983851', '@uniprot': '329799'}",Solanum sejunctum,1001981,-,Solanum sejunctum
Datura bernhardii,Datura bernhardii,ot_1003_Tr100305.nex,"{'@tb:identifier.taxon': 619537, '@tb:identifier.taxonVariant': 829613, '@ubio': '5832823'}",Datura bernhardii,644786,-,Datura bernhardii
Jaltomata nigricolor,Jaltomata nigricolor,ot_1003_Tr100305.nex,-,Jaltomata nigricolor,532701,-,Jaltomata nigricolor
Lycium dasystemum,Lycium dasystemum,ot_1003_Tr100305.nex,"{'@tb:identifier.taxon': 619544, '@tb:identifier.taxonVariant': 829623, '@ubio': '9177100'}",Lycium dasystemum,798223,-,Lycium dasystemum
Brugmansia aurea,Brugmansia aurea,ot_1003_Tr100305.nex,"{'@tb:identifier.taxon': 326606, '@tb:identifier.taxonVariant': 368171, '@ubio': '3409335', '@uniprot': '374040'}",Brugmansia aurea,155108,-,Brugmansia aurea
Petunia bonjardinensis,Petunia bonjardinensis,ot_1003_Tr100305.nex,"{'@tb:identifier.taxon': 283619, '@tb:identifier.taxonVariant': 336730, '@ubio': '5912958', '@uniprot': '323107'}",Petunia bonjardinensis,973023,-,Petunia bonjardinensis
Solanum lycopersicoides,Solanum lycopersicoides,ot_1003_Tr100305.nex,"{'@tb:identifier.taxon': 632155, '@tb:identifier.taxonVariant': 847167, '@ubio': '5862793', '@uniprot': '142760'}",Solanum lycopersicoides,868266,-,Solanum lycopersicoides
Solanum cumingii,Solanum cumingii,ot_1003_Tr100305.nex,"{'@tb:identifier.taxon': 448169, '@tb:identifier.taxonVariant': 592624, '@ubio': '9181415', '@uniprot': '488918'}",Solanum cumingii,671639,-,Solanum cumingii
Solanum triflorum,Solanum triflorum,ot_1003_Tr100305.nex,"{'@tb:identifier.taxon': 27287, '@tb:identifier.taxonVariant': 63672, '@ubio': '2653554', '@uniprot': '205588'}",Solanum triflorum,734403,-,Solanum triflorum
Nicotiana gossei,Nicotiana gossei,ot_1003_Tr100305.nex,"{'@tb:identifier.taxon': 19092, '@tb:identifier.taxonVariant': 44442, '@ubio': '5845884', '@uniprot': '118698'}",Nicotiana gossei,1031862,-,Nicotiana gossei
Lycium texanum,Lycium texanum,ot_1003_Tr100305.nex,"{'@tb:identifier.taxon': 301707, '@tb:identifier.taxonVariant': 350401, '@ubio': '2653626', '@uniprot': '343893'}",Lycium texanum,24212,-,Lycium texanum
Physalis angustiphysa,Physalis angustiphysa,ot_1003_Tr100305.nex,"{'@tb:identifier.taxon': 22155, '@tb:identifier.taxonVariant': 51518, '@ubio': '5981236', '@uniprot': '304138'}",Physalis angustiphysa,788352,-,Physalis angustiphysa
Solanum viarum,Solanum viarum,ot_1003_Tr100305.nex,"{'@tb:identifier.taxon': 27298, '@tb:identifier.taxonVariant': 63693, '@ubio': '2669401', '@uniprot': '215581'}",Solanum viarum,450048,-,Solanum viarum
Solanum schenckii,Solanum schenckii,ot_1003_Tr100305.nex,"{'@tb:identifier.taxon': 276759, '@tb:identifier.taxonVariant': 330640, '@ubio': '5864239', '@uniprot': '315345'}",Solanum schenckii,774999,-,Solanum schenckii
Salpiglossis sinuata,Salpiglossis sinuata,ot_1003_Tr100305.nex,"{'@tb:identifier.taxon': 59766, '@tb:identifier.taxonVariant': 415906, '@ubio': '2671819', '@uniprot': '33121'}",Salpiglossis sinuata,925270,-,Salpiglossis sinuata
Nolana tomentella,Nolana tomentella,ot_1003_Tr100305.nex,"{'@tb:identifier.taxon': 395107, '@tb:identifier.taxonVariant': 405843, '@ubio': '9381962', '@uniprot': '459203'}",Nolana tomentella,551326,-,Nolana tomentella
Solanum marinasense,Solanum marinasense,ot_1003_Tr100305.nex,"{'@tb:identifier.taxon': 278967, '@tb:identifier.taxonVariant': 332724, '@ubio': '5866291', '@uniprot': '317826'}",Solanum marinasense,447386,-,Solanum marinasense
Solanum lumholtzianum,Solanum lumholtzianum,ot_1003_Tr100305.nex,"{'@tb:identifier.taxon': 537259, '@tb:identifier.taxonVariant': 712712}",Solanum lumholtzianum,348199,-,Solanum lumholtzianum
Datura leichhardtii,Datura leichhardtii,ot_1003_Tr100305.nex,"{'@tb:identifier.taxon': 429011, '@tb:identifier.taxonVariant': 565204, '@ubio': '2669890', '@uniprot': '540799'}",Datura leichhardtii,445271,-,Datura leichhardtii
Combera paradoxa,Combera paradoxa,ot_1003_Tr100305.nex,"{'@tb:identifier.taxon': 429009, '@tb:identifier.taxonVariant': 565198, '@ubio': '9166839', '@uniprot': '540798'}",Combera paradoxa,445273,-,Combera paradoxa
Nicotiana petunioides,Nicotiana petunioides,ot_1003_Tr100305.nex,"{'@tb:identifier.taxon': 121193, '@tb:identifier.taxonVariant': 199001, '@ubio': '3440271', '@uniprot': '118708'}",Nicotiana petunioides,733981,-,Nicotiana petunioides
Anthocercis intricata,Anthocercis intricata,ot_1003_Tr100305.nex,"{'@tb:identifier.taxon': 1855, '@tb:identifier.taxonVariant': 4535, '@ubio': '5969241', '@uniprot': '195720'}",Anthocercis intricata,286578,-,Anthocercis intricata
Solanum valdiviense,Solanum valdiviense,ot_1003_Tr100305.nex,"{'@tb:identifier.taxon': 619630, '@tb:identifier.taxonVariant': 829718, '@ubio': '1801248'}",Solanum valdiviense,3870162,-,Solanum valdiviense
Lycianthes amatitlanensis,Lycianthes amatitlanensis,ot_1003_Tr100305.nex,"{'@tb:identifier.taxon': 16488, '@tb:identifier.taxonVariant': 38652, '@ubio': '3440196', '@uniprot': '304106'}",Lycianthes amatitlanensis,315005,-,Lycianthes amatitlanensis
Cyphanthera anthocercidea,Cyphanthera anthocercidea,ot_1003_Tr100305.nex,"{'@tb:identifier.taxon': 8148, '@tb:identifier.taxonVariant': 19611, '@ubio': '5969249', '@uniprot': '195732'}",Cyphanthera anthocercidea,810431,-,Cyphanthera anthocercidea
Solanum sendtnerianum,Solanum sendtnerianum,ot_1003_Tr100305.nex,"{'@tb:identifier.taxon': 537260, '@tb:identifier.taxonVariant': 712714}",Solanum sendtnerianum,348185,-,Solanum sendtnerianum
Nolana chancoana,Nolana chancoana,ot_1003_Tr100305.nex,"{'@tb:identifier.taxon': 395091, '@tb:identifier.taxonVariant': 784075}",Nolana chancoana,131397,-,Nolana chancoana
Cestrum poasanum,Cestrum poasanum,ot_1003_Tr100305.nex,"{'@tb:identifier.taxon': 36729, '@tb:identifier.taxonVariant': 85007, '@ubio': '9143680', '@uniprot': '385338'}",Cestrum poasanum,969137,-,Cestrum poasanum
Solanum supinum,Solanum supinum,ot_1003_Tr100305.nex,"{'@tb:identifier.taxon': 448173, '@tb:identifier.taxonVariant': 592632, '@ubio': '9166038', '@uniprot': '488922'}",Solanum supinum,148847,-,Solanum supinum
Solanum santolallae,Solanum santolallae,ot_1003_Tr100305.nex,"{'@tb:identifier.taxon': 276758, '@tb:identifier.taxonVariant': 330638, '@ubio': '5862830', '@uniprot': '315344'}",Solanum santolallae,774997,-,Solanum santolallae
Nolana divaricata,Nolana divaricata,ot_1003_Tr100305.nex,"{'@tb:identifier.taxon': 95032, '@tb:identifier.taxonVariant': 174203, '@ubio': '5845978', '@uniprot': '84182'}",Nolana divaricata,325310,-,Nolana divaricata
Nolana crassulifolia,Nolana crassulifolia,ot_1003_Tr100305.nex,"{'@tb:identifier.taxon': 95030, '@tb:identifier.taxonVariant': 174201, '@ubio': '5957955', '@uniprot': '84180'}",Nolana crassulifolia,325306,-,Nolana crassulifolia
Nolana villosa,Nolana villosa,ot_1003_Tr100305.nex,"{'@tb:identifier.taxon': 95054, '@tb:identifier.taxonVariant': 174225, '@ubio': '5957973', '@uniprot': '84204'}",Nolana villosa,956768,-,Nolana villosa
Henoonia myrtifolia,Henoonia myrtifolia,ot_1003_Tr100305.nex,"{'@tb:identifier.taxon': 205530, '@tb:identifier.taxonVariant': 274987, '@ubio': '3439690', '@uniprot': '225623'}",Henoonia myrtifolia,900315,-,Henoonia myrtifolia
Lycianthes acapulcensis,Lycianthes acapulcensis,ot_1003_Tr100305.nex,"{'@tb:identifier.taxon': 342843, '@tb:identifier.taxonVariant': 378911, '@ubio': '3440169', '@uniprot': '393144'}",Lycianthes acapulcensis,914554,-,Lycianthes acapulcensis
Solanum diploconos,Solanum diploconos,ot_1003_Tr100305.nex,"{'@tb:identifier.taxon': 8160, '@tb:identifier.taxonVariant': 63439, '@ubio': '5899065', '@uniprot': '172110'}",Solanum diploconos,763421,-,Solanum diploconos
Solanum johnstonii,Solanum johnstonii,ot_1003_Tr100305.nex,"{'@tb:identifier.taxon': 537258, '@tb:identifier.taxonVariant': 712710}",Solanum johnstonii,348197,-,Solanum johnstonii
Solanum linearifolium,Solanum linearifolium,ot_1003_Tr100305.nex,"{'@tb:identifier.taxon': 349414, '@tb:identifier.taxonVariant': 382907, '@ubio': '3440855', '@uniprot': '400999'}",Solanum linearifolium,361011,-,Solanum linearifolium
Solanum wallacei,Solanum wallacei,ot_1003_Tr100305.nex,"{'@tb:identifier.taxon': 27302, '@tb:identifier.taxonVariant': 63702, '@ubio': '2653557', '@uniprot': '45841'}",Solanum wallacei,590324,-,Solanum wallacei
Solanum amygdalifolium,Solanum amygdalifolium,ot_1003_Tr100305.nex,"{'@tb:identifier.taxon': 27126, '@tb:identifier.taxonVariant': 63346, '@ubio': '5970587', '@uniprot': '205529'}",Solanum amygdalifolium,886510,-,Solanum amygdalifolium
Solanum wrightii,Solanum wrightii,ot_1003_Tr100305.nex,"{'@tb:identifier.taxon': 326578, '@tb:identifier.taxonVariant': 368128, '@ubio': '3440533', '@uniprot': '374009'}",Solanum wrightii,53115,-,Solanum wrightii
Cestrum mortonianum,Cestrum mortonianum,ot_1003_Tr100305.nex,"{'@tb:identifier.taxon': 36732, '@tb:identifier.taxonVariant': 85013, '@ubio': '9148049', '@uniprot': '385335'}",Cestrum mortonianum,317966,-,Cestrum mortonianum
Solanum megalonyx,Solanum megalonyx,ot_1003_Tr100305.nex,"{'@tb:identifier.taxon': 604542, '@tb:identifier.taxonVariant': 806734, '@ubio': '9233028'}",Solanum megalonyx,464538,-,Solanum megalonyx
Capsicum galapagoense,Capsicum galapagoense,ot_1003_Tr100305.nex,"{'@tb:identifier.taxon': 157201, '@tb:identifier.taxonVariant': 232515, '@ubio': '5866454', '@uniprot': '165701'}",Capsicum galapagoense,417665,-,Capsicum galapagoense
Solanum palustre,Solanum palustre,ot_1003_Tr100305.nex,"{'@tb:identifier.taxon': 50914, '@tb:identifier.taxonVariant': 120516, '@ubio': '5883034', '@uniprot': '4115'}",Solanum palustre,494827,-,Solanum palustre
Iochroma cornifolium,Iochroma cornifolium,ot_1003_Tr100305.nex,"{'@tb:identifier.taxon': 48061, '@tb:identifier.taxonVariant': 112452, '@ubio': '9116885', '@uniprot': '362356'}",Iochroma cornifolium,974498,-,Iochroma cornifolium
Solanum schlechtendalianum,Solanum schlechtendalianum,ot_1003_Tr100305.nex,"{'@tb:identifier.taxon': 27269, '@tb:identifier.taxonVariant': 63637, '@ubio': '3440853', '@uniprot': '205581'}",Solanum schlechtendalianum,4054,-,Solanum schlechtendalianum
Jaborosa sativa,Jaborosa sativa,ot_1003_Tr100305.nex,"{'@tb:identifier.taxon': 429017, '@tb:identifier.taxonVariant': 565214, '@ubio': '9244093', '@uniprot': '540806'}",Jaborosa sativa,434591,-,Jaborosa sativa
Vassobia breviflora,Vassobia breviflora,ot_1003_Tr100305.nex,"{'@tb:identifier.taxon': 35189, '@tb:identifier.taxonVariant': 81531, '@ubio': '3440932', '@uniprot': '126907'}",Vassobia breviflora,950238,-,Vassobia breviflora
Anthocercis ilicifolia,Anthocercis ilicifolia,ot_1003_Tr100305.nex,"{'@tb:identifier.taxon': 1854, '@tb:identifier.taxonVariant': 4534, '@ubio': '5969240', '@uniprot': '195719'}",Anthocercis ilicifolia,759262,-,Anthocercis ilicifolia
Physalis glutinosa,Physalis glutinosa,ot_1003_Tr100305.nex,"{'@tb:identifier.taxon': 22166, '@tb:identifier.taxonVariant': 51543, '@ubio': '3440304', '@uniprot': '304145'}",Physalis glutinosa,414762,-,Physalis glutinosa
Solandra brachycalyx,Solandra brachycalyx,ot_1003_Tr100305.nex,"{'@tb:identifier.taxon': 429036, '@tb:identifier.taxonVariant': 565250, '@ubio': '9123185', '@uniprot': '540834'}",Solandra brachycalyx,960297,-,Solandra brachycalyx
Leucophysalis grandiflora,Leucophysalis grandiflora,ot_1003_Tr100305.nex,"{'@tb:identifier.taxon': 15849, '@tb:identifier.taxonVariant': 37163, '@ubio': '2653610', '@uniprot': '304109'}",Leucophysalis grandiflora,314994,-,Leucophysalis grandiflora
Anthotroche myoporoides,Anthotroche myoporoides,ot_1003_Tr100305.nex,"{'@tb:identifier.taxon': 1873, '@tb:identifier.taxonVariant': 4572, '@ubio': '5969243', '@uniprot': '195724'}",Anthotroche myoporoides,286570,-,Anthotroche myoporoides
Sclerophylax adnatifolia,Sclerophylax adnatifolia,ot_1003_Tr100305.nex,"{'@tb:identifier.taxon': 408228, '@tb:identifier.taxonVariant': 409996, '@ubio': '9196962', '@uniprot': '481620'}",Sclerophylax adnatifolia,745689,-,Sclerophylax adnatifolia
Solanum candolleanum,Solanum candolleanum,ot_1003_Tr100305.nex,"{'@tb:identifier.taxon': 276752, '@tb:identifier.taxonVariant': 330627, '@ubio': '5862427', '@uniprot': '315336'}",Solanum candolleanum,46936,-,Solanum candolleanum
Sessea corymbiflora,Sessea corymbiflora,ot_1003_Tr100305.nex,"{'@tb:identifier.taxon': 205564, '@tb:identifier.taxonVariant': 274994, '@ubio': '5972860', '@uniprot': '225657'}",Sessea corymbiflora,43632,-,Sessea corymbiflora
Nolana coelestis,Nolana coelestis,ot_1003_Tr100305.nex,"{'@tb:identifier.taxon': 362388, '@tb:identifier.taxonVariant': 390423, '@ubio': '8576490', '@uniprot': '416542'}",Nolana coelestis,505222,-,Nolana coelestis
Solanum scabrum,Solanum scabrum,ot_1003_Tr100305.nex,"{'@tb:identifier.taxon': 619629, '@tb:identifier.taxonVariant': 829717, '@ubio': '5882719'}",Solanum scabrum,503656,-,Solanum scabrum
Solanum megistacrolobum,Solanum megistacrolobum,ot_1003_Tr100305.nex,"{'@tb:identifier.taxon': 384864, '@tb:identifier.taxonVariant': 526533, '@ubio': '3440643', '@uniprot': '445678'}",Solanum megistacrolobum,991411,-,Solanum megistacrolobum
Lycium shawii,Lycium shawii,ot_1003_Tr100305.nex,"{'@tb:identifier.taxon': 149241, '@tb:identifier.taxonVariant': 225054, '@ubio': '5863670', '@uniprot': '155082'}",Lycium shawii,814789,-,Lycium shawii
Nolana peruviana,Nolana peruviana,ot_1003_Tr100305.nex,"{'@tb:identifier.taxon': 95044, '@tb:identifier.taxonVariant': 174215, '@ubio': '5957965', '@uniprot': '84194'}",Nolana peruviana,899671,-,Nolana peruviana
Solanum exiguum,Solanum exiguum,ot_1003_Tr100305.nex,"{'@tb:identifier.taxon': 40215, '@tb:identifier.taxonVariant': 93347, '@ubio': '5899082', '@uniprot': '265399'}",Solanum exiguum,570213,-,Solanum exiguum
Solanum citrullifolium,Solanum citrullifolium,ot_1003_Tr100305.nex,"{'@tb:identifier.taxon': 27155, '@tb:identifier.taxonVariant': 63405, '@ubio': '2653520', '@uniprot': '205540'}",Solanum citrullifolium,836453,-,Solanum citrullifolium
Nicotiana clevelandii,Nicotiana clevelandii,ot_1003_Tr100305.nex,"{'@tb:identifier.taxon': 93214, '@tb:identifier.taxonVariant': 172143, '@ubio': '2653646', '@uniprot': '81866'}",Nicotiana clevelandii,1003579,-,Nicotiana clevelandii
Cestrum fasciculatum,Cestrum fasciculatum,ot_1003_Tr100305.nex,"{'@tb:identifier.taxon': 36742, '@tb:identifier.taxonVariant': 85035, '@ubio': '2653583', '@uniprot': '385324'}",Cestrum fasciculatum,392637,-,Cestrum fasciculatum
Solanum stelligerum,Solanum stelligerum,ot_1003_Tr100305.nex,"{'@tb:identifier.taxon': 27276, '@tb:identifier.taxonVariant': 63652, '@ubio': '5983853', '@uniprot': '329801'}",Solanum stelligerum,701417,-,Solanum stelligerum
Solanum dianthophorum,Solanum dianthophorum,ot_1003_Tr100305.nex,"{'@tb:identifier.taxon': 619557, '@tb:identifier.taxonVariant': 829636, '@ubio': '9108451'}",Solanum dianthophorum,142551,-,Solanum dianthophorum
Solanum pyracanthum,Solanum pyracanthos,ot_1003_Tr100305.nex,"{'@tb:identifier.taxon': 27254, '@tb:identifier.taxonVariant': 63607, '@ubio': '5863051', '@uniprot': '205574'}",Solanum pyracanthum,158103,Solanum pyracanthum,Solanum pyracanthos
Lycium europaeum,Lycium europaeum,ot_1003_Tr100305.nex,"{'@tb:identifier.taxon': 116734, '@tb:identifier.taxonVariant': 195087, '@ubio': '5843325', '@uniprot': '112873'}",Lycium europaeum,560947,-,Lycium europaeum
Solanum amblymerum,Solanum amblymerum,ot_1003_Tr100305.nex,"{'@tb:identifier.taxon': 619550, '@tb:identifier.taxonVariant': 829629, '@ubio': '9210938'}",Solanum amblymerum,364014,-,Solanum amblymerum
Solanum chenopodinum,Solanum chenopodinum,ot_1003_Tr100305.nex,"{'@tb:identifier.taxon': 27152, '@tb:identifier.taxonVariant': 63399, '@ubio': '3440824', '@uniprot': '205538'}",Solanum chenopodinum,311862,-,Solanum chenopodinum
Nolana paradoxa,Nolana paradoxa,ot_1003_Tr100305.nex,"{'@tb:identifier.taxon': 326599, '@tb:identifier.taxonVariant': 368162, '@ubio': '9382452', '@uniprot': '374033'}",Nolana paradoxa,626037,-,Nolana paradoxa
Nicotiana excelsior,Nicotiana excelsior,ot_1003_Tr100305.nex,"{'@tb:identifier.taxon': 19090, '@tb:identifier.taxonVariant': 44435, '@ubio': '2669879', '@uniprot': '61185'}",Nicotiana excelsior,466063,-,Nicotiana excelsior
Solanum phlomoides,Solanum phlomoides,ot_1003_Tr100305.nex,"{'@tb:identifier.taxon': 34301, '@tb:identifier.taxonVariant': 79182, '@ubio': '9109443', '@uniprot': '368039'}",Solanum phlomoides,518415,-,Solanum phlomoides
Solanum hieronymi,Solanum hieronymi,ot_1003_Tr100305.nex,"{'@tb:identifier.taxon': 27189, '@tb:identifier.taxonVariant': 63472, '@ubio': '3440523', '@uniprot': '329778'}",Solanum hieronymi,14202,-,Solanum hieronymi
Lycium tenuispinosum,Lycium tenuispinosum,ot_1003_Tr100305.nex,"{'@tb:identifier.taxon': 301706, '@tb:identifier.taxonVariant': 350399, '@ubio': '5984650', '@uniprot': '343892'}",Lycium tenuispinosum,24215,-,Lycium tenuispinosum
Nolana thinophila,Nolana thinophila,ot_1003_Tr100305.nex,"{'@tb:identifier.taxon': 95052, '@tb:identifier.taxonVariant': 174223, '@ubio': '5957971', '@uniprot': '84202'}",Nolana thinophila,956760,-,Nolana thinophila
Jaltomata lomana,Jaltomata lomana,ot_1003_Tr100305.nex,"{'@tb:identifier.taxon': 570322, '@tb:identifier.taxonVariant': 790618, '@ubio': '3440135'}",Jaltomata lomana,532705,-,Jaltomata lomana
Physochlaina orientalis,Physochlaina orientalis,ot_1003_Tr100305.nex,"{'@tb:identifier.taxon': 389280, '@tb:identifier.taxonVariant': 404207, '@ubio': '9177274', '@uniprot': '451527'}",Physochlaina orientalis,514337,-,Physochlaina orientalis
Lycium rachidocladum,Lycium rachidocladum,ot_1003_Tr100305.nex,"{'@tb:identifier.taxon': 362384, '@tb:identifier.taxonVariant': 390417, '@ubio': '9119279', '@uniprot': '416538'}",Lycium rachidocladum,86090,-,Lycium rachidocladum
Nolana stenophylla,Nolana stenophylla,ot_1003_Tr100305.nex,"{'@tb:identifier.taxon': 95051, '@tb:identifier.taxonVariant': 174222, '@ubio': '5957970', '@uniprot': '84201'}",Nolana stenophylla,956762,-,Nolana stenophylla
Schizanthus hookeri,Schizanthus hookeri,ot_1003_Tr100305.nex,"{'@tb:identifier.taxon': 315565, '@tb:identifier.taxonVariant': 360785, '@ubio': '5985521', '@uniprot': '360629'}",Schizanthus hookeri,94234,-,Schizanthus hookeri
Lycium cuneatum,Lycium cuneatum,ot_1003_Tr100305.nex,"{'@tb:identifier.taxon': 301696, '@tb:identifier.taxonVariant': 350383, '@ubio': '3440220', '@uniprot': '343881'}",Lycium cuneatum,596962,-,Lycium cuneatum
Solanum diversiflorum,Solanum diversiflorum,ot_1003_Tr100305.nex,"{'@tb:identifier.taxon': 27170, '@tb:identifier.taxonVariant': 63442, '@ubio': '5983842', '@uniprot': '329773'}",Solanum diversiflorum,14214,-,Solanum diversiflorum
Nierembergia angustifolia,Nierembergia angustifolia,ot_1003_Tr100305.nex,"{'@tb:identifier.taxon': 41309, '@tb:identifier.taxonVariant': 96286, '@ubio': '1800600', '@uniprot': '274370'}",Nierembergia angustifolia,474435,-,Nierembergia angustifolia
Nicotiana alata,Nicotiana alata,ot_1003_Tr100305.nex,"{'@tb:identifier.taxon': 19088, '@tb:identifier.taxonVariant': 44429, '@ubio': '3876641', '@uniprot': '4087'}",Nicotiana alata,379008,-,Nicotiana alata
Solanum stenandrum,Solanum stenandrum,ot_1003_Tr100305.nex,"{'@tb:identifier.taxon': 27277, '@tb:identifier.taxonVariant': 63653, '@ubio': '3440600', '@uniprot': '267270'}",Solanum stenandrum,352580,-,Solanum stenandrum
Metternichia princeps,Metternichia princeps,ot_1003_Tr100305.nex,"{'@tb:identifier.taxon': 82286, '@tb:identifier.taxonVariant': 160318, '@ubio': '9185357', '@uniprot': '66396'}",Metternichia princeps,210698,-,Metternichia princeps
Atropa komarovii,Atropa komarovii,ot_1003_Tr100305.nex,"{'@tb:identifier.taxon': 601957, '@tb:identifier.taxonVariant': 802610, '@ubio': '9176966'}",Atropa komarovii,855655,-,Atropa komarovii
Jaltomata chihuahuensis,Jaltomata chihuahuensis,ot_1003_Tr100305.nex,"{'@tb:identifier.taxon': 32154, '@tb:identifier.taxonVariant': 74466, '@ubio': '3440127'}",Jaltomata chihuahuensis,1007917,-,Jaltomata chihuahuensis
Jaltomata lezamae,Jaltomata lezamae,ot_1003_Tr100305.nex,"{'@tb:identifier.taxon': 570317, '@tb:identifier.taxonVariant': 790606, '@ubio': '9191966'}",Jaltomata lezamae,1058981,-,Jaltomata lezamae
Pantacantha ameghinoi,Pantacantha ameghinoi,ot_1003_Tr100305.nex,"{'@tb:identifier.taxon': 429031, '@tb:identifier.taxonVariant': 565242, '@ubio': '9176599', '@uniprot': '540825'}",Pantacantha ameghinoi,383965,-,Pantacantha ameghinoi
Przewalskia tangutica,Przewalskia tangutica,ot_1003_Tr100305.nex,"{'@tb:identifier.taxon': 295829, '@tb:identifier.taxonVariant': 345915, '@ubio': '9178194', '@uniprot': '337188'}",Przewalskia tangutica,329328,-,Przewalskia tangutica
Nicotiana miersii,Nicotiana miersii,ot_1003_Tr100305.nex,"{'@tb:identifier.taxon': 121189, '@tb:identifier.taxonVariant': 428796, '@ubio': '5862061', '@uniprot': '118704'}",Nicotiana miersii,733977,-,Nicotiana miersii
,Solanum chenopodium,ot_1003_Tr100305.nex,"{'@tb:identifier.taxon': 619555, '@tb:identifier.taxonVariant': 829634, '@ubio': '9228747'}",-,-,-,Solanum chenopodium
Jaltomata yungayensis,Jaltomata yungayensis,ot_1003_Tr100305.nex,"{'@tb:identifier.taxon': 570314, '@tb:identifier.taxonVariant': 790596, '@ubio': '3440126'}",Jaltomata yungayensis,11311,-,Jaltomata yungayensis
Capsicum schottianum,Capsicum schottianum,ot_1003_Tr100305.nex,"{'@tb:identifier.taxon': 397351, '@tb:identifier.taxonVariant': 406671, '@ubio': '5889839', '@uniprot': '462293'}",Capsicum schottianum,445176,-,Capsicum schottianum
Solanum lignicaule,Solanum lignicaule,ot_1003_Tr100305.nex,"{'@tb:identifier.taxon': 276756, '@tb:identifier.taxonVariant': 330634, '@ubio': '5862684', '@uniprot': '315341'}",Solanum lignicaule,775006,-,Solanum lignicaule
Latua pubiflora,Latua pubiflora,ot_1003_Tr100305.nex,"{'@tb:identifier.taxon': 429019, '@tb:identifier.taxonVariant': 565224, '@ubio': '5913064', '@uniprot': '540810'}",Latua pubiflora,1011310,-,Latua pubiflora
Nierembergia micrantha,Nierembergia micrantha,ot_1003_Tr100305.nex,"{'@tb:identifier.taxon': 41301, '@tb:identifier.taxonVariant': 96271, '@ubio': '9196872', '@uniprot': '433925'}",Nierembergia micrantha,999074,-,Nierembergia micrantha
Nolana adansonii,Nolana adansonii,ot_1003_Tr100305.nex,"{'@tb:identifier.taxon': 95020, '@tb:identifier.taxonVariant': 174191, '@ubio': '5957947', '@uniprot': '84170'}",Nolana adansonii,696738,-,Nolana adansonii
Nolana humifusa,Nolana humifusa,ot_1003_Tr100305.nex,"{'@tb:identifier.taxon': 95038, '@tb:identifier.taxonVariant': 174209, '@ubio': '3439821', '@uniprot': '84188'}",Nolana humifusa,405122,-,Nolana humifusa
Solanum bumeliifolium,Solanum bumeliifolium,ot_1003_Tr100305.nex,"{'@tb:identifier.taxon': 619554, '@tb:identifier.taxonVariant': 829633, '@ubio': '9166456'}",Solanum bumeliifolium,722611,-,Solanum bumeliifolium
Solanum comptum,Solanum comptum,ot_1003_Tr100305.nex,"{'@tb:identifier.taxon': 27158, '@tb:identifier.taxonVariant': 63413, '@ubio': '3440545', '@uniprot': '329769'}",Solanum comptum,535401,-,Solanum comptum
Solanum curvicuspe,Solanum curvicuspe,ot_1003_Tr100305.nex,"{'@tb:identifier.taxon': 349410, '@tb:identifier.taxonVariant': 382901, '@ubio': '9208706', '@uniprot': '400995'}",Solanum curvicuspe,360996,-,Solanum curvicuspe
Solanum jucundum,Solanum jucundum,ot_1003_Tr100305.nex,"{'@tb:identifier.taxon': 619573, '@tb:identifier.taxonVariant': 829652, '@ubio': '8400282'}",Solanum jucundum,991008,-,Solanum jucundum
Hyoscyamus turcomanicus,Hyoscyamus turcomanicus,ot_1003_Tr100305.nex,"{'@tb:identifier.taxon': 619542, '@tb:identifier.taxonVariant': 829621, '@ubio': '9177075'}",Hyoscyamus turcomanicus,855653,-,Hyoscyamus turcomanicus
Cestrum megalophyllum,Cestrum megalophyllum,ot_1003_Tr100305.nex,"{'@tb:identifier.taxon': 408223, '@tb:identifier.taxonVariant': 409989, '@ubio': '3440006', '@uniprot': '481615'}",Cestrum megalophyllum,171401,-,Cestrum megalophyllum
Solanum morelliforme,Solanum morelliforme,ot_1003_Tr100305.nex,"{'@tb:identifier.taxon': 278968, '@tb:identifier.taxonVariant': 561172, '@ubio': '5862779', '@uniprot': '317827'}",Solanum morelliforme,447384,-,Solanum morelliforme
Petunia littoralis,Petunia littoralis,ot_1003_Tr100305.nex,"{'@tb:identifier.taxon': 283625, '@tb:identifier.taxonVariant': 336738, '@ubio': '5912922', '@uniprot': '323113'}",Petunia littoralis,446930,-,Petunia littoralis
Iochroma cardenasianum,Iochroma cardenasianum,ot_1003_Tr100305.nex,"{'@tb:identifier.taxon': 35209, '@tb:identifier.taxonVariant': 81593, '@ubio': '9218365', '@uniprot': '362354'}",Iochroma cardenasianum,974501,-,Iochroma cardenasianum
Lycium hirsutum,Lycium hirsutum,ot_1003_Tr100305.nex,"{'@tb:identifier.taxon': 301698, '@tb:identifier.taxonVariant': 350387, '@ubio': '9164916', '@uniprot': '343883'}",Lycium hirsutum,596958,-,Lycium hirsutum
Anthotroche pannosa,Anthotroche pannosa,ot_1003_Tr100305.nex,"{'@tb:identifier.taxon': 1874, '@tb:identifier.taxonVariant': 4573, '@ubio': '5969245', '@uniprot': '195726'}",Anthotroche pannosa,286565,-,Anthotroche pannosa
Lycium decumbens,Lycium decumbens,ot_1003_Tr100305.nex,"{'@tb:identifier.taxon': 362373, '@tb:identifier.taxonVariant': 390400, '@ubio': '9164810', '@uniprot': '416527'}",Lycium decumbens,660386,-,Lycium decumbens
Solanum microphyllum,Solanum microphyllum,ot_1003_Tr100305.nex,"{'@tb:identifier.taxon': 27218, '@tb:identifier.taxonVariant': 63542, '@ubio': '5983845', '@uniprot': '329786'}",Solanum microphyllum,691779,-,Solanum microphyllum
Solanum refractum,Solanum refractum,ot_1003_Tr100305.nex,"{'@tb:identifier.taxon': 27258, '@tb:identifier.taxonVariant': 63615, '@ubio': '5983850', '@uniprot': '329797'}",Solanum refractum,168865,-,Solanum refractum
Nicotiana undulata,Nicotiana undulata,ot_1003_Tr100305.nex,"{'@tb:identifier.taxon': 121198, '@tb:identifier.taxonVariant': 199006, '@ubio': '5845944', '@uniprot': '118713'}",Nicotiana undulata,210478,-,Nicotiana undulata
Solanum ugentii,Solanum ugentii,ot_1003_Tr100305.nex,"{'@tb:identifier.taxon': 278977, '@tb:identifier.taxonVariant': 332743, '@ubio': '5871411', '@uniprot': '317836'}",Solanum ugentii,1023762,-,Solanum ugentii
Solanum jamesii,Solanum jamesii,ot_1003_Tr100305.nex,"{'@tb:identifier.taxon': 162434, '@tb:identifier.taxonVariant': 237434, '@ubio': '2653535', '@uniprot': '172793'}",Solanum jamesii,598931,-,Solanum jamesii
Solanum incarceratum,Solanum incarceratum,ot_1003_Tr100305.nex,"{'@tb:identifier.taxon': 27195, '@tb:identifier.taxonVariant': 63487, '@ubio': '3440720', '@uniprot': '267267'}",Solanum incarceratum,863012,-,Solanum incarceratum
Solanum chamaepolybotryon,Solanum chamaepolybotryon,ot_1003_Tr100305.nex,"{'@tb:identifier.taxon': 564514, '@tb:identifier.taxonVariant': 785367, '@ubio': '9125500', '@uniprot': '0'}",Solanum chamaepolybotryon,271287,-,Solanum chamaepolybotryon
Nicotiana acaulis,Nicotiana acaulis,ot_1003_Tr100305.nex,"{'@tb:identifier.taxon': 121178, '@tb:identifier.taxonVariant': 198987, '@ubio': '5845847', '@uniprot': '118692'}",Nicotiana acaulis,698769,-,Nicotiana acaulis
Solanum hystrix,Solanum hystrix,ot_1003_Tr100305.nex,"{'@tb:identifier.taxon': 34289, '@tb:identifier.taxonVariant': 79158, '@ubio': '9192585', '@uniprot': '368034'}",Solanum hystrix,518417,-,Solanum hystrix
Capsicum rhomboideum,Capsicum rhomboideum,ot_1003_Tr100305.nex,"{'@tb:identifier.taxon': 397350, '@tb:identifier.taxonVariant': 406670, '@ubio': '5905361', '@uniprot': '462292'}",Capsicum rhomboideum,445178,-,Capsicum rhomboideum
Nicotiana spegazzinii,Nicotiana spegazzinii,ot_1003_Tr100305.nex,"{'@tb:identifier.taxon': 184571, '@tb:identifier.taxonVariant': 257201, '@ubio': '5845928', '@uniprot': '200300'}",Nicotiana spegazzinii,755401,-,Nicotiana spegazzinii
Solanum avilesii,Solanum avilesii,ot_1003_Tr100305.nex,"{'@tb:identifier.taxon': 276750, '@tb:identifier.taxonVariant': 330624, '@ubio': '5864245', '@uniprot': '315334'}",Solanum avilesii,46940,-,Solanum avilesii
Physalis lassa,Physalis lassa,ot_1003_Tr100305.nex,"{'@tb:identifier.taxon': 22174, '@tb:identifier.taxonVariant': 51563, '@ubio': '5981238', '@uniprot': '304151'}",Physalis lassa,940391,-,Physalis lassa
Nierembergia andina,Nierembergia andina,ot_1003_Tr100305.nex,"{'@tb:identifier.taxon': 408227, '@tb:identifier.taxonVariant': 543680, '@ubio': '9197965', '@uniprot': '481619'}",Nierembergia andina,171409,-,Nierembergia andina
Nicotiana megalosiphon,Nicotiana megalosiphon,ot_1003_Tr100305.nex,"{'@tb:identifier.taxon': 121188, '@tb:identifier.taxonVariant': 198997, '@ubio': '5862066', '@uniprot': '118703'}",Nicotiana megalosiphon,733962,-,Nicotiana megalosiphon
Schizanthus parvulus,Schizanthus parvulus,ot_1003_Tr100305.nex,"{'@tb:identifier.taxon': 315570, '@tb:identifier.taxonVariant': 360795, '@ubio': '5985526', '@uniprot': '360634'}",Schizanthus parvulus,713307,-,Schizanthus parvulus
Lycium macrodon,Lycium macrodon,ot_1003_Tr100305.nex,"{'@tb:identifier.taxon': 127952, '@tb:identifier.taxonVariant': 205500, '@ubio': '2653621', '@uniprot': '127636'}",Lycium macrodon,109771,-,Lycium macrodon
Chamaesaracha coronopus,Chamaesaracha coronopus,ot_1003_Tr100305.nex,"{'@tb:identifier.taxon': 5691, '@tb:identifier.taxonVariant': 13789, '@ubio': '2653592', '@uniprot': '304120'}",Chamaesaracha coronopus,264839,-,Chamaesaracha coronopus
Solanum berthaultii,Solanum berthaultii,ot_1003_Tr100305.nex,"{'@tb:identifier.taxon': 69778, '@tb:identifier.taxonVariant': 417715, '@ubio': '5862318', '@uniprot': '47970'}",Solanum berthaultii,982762,-,Solanum berthaultii
Solanum mitlense,Solanum mitlense,ot_1003_Tr100305.nex,"{'@tb:identifier.taxon': 27219, '@tb:identifier.taxonVariant': 63543, '@ubio': '5983846', '@uniprot': '329787'}",Solanum mitlense,691777,-,Solanum mitlense
Nicandra physalodes,Nicandra physalodes,ot_1003_Tr100305.nex,"{'@tb:identifier.taxon': 19083, '@tb:identifier.taxonVariant': 44414, '@ubio': '2653637', '@uniprot': '33118'}",Nicandra physalodes,232472,-,Nicandra physalodes
Brugmansia sanguinea,Brugmansia sanguinea,ot_1003_Tr100305.nex,"{'@tb:identifier.taxon': 429007, '@tb:identifier.taxonVariant': 565196, '@ubio': '2669850', '@uniprot': '540794'}",Brugmansia sanguinea,445285,-,Brugmansia sanguinea
Solanum tetramerum,Solanum tetramerum,ot_1003_Tr100305.nex,"{'@tb:identifier.taxon': 604557, '@tb:identifier.taxonVariant': 806749, '@ubio': '9136062'}",Solanum tetramerum,715562,-,Solanum tetramerum
Solanum aturense,Solanum aturense,ot_1003_Tr100305.nex,"{'@tb:identifier.taxon': 27135, '@tb:identifier.taxonVariant': 63362, '@ubio': '3440439', '@uniprot': '329763'}",Solanum aturense,535391,-,Solanum aturense
Lycianthes lenta,Lycianthes lenta,ot_1003_Tr100305.nex,"{'@tb:identifier.taxon': 168561, '@tb:identifier.taxonVariant': 243048, '@ubio': '3440188', '@uniprot': '180576'}",Lycianthes lenta,480685,-,Lycianthes lenta
Solanum latens,Solanum latens,ot_1003_Tr100305.nex,"{'@tb:identifier.taxon': 619576, '@tb:identifier.taxonVariant': 829655, '@ubio': '8399975'}",Solanum latens,464545,-,Solanum latens
Nicotiana arentsii,Nicotiana arentsii,ot_1003_Tr100305.nex,"{'@tb:identifier.taxon': 184589, '@tb:identifier.taxonVariant': 257218, '@ubio': '3440277', '@uniprot': '200319'}",Nicotiana arentsii,232343,-,Nicotiana arentsii
Benthamiella skottsbergii,Benthamiella skottsbergii,ot_1003_Tr100305.nex,"{'@tb:identifier.taxon': 429005, '@tb:identifier.taxonVariant': 565194, '@ubio': '9233683', '@uniprot': '540792'}",Benthamiella skottsbergii,445281,-,Benthamiella skottsbergii
Nierembergia rivularis,Nierembergia rivularis,ot_1003_Tr100305.nex,"{'@tb:identifier.taxon': 41295, '@tb:identifier.taxonVariant': 96258, '@ubio': '9120547', '@uniprot': '274386'}",Nierembergia rivularis,898778,-,Nierembergia rivularis
Nolana pilosa,Nolana pilosa,ot_1003_Tr100305.nex,"{'@tb:identifier.taxon': 395102, '@tb:identifier.taxonVariant': 405836, '@ubio': '9381879', '@uniprot': '459198'}",Nolana pilosa,705992,-,Nolana pilosa
Solanum innoxium,Solanum innoxium,ot_1003_Tr100305.nex,"{'@tb:identifier.taxon': 619571, '@tb:identifier.taxonVariant': 829650, '@ubio': '8399827'}",Solanum innoxium,990998,-,Solanum innoxium
Deprea dilloniana,Larnax dilloniana,ot_1003_Tr100305.nex,"{'@tb:identifier.taxon': 118757, '@tb:identifier.taxonVariant': 197107, '@ubio': '5960788', '@uniprot': '115731'}",Deprea dilloniana,903502,-,Larnax dilloniana
Capsicum ciliatum,Capsicum ciliatum,ot_1003_Tr100305.nex,"{'@tb:identifier.taxon': 4849, '@tb:identifier.taxonVariant': 11686, '@ubio': '5866452', '@uniprot': '165699'}",Capsicum ciliatum,408630,-,Capsicum ciliatum
Jaltomata contumacensis,Jaltomata contumacensis,ot_1003_Tr100305.nex,-,Jaltomata contumacensis,1058964,-,Jaltomata contumacensis
Solanum asymmetriphyllum,Solanum asymmetriphyllum,ot_1003_Tr100305.nex,"{'@tb:identifier.taxon': 27133, '@tb:identifier.taxonVariant': 63358, '@ubio': '5983836', '@uniprot': '329762'}",Solanum asymmetriphyllum,535393,-,Solanum asymmetriphyllum
Merinthopodium neuranthum,Merinthopodium neuranthum,ot_1003_Tr100305.nex,"{'@tb:identifier.taxon': 408222, '@tb:identifier.taxonVariant': 409988, '@ubio': '9163484', '@uniprot': '481614'}",Merinthopodium neuranthum,171399,-,Merinthopodium neuranthum
Solanum wendlandii,Solanum wendlandii,ot_1003_Tr100305.nex,"{'@tb:identifier.taxon': 27303, '@tb:identifier.taxonVariant': 63704, '@ubio': '2669403', '@uniprot': '45842'}",Solanum wendlandii,590312,-,Solanum wendlandii
Solanum donianum,Solanum donianum,ot_1003_Tr100305.nex,"{'@tb:identifier.taxon': 604562, '@tb:identifier.taxonVariant': 806754, '@ubio': '2653525'}",Solanum donianum,294747,-,Solanum donianum
Solanum ditrichum,Solanum ditrichum,ot_1003_Tr100305.nex,"{'@tb:identifier.taxon': 619561, '@tb:identifier.taxonVariant': 829640, '@ubio': '8400032'}",Solanum ditrichum,414064,-,Solanum ditrichum
Hyoscyamus desertorum,Hyoscyamus desertorum,ot_1003_Tr100305.nex,"{'@tb:identifier.taxon': 429015, '@tb:identifier.taxonVariant': 565211, '@ubio': '9194128', '@uniprot': '540804'}",Hyoscyamus desertorum,434587,-,Hyoscyamus desertorum
Solanum nitidum,Solanum nitidum,ot_1003_Tr100305.nex,"{'@tb:identifier.taxon': 632135, '@tb:identifier.taxonVariant': 847147, '@ubio': '9132226', '@uniprot': '115668'}",Solanum nitidum,207732,-,Solanum nitidum
Physalis pubescens,Physalis pubescens,ot_1003_Tr100305.nex,"{'@tb:identifier.taxon': 22187, '@tb:identifier.taxonVariant': 51595, '@ubio': '2653671', '@uniprot': '300354'}",Physalis pubescens,751072,-,Physalis pubescens
Solanum brevifolium,Solanum brevifolium,ot_1003_Tr100305.nex,"{'@tb:identifier.taxon': 564513, '@tb:identifier.taxonVariant': 785366, '@ubio': '5862375', '@uniprot': '0'}",Solanum brevifolium,515087,-,Solanum brevifolium
Nicotiana obtusifolia,Nicotiana obtusifolia,ot_1003_Tr100305.nex,"{'@tb:identifier.taxon': 184586, '@tb:identifier.taxonVariant': 257215, '@ubio': '851018', '@uniprot': '200316'}",Nicotiana obtusifolia,232350,-,Nicotiana obtusifolia
Vestia lycioides,Vestia lycioides,ot_1003_Tr100305.nex,"{'@tb:identifier.taxon': 30648, '@tb:identifier.taxonVariant': 71496, '@ubio': '5972861', '@uniprot': '225659'}",Vestia lycioides,43636,-,Vestia lycioides
Cestrum luteovirescens,Cestrum luteovirescens,ot_1003_Tr100305.nex,"{'@tb:identifier.taxon': 336178, '@tb:identifier.taxonVariant': 374404, '@ubio': '10311501', '@uniprot': '385332'}",Cestrum luteovirescens,317969,-,Cestrum luteovirescens
Brunfelsia americana,Brunfelsia americana,ot_1003_Tr100305.nex,"{'@tb:identifier.taxon': 4113, '@tb:identifier.taxonVariant': 9954, '@ubio': '2653695', '@uniprot': '225614'}",Brunfelsia americana,748589,-,Brunfelsia americana
Solanum delitescens,Solanum delitescens,ot_1003_Tr100305.nex,"{'@tb:identifier.taxon': 27169, '@tb:identifier.taxonVariant': 63435, '@ubio': '3440484', '@uniprot': '205546'}",Solanum delitescens,836458,-,Solanum delitescens
Solanum maternum,Solanum maternum,ot_1003_Tr100305.nex,"{'@tb:identifier.taxon': 40232, '@tb:identifier.taxonVariant': 93387, '@ubio': '5899063', '@uniprot': '265404'}",Solanum maternum,722343,-,Solanum maternum
Lycium athium,Lycium athium,ot_1003_Tr100305.nex,"{'@tb:identifier.taxon': 362371, '@tb:identifier.taxonVariant': 390396, '@ubio': '10330805', '@uniprot': '416525'}",Lycium athium,660390,-,Lycium athium
Petunia scheideana,Petunia scheideana,ot_1003_Tr100305.nex,"{'@tb:identifier.taxon': 283626, '@tb:identifier.taxonVariant': 336739, '@ubio': '3440291', '@uniprot': '323114'}",Petunia scheideana,446937,-,Petunia scheideana
Cestrum dasyanthum,Cestrum dasyanthum,ot_1003_Tr100305.nex,"{'@tb:identifier.taxon': 36744, '@tb:identifier.taxonVariant': 85038, '@ubio': '9138995', '@uniprot': '385322'}",Cestrum dasyanthum,392649,-,Cestrum dasyanthum
Solanum arundo,Solanum arundo,ot_1003_Tr100305.nex,"{'@tb:identifier.taxon': 27132, '@tb:identifier.taxonVariant': 63357, '@ubio': '5983835', '@uniprot': '329761'}",Solanum arundo,535395,-,Solanum arundo
Solanum ehrenbergii,Solanum ehrenbergii,ot_1003_Tr100305.nex,"{'@tb:identifier.taxon': 183883, '@tb:identifier.taxonVariant': 256631, '@ubio': '3440420', '@uniprot': '199469'}",Solanum ehrenbergii,435432,-,Solanum ehrenbergii
Lycianthes saltensis,Lycianthes saltensis,ot_1003_Tr100305.nex,"{'@tb:identifier.taxon': 342863, '@tb:identifier.taxonVariant': 378930, '@ubio': '9118489', '@uniprot': '393164'}",Lycianthes saltensis,864330,-,Lycianthes saltensis
Solanum rostratum,Solanum rostratum,ot_1003_Tr100305.nex,"{'@tb:identifier.taxon': 27264, '@tb:identifier.taxonVariant': 63627, '@ubio': '2653548', '@uniprot': '45839'}",Solanum rostratum,121200,-,Solanum rostratum
Markea ulei,Markea ulei,ot_1003_Tr100305.nex,"{'@tb:identifier.taxon': 429023, '@tb:identifier.taxonVariant': 565234, '@ubio': '3440241', '@uniprot': '540814'}",Markea ulei,1011302,-,Markea ulei
Cestrum diurnum,Cestrum diurnum,ot_1003_Tr100305.nex,"{'@tb:identifier.taxon': 562401, '@tb:identifier.taxonVariant': 744799, '@ubio': '2653582', '@uniprot': '693370'}",Cestrum diurnum,239736,-,Cestrum diurnum
Solanum cookii,Solanum cookii,ot_1003_Tr100305.nex,"{'@tb:identifier.taxon': 349408, '@tb:identifier.taxonVariant': 382898, '@ubio': '9108368', '@uniprot': '400993'}",Solanum cookii,361007,-,Solanum cookii
Solanum pampasense,Solanum pampasense,ot_1003_Tr100305.nex,"{'@tb:identifier.taxon': 278973, '@tb:identifier.taxonVariant': 332735, '@ubio': '5862798', '@uniprot': '317832'}",Solanum pampasense,1023754,-,Solanum pampasense
Solanum lythrocarpum,Solanum lythrocarpum,ot_1003_Tr100305.nex,"{'@tb:identifier.taxon': 619579, '@tb:identifier.taxonVariant': 829658, '@ubio': '8399997'}",Solanum lythrocarpum,464534,-,Solanum lythrocarpum
Solanum dioicum,Solanum dioicum,ot_1003_Tr100305.nex,"{'@tb:identifier.taxon': 34292, '@tb:identifier.taxonVariant': 79163, '@ubio': '9108504', '@uniprot': '368031'}",Solanum dioicum,518430,-,Solanum dioicum
Anthocercis sylvicola,Anthocercis sylvicola,ot_1003_Tr100305.nex,"{'@tb:identifier.taxon': 1857, '@tb:identifier.taxonVariant': 4538, '@ubio': '5969242', '@uniprot': '195722'}",Anthocercis sylvicola,286574,-,Anthocercis sylvicola
Lycium grandicalyx,Lycium grandicalyx,ot_1003_Tr100305.nex,"{'@tb:identifier.taxon': 362378, '@tb:identifier.taxonVariant': 390408, '@ubio': '10330809', '@uniprot': '416532'}",Lycium grandicalyx,86086,-,Lycium grandicalyx
Jaltomata viridiflora,Jaltomata viridiflora,ot_1003_Tr100305.nex,"{'@tb:identifier.taxon': 14830, '@tb:identifier.taxonVariant': 34859, '@ubio': '9183695'}",Jaltomata viridiflora,68630,-,Jaltomata viridiflora
Jaltomata ventricosa,Jaltomata ventricosa,ot_1003_Tr100305.nex,"{'@tb:identifier.taxon': 14829, '@tb:identifier.taxonVariant': 34855, '@ubio': '9183720'}",Jaltomata ventricosa,68620,-,Jaltomata ventricosa
Lycium amoenum,Lycium amoenum,ot_1003_Tr100305.nex,"{'@tb:identifier.taxon': 362370, '@tb:identifier.taxonVariant': 390394, '@ubio': '10330803', '@uniprot': '416524'}",Lycium amoenum,660388,-,Lycium amoenum
Lycianthes tricolor,Lycianthes tricolor,ot_1003_Tr100305.nex,"{'@tb:identifier.taxon': 342867, '@tb:identifier.taxonVariant': 503524, '@ubio': '9170129', '@uniprot': '393168'}",Lycianthes tricolor,864323,-,Lycianthes tricolor
Ipomoea,Ipomoea,ot_1003_Tr100305.nex,"{'@tb:identifier.taxon': 14651, '@tb:identifier.taxonVariant': 34416, '@ubio': '2653799', '@uniprot': '4119'}",Ipomoea,494853,-,Ipomoea
Cestrum roseum,Cestrum roseum,ot_1003_Tr100305.nex,"{'@tb:identifier.taxon': 36727, '@tb:identifier.taxonVariant': 85001, '@ubio': '9138413', '@uniprot': '385340'}",Cestrum roseum,242624,-,Cestrum roseum
Nolana confinis,Nolana confinis,ot_1003_Tr100305.nex,"{'@tb:identifier.taxon': 95028, '@tb:identifier.taxonVariant': 174199, '@ubio': '5957953', '@uniprot': '84178'}",Nolana confinis,849817,-,Nolana confinis
Solanum cataphractum,Solanum cataphractum,ot_1003_Tr100305.nex,"{'@tb:identifier.taxon': 34295, '@tb:identifier.taxonVariant': 79169, '@ubio': '9210276', '@uniprot': '368028'}",Solanum cataphractum,1044890,-,Solanum cataphractum
Solanum mortonii,Solanum mortonii,ot_1003_Tr100305.nex,"{'@tb:identifier.taxon': 604567, '@tb:identifier.taxonVariant': 806759, '@ubio': '9218516'}",Solanum mortonii,464554,-,Solanum mortonii
Lycium americanum,Lycium americanum,ot_1003_Tr100305.nex,"{'@tb:identifier.taxon': 116722, '@tb:identifier.taxonVariant': 195074, '@ubio': '2783541', '@uniprot': '112861'}",Lycium americanum,40034,-,Lycium americanum
Solanum symonii,Solanum symonii,ot_1003_Tr100305.nex,"{'@tb:identifier.taxon': 349422, '@tb:identifier.taxonVariant': 382913, '@ubio': '9109829', '@uniprot': '401008'}",Solanum symonii,765652,-,Solanum symonii
Nicotiana tomentosiformis,Nicotiana tomentosiformis,ot_1003_Tr100305.nex,"{'@tb:identifier.taxon': 50908, '@tb:identifier.taxonVariant': 120504, '@ubio': '3440282', '@uniprot': '4098'}",Nicotiana tomentosiformis,229330,-,Nicotiana tomentosiformis
Jaltomata bernardelloana,Jaltomata bernardelloana,ot_1003_Tr100305.nex,"{'@tb:identifier.taxon': 570323, '@tb:identifier.taxonVariant': 790619, '@ubio': '3440129'}",Jaltomata bernardelloana,482492,-,Jaltomata bernardelloana
Solanum nigrum,Solanum nigrum,ot_1003_Tr100305.nex,"{'@tb:identifier.taxon': 50913, '@tb:identifier.taxonVariant': 120511, '@ubio': '2676628', '@uniprot': '4112'}",Solanum nigrum,494831,-,Solanum nigrum
Lycium schizocalyx,Lycium schizocalyx,ot_1003_Tr100305.nex,"{'@tb:identifier.taxon': 116741, '@tb:identifier.taxonVariant': 195093, '@ubio': '5960512', '@uniprot': '112881'}",Lycium schizocalyx,913565,-,Lycium schizocalyx
Solanum agrarium,Solanum agrarium,ot_1003_Tr100305.nex,"{'@tb:identifier.taxon': 27123, '@tb:identifier.taxonVariant': 63339, '@ubio': '3440605', '@uniprot': '282181'}",Solanum agrarium,80983,-,Solanum agrarium
Solanum oldfieldii,Solanum oldfieldii,ot_1003_Tr100305.nex,"{'@tb:identifier.taxon': 619584, '@tb:identifier.taxonVariant': 829663, '@ubio': '9109274'}",Solanum oldfieldii,800989,-,Solanum oldfieldii
Nicotiana palmeri,Nicotiana palmeri,ot_1003_Tr100305.nex,"{'@tb:identifier.taxon': 70736, '@tb:identifier.taxonVariant': 146879, '@ubio': '2771318', '@uniprot': '49453'}",Nicotiana palmeri,882072,-,Nicotiana palmeri
Anthotroche walcottii,Anthotroche walcottii,ot_1003_Tr100305.nex,"{'@tb:identifier.taxon': 1875, '@tb:identifier.taxonVariant': 4574, '@ubio': '5969246', '@uniprot': '195727'}",Anthotroche walcottii,286568,-,Anthotroche walcottii
Solanum ferocissimum,Solanum ferocissimum,ot_1003_Tr100305.nex,"{'@tb:identifier.taxon': 27179, '@tb:identifier.taxonVariant': 63458, '@ubio': '5970594', '@uniprot': '205551'}",Solanum ferocissimum,261788,-,Solanum ferocissimum
Lycium elongatum,Lycium elongatum,ot_1003_Tr100305.nex,"{'@tb:identifier.taxon': 116733, '@tb:identifier.taxonVariant': 195086, '@ubio': '5960509', '@uniprot': '112872'}",Lycium elongatum,560949,-,Lycium elongatum
Cyphanthera odgersii,Cyphanthera odgersii,ot_1003_Tr100305.nex,"{'@tb:identifier.taxon': 8151, '@tb:identifier.taxonVariant': 19615, '@ubio': '5969251', '@uniprot': '195734'}",Cyphanthera odgersii,810419,-,Cyphanthera odgersii
Solanum repandum,Solanum repandum,ot_1003_Tr100305.nex,"{'@tb:identifier.taxon': 27259, '@tb:identifier.taxonVariant': 63616, '@ubio': '5973116', '@uniprot': '227727'}",Solanum repandum,835543,-,Solanum repandum
Nicotiana trigonophylla,Nicotiana trigonophylla,ot_1003_Tr100305.nex,"{'@tb:identifier.taxon': 121196, '@tb:identifier.taxonVariant': 199004, '@ubio': '2771319', '@uniprot': '118711'}",Nicotiana trigonophylla,210474,-,Nicotiana trigonophylla
Physalis microphysa,Physalis microphysa,ot_1003_Tr100305.nex,"{'@tb:identifier.taxon': 22178, '@tb:identifier.taxonVariant': 51570, '@ubio': '3440327', '@uniprot': '304118'}",Physalis microphysa,631588,-,Physalis microphysa
Nierembergia tucumanensis,Nierembergia tucumanensis,ot_1003_Tr100305.nex,"{'@tb:identifier.taxon': 41292, '@tb:identifier.taxonVariant': 96250, '@ubio': '9224212', '@uniprot': '274388'}",Nierembergia tucumanensis,898762,-,Nierembergia tucumanensis
Nicotiana kawakamii,Nicotiana kawakamii,ot_1003_Tr100305.nex,"{'@tb:identifier.taxon': 76037, '@tb:identifier.taxonVariant': 153271, '@ubio': '5883738', '@uniprot': '57321'}",Nicotiana kawakamii,967554,-,Nicotiana kawakamii
Solanum quadrangulare,Solanum quadrangulare,ot_1003_Tr100305.nex,"{'@tb:identifier.taxon': 27255, '@tb:identifier.taxonVariant': 63610, '@ubio': '5970601', '@uniprot': '205575'}",Solanum quadrangulare,158098,-,Solanum quadrangulare
Lycium bosciifolium,Lycium bosciifolium,ot_1003_Tr100305.nex,"{'@tb:identifier.taxon': 301695, '@tb:identifier.taxonVariant': 350381, '@ubio': '9164427', '@uniprot': '343880'}",Lycium bosciifolium,596960,-,Lycium bosciifolium
Capsicum minutiflorum,Capsicum minutiflorum,ot_1003_Tr100305.nex,"{'@tb:identifier.taxon': 342842, '@tb:identifier.taxonVariant': 378910, '@ubio': '3439927', '@uniprot': '393143'}",Capsicum minutiflorum,914543,-,Capsicum minutiflorum
Solanum tuberosum,Solanum tuberosum,ot_1003_Tr100305.nex,"{'@tb:identifier.taxon': 27291, '@tb:identifier.taxonVariant': 63679, '@ubio': '2669400', '@uniprot': '4113'}",Solanum tuberosum,494835,-,Solanum tuberosum
Nolana cerrateana,Nolana cerrateana,ot_1003_Tr100305.nex,"{'@tb:identifier.taxon': 95026, '@tb:identifier.taxonVariant': 174197, '@ubio': '5957951', '@uniprot': '84176'}",Nolana cerrateana,849842,-,Nolana cerrateana
Physalis longifolia,Physalis longifolia,ot_1003_Tr100305.nex,"{'@tb:identifier.taxon': 22175, '@tb:identifier.taxonVariant': 51565, '@ubio': '2653668', '@uniprot': '161495'}",Physalis longifolia,179319,-,Physalis longifolia
Solanum subpanduratum,Solanum subpanduratum,ot_1003_Tr100305.nex,"{'@tb:identifier.taxon': 278975, '@tb:identifier.taxonVariant': 332739, '@ubio': '5864241', '@uniprot': '317834'}",Solanum subpanduratum,1023765,-,Solanum subpanduratum
Nolana clivicola,Nolana clivicola,ot_1003_Tr100305.nex,"{'@tb:identifier.taxon': 95027, '@tb:identifier.taxonVariant': 174198, '@ubio': '5957952', '@uniprot': '84177'}",Nolana clivicola,849840,-,Nolana clivicola
Solanum acutilobum,Solanum acutilobum,ot_1003_Tr100305.nex,"{'@tb:identifier.taxon': 604573, '@tb:identifier.taxonVariant': 806765, '@ubio': '9123410'}",Solanum acutilobum,888739,-,Solanum acutilobum
Solanum luteoalbum,Solanum luteoalbum,ot_1003_Tr100305.nex,"{'@tb:identifier.taxon': 27209, '@tb:identifier.taxonVariant': 63521, '@ubio': '3440599', '@uniprot': '52878'}",Solanum luteoalbum,326631,-,Solanum luteoalbum
Schultesianthus megalandrus,Schultesianthus megalandrus,ot_1003_Tr100305.nex,"{'@tb:identifier.taxon': 429039, '@tb:identifier.taxonVariant': 780671, '@ubio': '9169498', '@uniprot': '540832'}",Schultesianthus megalandrus,960293,-,Schultesianthus megalandrus
Nicotiana cordifolia,Nicotiana cordifolia,ot_1003_Tr100305.nex,"{'@tb:identifier.taxon': 138290, '@tb:identifier.taxonVariant': 214780, '@ubio': '5862038', '@uniprot': '140890'}",Nicotiana cordifolia,726473,-,Nicotiana cordifolia
Solanum chmielewskii,Solanum chmielewskii,ot_1003_Tr100305.nex,"{'@tb:identifier.taxon': 79799, '@tb:identifier.taxonVariant': 157629, '@ubio': '5884224', '@uniprot': '62889'}",Solanum chmielewskii,360692,-,Solanum chmielewskii
Solanum torvum,Solanum torvum,ot_1003_Tr100305.nex,"{'@tb:identifier.taxon': 632128, '@tb:identifier.taxonVariant': 847140, '@ubio': '457638', '@uniprot': '119830'}",Solanum torvum,1022523,-,Solanum torvum
Solanum spegazzinii,Solanum spegazzinii,ot_1003_Tr100305.nex,"{'@tb:identifier.taxon': 66171, '@tb:identifier.taxonVariant': 141256, '@ubio': '5862682', '@uniprot': '42755'}",Solanum spegazzinii,963043,-,Solanum spegazzinii
Physalis pumila,Physalis pumila,ot_1003_Tr100305.nex,"{'@tb:identifier.taxon': 22188, '@tb:identifier.taxonVariant': 51598, '@ubio': '2653672', '@uniprot': '304157'}",Physalis pumila,940385,-,Physalis pumila
Solanum reflexiflorum,Solanum reflexiflorum,ot_1003_Tr100305.nex,"{'@tb:identifier.taxon': 604568, '@tb:identifier.taxonVariant': 806760, '@ubio': '9134268'}",Solanum reflexiflorum,192046,-,Solanum reflexiflorum
Dyssochroma viridiflora,Dyssochroma viridiflora,ot_1003_Tr100305.nex,"{'@tb:identifier.taxon': 429013, '@tb:identifier.taxonVariant': 565206, '@ubio': '3410227', '@uniprot': '540802'}",Dyssochroma viridiflora,434599,-,Dyssochroma viridiflora
Capsicum chacoense,Capsicum chacoense,ot_1003_Tr100305.nex,"{'@tb:identifier.taxon': 4848, '@tb:identifier.taxonVariant': 11682, '@ubio': '5828472', '@uniprot': '107817'}",Capsicum chacoense,754480,-,Capsicum chacoense
Nierembergia aristata,Nierembergia aristata,ot_1003_Tr100305.nex,"{'@tb:identifier.taxon': 41308, '@tb:identifier.taxonVariant': 96284, '@ubio': '9196458', '@uniprot': '274371'}",Nierembergia aristata,474433,-,Nierembergia aristata
Lycium vimineum,Lycium vimineum,ot_1003_Tr100305.nex,"{'@tb:identifier.taxon': 301708, '@tb:identifier.taxonVariant': 350403, '@ubio': '5984651', '@uniprot': '343894'}",Lycium vimineum,24219,-,Lycium vimineum
Solanum acanthodapis,Solanum acanthodapis,ot_1003_Tr100305.nex,"{'@tb:identifier.taxon': 619549, '@tb:identifier.taxonVariant': 829628, '@ubio': '8400206'}",Solanum acanthodapis,888741,-,Solanum acanthodapis
Schwenckia lateriflora,Schwenckia lateriflora,ot_1003_Tr100305.nex,"{'@tb:identifier.taxon': 84469, '@tb:identifier.taxonVariant': 163088, '@ubio': '5956480', '@uniprot': '70015'}",Schwenckia lateriflora,432322,-,Schwenckia lateriflora
Solanum chilense,Solanum chilense,ot_1003_Tr100305.nex,"{'@tb:identifier.taxon': 632153, '@tb:identifier.taxonVariant': 847165, '@ubio': '9125549', '@uniprot': '4083'}",Solanum chilense,378983,-,Solanum chilense
Duboisia myoporoides,Duboisia myoporoides,ot_1003_Tr100305.nex,"{'@tb:identifier.taxon': 9639, '@tb:identifier.taxonVariant': 23046, '@ubio': '2669858', '@uniprot': '195737'}",Duboisia myoporoides,810421,-,Duboisia myoporoides
Exodeconus miersii,Exodeconus miersii,ot_1003_Tr100305.nex,"{'@tb:identifier.taxon': 11024, '@tb:identifier.taxonVariant': 26333, '@ubio': '5981845', '@uniprot': '310460'}",Exodeconus miersii,74546,-,Exodeconus miersii
Solanum herculeum,Solanum herculeum,ot_1003_Tr100305.nex,"{'@tb:identifier.taxon': 27188, '@tb:identifier.taxonVariant': 63470, '@ubio': '5960783', '@uniprot': '115659'}",Solanum herculeum,664449,-,Solanum herculeum
Lycianthes rzedowskii,Lycianthes rzedowskii,ot_1003_Tr100305.nex,"{'@tb:identifier.taxon': 342862, '@tb:identifier.taxonVariant': 378929, '@ubio': '9248374', '@uniprot': '393163'}",Lycianthes rzedowskii,864346,-,Lycianthes rzedowskii
Solanum lycopersicum,Solanum lycopersicum,ot_1003_Tr100305.nex,"{'@tb:identifier.taxon': 632152, '@tb:identifier.taxonVariant': 847164, '@ubio': '479052', '@uniprot': '4081'}",Solanum lycopersicum,378964,-,Solanum lycopersicum
Solanum davisense,Solanum davisense,ot_1003_Tr100305.nex,"{'@tb:identifier.taxon': 537254, '@tb:identifier.taxonVariant': 712701}",Solanum davisense,348204,-,Solanum davisense
Solanum acerifolium,Solanum acerifolium,ot_1003_Tr100305.nex,"{'@tb:identifier.taxon': 27116, '@tb:identifier.taxonVariant': 63324, '@ubio': '3440804', '@uniprot': '238980'}",Solanum acerifolium,835021,-,Solanum acerifolium
Cestrum guatemalense,Cestrum guatemalense,ot_1003_Tr100305.nex,"{'@tb:identifier.taxon': 36738, '@tb:identifier.taxonVariant': 85025, '@ubio': '9113334', '@uniprot': '385328'}",Cestrum guatemalense,392656,-,Cestrum guatemalense
Dunalia solanacea,Dunalia solanacea,ot_1003_Tr100305.nex,"{'@tb:identifier.taxon': 35213, '@tb:identifier.taxonVariant': 81610, '@ubio': '9116177', '@uniprot': '362347'}",Dunalia solanacea,448172,-,Dunalia solanacea
Goetzea elegans,Goetzea elegans,ot_1003_Tr100305.nex,"{'@tb:identifier.taxon': 84467, '@tb:identifier.taxonVariant': 163084, '@ubio': '2653702', '@uniprot': '70013'}",Goetzea elegans,432314,-,Goetzea elegans
Saracha quitensis,Saracha quitensis,ot_1003_Tr100305.nex,"{'@tb:identifier.taxon': 35191, '@tb:identifier.taxonVariant': 81537, '@ubio': '3440353', '@uniprot': '362378'}",Saracha quitensis,1024745,-,Saracha quitensis
Solanum lichtensteinii,Solanum lichtensteinii,ot_1003_Tr100305.nex,"{'@tb:identifier.taxon': 448170, '@tb:identifier.taxonVariant': 592626, '@ubio': '9165801', '@uniprot': '488919'}",Solanum lichtensteinii,671641,-,Solanum lichtensteinii
Cestrum pittieri,Cestrum pittieri,ot_1003_Tr100305.nex,"{'@tb:identifier.taxon': 408224, '@tb:identifier.taxonVariant': 409991, '@ubio': '9142842', '@uniprot': '481616'}",Cestrum pittieri,171403,-,Cestrum pittieri
Lycium exsertum,Lycium exsertum,ot_1003_Tr100305.nex,"{'@tb:identifier.taxon': 127950, '@tb:identifier.taxonVariant': 205498, '@ubio': '2653619', '@uniprot': '127634'}",Lycium exsertum,650743,-,Lycium exsertum
Nierembergia repens,Nierembergia repens,ot_1003_Tr100305.nex,"{'@tb:identifier.taxon': 41297, '@tb:identifier.taxonVariant': 96262, '@ubio': '5890805', '@uniprot': '274384'}",Nierembergia repens,898773,-,Nierembergia repens
Solanum myoxotrichum,Solanum myoxotrichum,ot_1003_Tr100305.nex,"{'@tb:identifier.taxon': 27226, '@tb:identifier.taxonVariant': 63556, '@ubio': '5983847', '@uniprot': '329789'}",Solanum myoxotrichum,691755,-,Solanum myoxotrichum
Solanum decompositiflorum,Solanum decompositiflorum,ot_1003_Tr100305.nex,"{'@tb:identifier.taxon': 604550, '@tb:identifier.taxonVariant': 806742, '@ubio': '9126777'}",Solanum decompositiflorum,939574,-,Solanum decompositiflorum
Browallia speciosa,Browallia speciosa,ot_1003_Tr100305.nex,"{'@tb:identifier.taxon': 205523, '@tb:identifier.taxonVariant': 274980, '@ubio': '1800173', '@uniprot': '225613'}",Browallia speciosa,164827,-,Browallia speciosa
Nierembergia spathulata,Nierembergia spathulata,ot_1003_Tr100305.nex,"{'@tb:identifier.taxon': 41293, '@tb:identifier.taxonVariant': 96253, '@ubio': '9120588', '@uniprot': '289841'}",Nierembergia spathulata,662666,-,Nierembergia spathulata
Capsicum tovarii,Capsicum tovarii,ot_1003_Tr100305.nex,"{'@tb:identifier.taxon': 157202, '@tb:identifier.taxonVariant': 232517, '@ubio': '5887965', '@uniprot': '165702'}",Capsicum tovarii,417662,-,Capsicum tovarii
Solanum hapalum,Solanum hapalum,ot_1003_Tr100305.nex,"{'@tb:identifier.taxon': 619568, '@tb:identifier.taxonVariant': 829647, '@ubio': '8399786'}",Solanum hapalum,414050,-,Solanum hapalum
Metternichia,Metternichia sp,ot_1003_Tr100305.nex,-,Metternichia,210695,-,Metternichia sp
Solanum cyaneopurpureum,Solanum cyaneopurpureum,ot_1003_Tr100305.nex,"{'@tb:identifier.taxon': 27166, '@tb:identifier.taxonVariant': 113548, '@ubio': '10275802', '@uniprot': '329771'}",Solanum cyaneopurpureum,14209,-,Solanum cyaneopurpureum
Brunfelsia uniflora,Brunfelsia uniflora,ot_1003_Tr100305.nex,"{'@tb:identifier.taxon': 339348, '@tb:identifier.taxonVariant': 376514, '@ubio': '2669853', '@uniprot': '389207'}",Brunfelsia uniflora,512973,-,Brunfelsia uniflora
Nierembergia scoparia,Nierembergia scoparia,ot_1003_Tr100305.nex,"{'@tb:identifier.taxon': 41294, '@tb:identifier.taxonVariant': 96254, '@ubio': '2668279', '@uniprot': '274387'}",Nierembergia scoparia,898780,-,Nierembergia scoparia
Solanum sandwicense,Solanum sandwicense,ot_1003_Tr100305.nex,"{'@tb:identifier.taxon': 27267, '@tb:identifier.taxonVariant': 63634, '@ubio': '2653574', '@uniprot': '205579'}",Solanum sandwicense,210924,-,Solanum sandwicense
Nolana acuminata,Nolana acuminata,ot_1003_Tr100305.nex,"{'@tb:identifier.taxon': 95019, '@tb:identifier.taxonVariant': 174190, '@ubio': '5845974', '@uniprot': '84169'}",Nolana acuminata,275374,-,Nolana acuminata
Solanum trisectum,Solanum trisectum,ot_1003_Tr100305.nex,"{'@tb:identifier.taxon': 19164, '@tb:identifier.taxonVariant': 63675, '@ubio': '5960782', '@uniprot': '115652'}",Solanum trisectum,1026080,-,Solanum trisectum
Solanum esuriale,Solanum esuriale,ot_1003_Tr100305.nex,"{'@tb:identifier.taxon': 349413, '@tb:identifier.taxonVariant': 382905, '@ubio': '9108643', '@uniprot': '400998'}",Solanum esuriale,361009,-,Solanum esuriale
Deprea psilophyta,Larnax psilophyta,ot_1003_Tr100305.nex,"{'@tb:identifier.taxon': 118762, '@tb:identifier.taxonVariant': 197112, '@ubio': '5960793', '@uniprot': '115736'}",Deprea psilophyta,903500,-,Larnax psilophyta
Sessea vestita,Sessea vestita,ot_1003_Tr100305.nex,"{'@tb:identifier.taxon': 36748, '@tb:identifier.taxonVariant': 85047, '@ubio': '9123127', '@uniprot': '385350'}",Sessea vestita,817455,-,Sessea vestita
Solanum quitoense,Solanum quitoense,ot_1003_Tr100305.nex,"{'@tb:identifier.taxon': 27256, '@tb:identifier.taxonVariant': 63612, '@ubio': '2653567', '@uniprot': '227725'}",Solanum quitoense,835548,-,Solanum quitoense
Nierembergia pinifolia,Nierembergia pinifolia,ot_1003_Tr100305.nex,"{'@tb:identifier.taxon': 41300, '@tb:identifier.taxonVariant': 96269, '@ubio': '9223035', '@uniprot': '274380'}",Nierembergia pinifolia,898766,-,Nierembergia pinifolia
Lycium tetrandrum,Lycium tetrandrum,ot_1003_Tr100305.nex,"{'@tb:identifier.taxon': 149243, '@tb:identifier.taxonVariant': 225056, '@ubio': '5992279', '@uniprot': '155084'}",Lycium tetrandrum,814854,-,Lycium tetrandrum
Solanum asperolanatum,Solanum asperolanatum,ot_1003_Tr100305.nex,"{'@tb:identifier.taxon': 604579, '@tb:identifier.taxonVariant': 806771, '@ubio': '9124204'}",Solanum asperolanatum,364020,-,Solanum asperolanatum
Solanum americanum,Solanum americanum,ot_1003_Tr100305.nex,"{'@tb:identifier.taxon': 114559, '@tb:identifier.taxonVariant': 192880, '@ubio': '2676626', '@uniprot': '109975'}",Solanum americanum,756802,-,Solanum americanum
Solanum melanospermum,Solanum melanospermum,ot_1003_Tr100305.nex,"{'@tb:identifier.taxon': 34287, '@tb:identifier.taxonVariant': 79154, '@ubio': '9225419', '@uniprot': '368036'}",Solanum melanospermum,518423,-,Solanum melanospermum
Physalis arborescens,Physalis arborescens,ot_1003_Tr100305.nex,"{'@tb:identifier.taxon': 22156, '@tb:identifier.taxonVariant': 51519, '@ubio': '5981234', '@uniprot': '304126'}",Physalis arborescens,264836,-,Physalis arborescens
Solanum fiebrigii,Solanum fiebrigii,ot_1003_Tr100305.nex,"{'@tb:identifier.taxon': 27180, '@tb:identifier.taxonVariant': 63459, '@ubio': '5970595', '@uniprot': '205552'}",Solanum fiebrigii,261794,-,Solanum fiebrigii
Solanum heteropodium,Solanum heteropodium,ot_1003_Tr100305.nex,"{'@tb:identifier.taxon': 34291, '@tb:identifier.taxonVariant': 79161, '@ubio': '9235766', '@uniprot': '368032'}",Solanum heteropodium,518432,-,Solanum heteropodium
Solanum oxycarpum,Solanum oxycarpum,ot_1003_Tr100305.nex,"{'@tb:identifier.taxon': 278972, '@tb:identifier.taxonVariant': 332733, '@ubio': '1801136', '@uniprot': '317831'}",Solanum oxycarpum,1023760,-,Solanum oxycarpum
Goetzea ekmanii,Goetzea ekmanii,ot_1003_Tr100305.nex,"{'@tb:identifier.taxon': 205528, '@tb:identifier.taxonVariant': 274985, '@ubio': '3439687', '@uniprot': '225621'}",Goetzea ekmanii,910866,-,Goetzea ekmanii
Solanum guerreroense,Solanum guerreroense,ot_1003_Tr100305.nex,"{'@tb:identifier.taxon': 278963, '@tb:identifier.taxonVariant': 332717, '@ubio': '5861965', '@uniprot': '317822'}",Solanum guerreroense,447378,-,Solanum guerreroense
Solanum okadae,Solanum okadae,ot_1003_Tr100305.nex,"{'@tb:identifier.taxon': 87050, '@tb:identifier.taxonVariant': 165815, '@ubio': '5864249', '@uniprot': '73575'}",Solanum okadae,887243,-,Solanum okadae
Lycianthes denticulata,Lycianthes denticulata,ot_1003_Tr100305.nex,"{'@tb:identifier.taxon': 342847, '@tb:identifier.taxonVariant': 378914, '@ubio': '8730206', '@uniprot': '393148'}",Lycianthes denticulata,914558,-,Lycianthes denticulata
Solanum polytrichum,Solanum polytrichum,ot_1003_Tr100305.nex,"{'@tb:identifier.taxon': 604575, '@tb:identifier.taxonVariant': 806767, '@ubio': '3440453'}",Solanum polytrichum,801122,-,Solanum polytrichum
Solanum lanceolatum,Solanum lanceolatum,ot_1003_Tr100305.nex,"{'@tb:identifier.taxon': 27204, '@tb:identifier.taxonVariant': 63508, '@ubio': '2653536', '@uniprot': '329782'}",Solanum lanceolatum,691773,-,Solanum lanceolatum
Solanum tundalomense,Solanum tundalomense,ot_1003_Tr100305.nex,"{'@tb:identifier.taxon': 278976, '@tb:identifier.taxonVariant': 332741, '@ubio': '5873723', '@uniprot': '317835'}",Solanum tundalomense,1023767,-,Solanum tundalomense
Solanum multivenosum,Solanum multivenosum,ot_1003_Tr100305.nex,"{'@tb:identifier.taxon': 570040, '@tb:identifier.taxonVariant': 790063, '@ubio': '9180733'}",Solanum multivenosum,503664,-,Solanum multivenosum
Lycianthes rantonnei,Lycianthes rantonnei,ot_1003_Tr100305.nex,"{'@tb:identifier.taxon': 16492, '@tb:identifier.taxonVariant': 38658, '@ubio': '5899133', '@uniprot': '148306'}",Lycianthes rantonnei,988462,-,Lycianthes rantonnei
Cestrum fulvescens,Cestrum fulvescens,ot_1003_Tr100305.nex,"{'@tb:identifier.taxon': 36740, '@tb:identifier.taxonVariant': 85031, '@ubio': '9142460', '@uniprot': '385326'}",Cestrum fulvescens,392641,-,Cestrum fulvescens
Petunia altiplana,Petunia altiplana,ot_1003_Tr100305.nex,"{'@tb:identifier.taxon': 283618, '@tb:identifier.taxonVariant': 336729, '@ubio': '5912960', '@uniprot': '323106'}",Petunia altiplana,973025,-,Petunia altiplana
Solanum cerasiferum,Solanum cerasiferum,ot_1003_Tr100305.nex,"{'@tb:identifier.taxon': 546233, '@tb:identifier.taxonVariant': 724380, '@ubio': '9211295', '@uniprot': '666133'}",Solanum cerasiferum,331177,-,Solanum cerasiferum
Quincula lobata,Quincula lobata,ot_1003_Tr100305.nex,"{'@tb:identifier.taxon': 24722, '@tb:identifier.taxonVariant': 57909, '@ubio': '2668956', '@uniprot': '304123'}",Quincula lobata,264846,-,Quincula lobata
Capsicum ceratocalyx,Capsicum ceratocalyx,ot_1003_Tr100305.nex,"{'@tb:identifier.taxon': 343144, '@tb:identifier.taxonVariant': 503631}",Capsicum ceratocalyx,632487,-,Capsicum ceratocalyx
Nolana flaccida,Nolana flaccida,ot_1003_Tr100305.nex,"{'@tb:identifier.taxon': 95034, '@tb:identifier.taxonVariant': 174205, '@ubio': '5957958', '@uniprot': '84184'}",Nolana flaccida,707410,-,Nolana flaccida
Jaltomata sinuosa,Jaltomata sinuosa,ot_1003_Tr100305.nex,"{'@tb:identifier.taxon': 14828, '@tb:identifier.taxonVariant': 34853, '@ubio': '3440131', '@uniprot': '205521'}",Jaltomata sinuosa,886487,-,Jaltomata sinuosa
Atropa belladonna,Atropa belladonna,ot_1003_Tr100305.nex,"{'@tb:identifier.taxon': 2897, '@tb:identifier.taxonVariant': 6973, '@ubio': '1671821', '@uniprot': '33113'}",Atropa belladonna,232448,-,Atropa belladonna
Heteranthia decipiens,Heteranthia decipiens,ot_1003_Tr100305.nex,"{'@tb:identifier.taxon': 619540, '@tb:identifier.taxonVariant': 829616, '@ubio': '9263601'}",Heteranthia decipiens,5518140,-,Heteranthia decipiens
Solanum carolinense,Solanum carolinense,ot_1003_Tr100305.nex,"{'@tb:identifier.taxon': 27150, '@tb:identifier.taxonVariant': 63395, '@ubio': '2653515', '@uniprot': '50511'}",Solanum carolinense,390164,-,Solanum carolinense
Solanum robustum,Solanum robustum,ot_1003_Tr100305.nex,"{'@tb:identifier.taxon': 27263, '@tb:identifier.taxonVariant': 63621, '@ubio': '2669399', '@uniprot': '238982'}",Solanum robustum,835017,-,Solanum robustum
Capsicum pereirae,Capsicum pereirae,ot_1003_Tr100305.nex,"{'@tb:identifier.taxon': 397348, '@tb:identifier.taxonVariant': 406667, '@ubio': '10803223', '@uniprot': '462290'}",Capsicum pereirae,445182,-,Capsicum pereirae
Datura laevis,Datura laevis,ot_1003_Tr100305.nex,"{'@tb:identifier.taxon': 619538, '@tb:identifier.taxonVariant': 829614, '@ubio': '9191548'}",Datura laevis,644769,-,Datura laevis
Physalis cinerascens,Physalis cinerascens,ot_1003_Tr100305.nex,"{'@tb:identifier.taxon': 22162, '@tb:identifier.taxonVariant': 51533, '@ubio': '2668640', '@uniprot': '86544'}",Physalis cinerascens,950667,-,Physalis cinerascens
Nectouxia formosa,Nectouxia formosa,ot_1003_Tr100305.nex,"{'@tb:identifier.taxon': 429026, '@tb:identifier.taxonVariant': 565237, '@ubio': '2653635', '@uniprot': '540820'}",Nectouxia formosa,383975,-,Nectouxia formosa
Solanum diphyllum,Solanum diphyllum,ot_1003_Tr100305.nex,"{'@tb:identifier.taxon': 562417, '@tb:identifier.taxonVariant': 744846, '@ubio': '2653524', '@uniprot': '693386'}",Solanum diphyllum,814379,-,Solanum diphyllum
Solanum tudununggae,Solanum tudununggae,ot_1003_Tr100305.nex,"{'@tb:identifier.taxon': 34298, '@tb:identifier.taxonVariant': 79176, '@ubio': '9236000', '@uniprot': '368041'}",Solanum tudununggae,99737,-,Solanum tudununggae
Anthocercis racemosa,Anthocercis racemosa,ot_1003_Tr100305.nex,"{'@tb:identifier.taxon': 8152, '@tb:identifier.taxonVariant': 113197, '@ubio': '5969315', '@uniprot': '196373'}",Anthocercis racemosa,464124,-,Anthocercis racemosa
Lycium eenii,Lycium eenii,ot_1003_Tr100305.nex,"{'@tb:identifier.taxon': 362375, '@tb:identifier.taxonVariant': 390403, '@ubio': '9164844', '@uniprot': '416529'}",Lycium eenii,660402,-,Lycium eenii
Nicotiana suaveolens,Nicotiana suaveolens,ot_1003_Tr100305.nex,"{'@tb:identifier.taxon': 184590, '@tb:identifier.taxonVariant': 257219, '@ubio': '2668277', '@uniprot': '200320'}",Nicotiana suaveolens,806473,-,Nicotiana suaveolens
Nolana balsamiflua,Nolana balsamiflua,ot_1003_Tr100305.nex,"{'@tb:identifier.taxon': 395094, '@tb:identifier.taxonVariant': 405826, '@ubio': '10803591', '@uniprot': '459190'}",Nolana balsamiflua,705980,-,Nolana balsamiflua
Lycium cestroides,Lycium cestroides,ot_1003_Tr100305.nex,"{'@tb:identifier.taxon': 16493, '@tb:identifier.taxonVariant': 38661, '@ubio': '5843322', '@uniprot': '33116'}",Lycium cestroides,232465,-,Lycium cestroides
Solanum ursinum,Solanum ursinum,ot_1003_Tr100305.nex,"{'@tb:identifier.taxon': 604558, '@tb:identifier.taxonVariant': 806750, '@ubio': '3440872'}",Solanum ursinum,715553,-,Solanum ursinum
Physalis angulata,Physalis angulata,ot_1003_Tr100305.nex,"{'@tb:identifier.taxon': 22153, '@tb:identifier.taxonVariant': 51515, '@ubio': '2653659', '@uniprot': '113208'}",Physalis angulata,12537,-,Physalis angulata
Solanum hibernum,Solanum hibernum,ot_1003_Tr100305.nex,"{'@tb:identifier.taxon': 40230, '@tb:identifier.taxonVariant': 93382, '@ubio': '3440591', '@uniprot': '265402'}",Solanum hibernum,1035637,-,Solanum hibernum
Solanum nakurense,Solanum nakurense,ot_1003_Tr100305.nex,"{'@tb:identifier.taxon': 619583, '@tb:identifier.taxonVariant': 829662, '@ubio': '9239497'}",Solanum nakurense,3870192,-,Solanum nakurense
Solanum crinitipes,Solanum crinitipes,ot_1003_Tr100305.nex,"{'@tb:identifier.taxon': 27162, '@tb:identifier.taxonVariant': 63423, '@ubio': '3440814', '@uniprot': '205543'}",Solanum crinitipes,836451,-,Solanum crinitipes
Lycium cinereum,Lycium cinereum,ot_1003_Tr100305.nex,"{'@tb:identifier.taxon': 116732, '@tb:identifier.taxonVariant': 195085, '@ubio': '5960508', '@uniprot': '112871'}",Lycium cinereum,560951,-,Lycium cinereum
Solanum neorickii,Solanum neorickii,ot_1003_Tr100305.nex,"{'@tb:identifier.taxon': 79801, '@tb:identifier.taxonVariant': 157635, '@ubio': '8499053', '@uniprot': '62891'}",Solanum neorickii,885270,-,Solanum neorickii
Solanum acroscopicum,Solanum acroscopicum,ot_1003_Tr100305.nex,"{'@tb:identifier.taxon': 278956, '@tb:identifier.taxonVariant': 332704, '@ubio': '5861931', '@uniprot': '317815'}",Solanum acroscopicum,973479,-,Solanum acroscopicum
Calibrachoa sellowiana,Calibrachoa sellowiana,ot_1003_Tr100305.nex,"{'@tb:identifier.taxon': 283624, '@tb:identifier.taxonVariant': 336735, '@ubio': '5913013', '@uniprot': '323112'}",Calibrachoa sellowiana,446926,-,Calibrachoa sellowiana
Solanum simile,Solanum simile,ot_1003_Tr100305.nex,"{'@tb:identifier.taxon': 570037, '@tb:identifier.taxonVariant': 790060, '@ubio': '9109706'}",Solanum simile,503654,-,Solanum simile
Iochroma salpoanum,Iochroma salpoanum,ot_1003_Tr100305.nex,"{'@tb:identifier.taxon': 35198, '@tb:identifier.taxonVariant': 81556, '@ubio': '8948656', '@uniprot': '362366'}",Iochroma salpoanum,498951,-,Iochroma salpoanum
Solanum terminale,Solanum terminale,ot_1003_Tr100305.nex,"{'@tb:identifier.taxon': 27280, '@tb:identifier.taxonVariant': 63660, '@ubio': '3440900', '@uniprot': '205584'}",Solanum terminale,459489,-,Solanum terminale
Iochroma stenanthum,Iochroma stenanthum,ot_1003_Tr100305.nex,"{'@tb:identifier.taxon': 35196, '@tb:identifier.taxonVariant': 81552, '@ubio': '8427436', '@uniprot': '362373'}",Iochroma stenanthum,655926,-,Iochroma stenanthum
Solanum circaeifolium,Solanum circaeifolium,ot_1003_Tr100305.nex,"{'@tb:identifier.taxon': 62937, '@tb:identifier.taxonVariant': 416479, '@ubio': '3440836', '@uniprot': '37935'}",Solanum circaeifolium,888591,-,Solanum circaeifolium
Solanum pascoense,Solanum pascoense,ot_1003_Tr100305.nex,"{'@tb:identifier.taxon': 276757, '@tb:identifier.taxonVariant': 330636, '@ubio': '5862815', '@uniprot': '315343'}",Solanum pascoense,775002,-,Solanum pascoense
Deprea bitteriana,Deprea bitteriana,ot_1003_Tr100305.nex,"{'@tb:identifier.taxon': 118752, '@tb:identifier.taxonVariant': 197104, '@ubio': '5960785', '@uniprot': '115726'}",Deprea bitteriana,378372,-,Deprea bitteriana
Nolana aticoana,Nolana aticoana,ot_1003_Tr100305.nex,"{'@tb:identifier.taxon': 95024, '@tb:identifier.taxonVariant': 174195, '@ubio': '5957949', '@uniprot': '84174'}",Nolana aticoana,696716,-,Nolana aticoana
Iochroma grandiflorum,Iochroma grandiflorum,ot_1003_Tr100305.nex,"{'@tb:identifier.taxon': 35203, '@tb:identifier.taxonVariant': 81573, '@ubio': '5840083', '@uniprot': '362361'}",Iochroma grandiflorum,498949,-,Iochroma grandiflorum
Nierembergia veitchii,Nierembergia veitchii,ot_1003_Tr100305.nex,"{'@tb:identifier.taxon': 41291, '@tb:identifier.taxonVariant': 96249, '@ubio': '5890655', '@uniprot': '274389'}",Nierembergia veitchii,898764,-,Nierembergia veitchii
Solanum guineense,Solanum guineense,ot_1003_Tr100305.nex,"{'@tb:identifier.taxon': 619566, '@tb:identifier.taxonVariant': 829645, '@ubio': '5863103'}",Solanum guineense,5521816,-,Solanum guineense
Schizanthus tricolor,Schizanthus tricolor,ot_1003_Tr100305.nex,"{'@tb:identifier.taxon': 315572, '@tb:identifier.taxonVariant': 360799, '@ubio': '5985528', '@uniprot': '360636'}",Schizanthus tricolor,668605,-,Schizanthus tricolor
Deprea peruviana,Larnax peruviana,ot_1003_Tr100305.nex,"{'@tb:identifier.taxon': 118761, '@tb:identifier.taxonVariant': 197111, '@ubio': '5960792', '@uniprot': '115735'}",Deprea peruviana,1025232,-,Larnax peruviana
Physalis alkekengi,Physalis alkekengi,ot_1003_Tr100305.nex,"{'@tb:identifier.taxon': 22152, '@tb:identifier.taxonVariant': 51513, '@ubio': '2653658', '@uniprot': '33120'}",Physalis alkekengi,925265,-,Physalis alkekengi
Solanum kurtzianum,Solanum kurtzianum,ot_1003_Tr100305.nex,"{'@tb:identifier.taxon': 182781, '@tb:identifier.taxonVariant': 255633, '@ubio': '5845894', '@uniprot': '198039'}",Solanum kurtzianum,682709,-,Solanum kurtzianum
Nicotiana repanda,Nicotiana repanda,ot_1003_Tr100305.nex,"{'@tb:identifier.taxon': 89038, '@tb:identifier.taxonVariant': 167946, '@ubio': '2653640', '@uniprot': '76336'}",Nicotiana repanda,907842,-,Nicotiana repanda
Solandra grandiflora,Solandra grandiflora,ot_1003_Tr100305.nex,"{'@tb:identifier.taxon': 59767, '@tb:identifier.taxonVariant': 132893, '@ubio': '2653704', '@uniprot': '33123'}",Solandra grandiflora,704910,-,Solandra grandiflora
Brachistus stramoniifolius,Brachistus stramoniifolius,ot_1003_Tr100305.nex,"{'@tb:identifier.taxon': 619536, '@tb:identifier.taxonVariant': 829612, '@ubio': '3439880'}",Brachistus stramoniifolius,245258,-,Brachistus stramoniifolius
Browallia eludens,Browallia eludens,ot_1003_Tr100305.nex,"{'@tb:identifier.taxon': 429006, '@tb:identifier.taxonVariant': 565195, '@ubio': '2671816', '@uniprot': '540793'}",Browallia eludens,445279,-,Browallia eludens
Nolana gayana,Nolana gayana,ot_1003_Tr100305.nex,"{'@tb:identifier.taxon': 95036, '@tb:identifier.taxonVariant': 174207, '@ubio': '5957960', '@uniprot': '84186'}",Nolana gayana,325317,-,Nolana gayana
Capsicum hunzikerianum,Capsicum hunzikerianum,ot_1003_Tr100305.nex,"{'@tb:identifier.taxon': 397346, '@tb:identifier.taxonVariant': 406664, '@ubio': '10803214', '@uniprot': '462288'}",Capsicum hunzikerianum,1021778,-,Capsicum hunzikerianum
Solanum petrophilum,Solanum petrophilum,ot_1003_Tr100305.nex,"{'@tb:identifier.taxon': 27241, '@tb:identifier.taxonVariant': 63585, '@ubio': '3440555', '@uniprot': '4116'}",Solanum petrophilum,494823,-,Solanum petrophilum
Solanum ptychanthum,Solanum ptychanthum,ot_1003_Tr100305.nex,"{'@tb:identifier.taxon': 27251, '@tb:identifier.taxonVariant': 63603, '@ubio': '2669398', '@uniprot': '45838'}",Solanum ptychanthum,121202,-,Solanum ptychanthum
Solanum laxum,Solanum laxum,ot_1003_Tr100305.nex,"{'@tb:identifier.taxon': 27200, '@tb:identifier.taxonVariant': 113549, '@ubio': '5888336', '@uniprot': '205558'}",Solanum laxum,261784,-,Solanum laxum
Nolana plicata,Nolana plicata,ot_1003_Tr100305.nex,"{'@tb:identifier.taxon': 395103, '@tb:identifier.taxonVariant': 405837, '@ubio': '9381355', '@uniprot': '459199'}",Nolana plicata,705994,-,Nolana plicata
Lycianthes glandulosa,Lycianthes glandulosa,ot_1003_Tr100305.nex,"{'@tb:identifier.taxon': 16490, '@tb:identifier.taxonVariant': 38655, '@ubio': '5965689', '@uniprot': '165703'}",Lycianthes glandulosa,417660,-,Lycianthes glandulosa
Capsicum chinense,Capsicum chinense,ot_1003_Tr100305.nex,"{'@tb:identifier.taxon': 92140, '@tb:identifier.taxonVariant': 171041, '@ubio': '2653580', '@uniprot': '80379'}",Capsicum chinense,216347,-,Capsicum chinense
Solanum pluviale,Solanum pluviale,ot_1003_Tr100305.nex,"{'@tb:identifier.taxon': 604571, '@tb:identifier.taxonVariant': 806763, '@ubio': '9133461'}",Solanum pluviale,766367,-,Solanum pluviale
Nicotiana plumbaginifolia,Nicotiana plumbaginifolia,ot_1003_Tr100305.nex,"{'@tb:identifier.taxon': 50905, '@tb:identifier.taxonVariant': 120500, '@ubio': '2653639', '@uniprot': '4092'}",Nicotiana plumbaginifolia,229263,-,Nicotiana plumbaginifolia
Nicotiana maritima,Nicotiana maritima,ot_1003_Tr100305.nex,"{'@tb:identifier.taxon': 184579, '@tb:identifier.taxonVariant': 257209, '@ubio': '5845892', '@uniprot': '200308'}",Nicotiana maritima,755393,-,Nicotiana maritima
Lycianthes acutifolia,Lycianthes acutifolia,ot_1003_Tr100305.nex,"{'@tb:identifier.taxon': 342844, '@tb:identifier.taxonVariant': 378912, '@ubio': '9117417', '@uniprot': '393145'}",Lycianthes acutifolia,914556,-,Lycianthes acutifolia
Lycianthes radiata,Lycianthes radiata,ot_1003_Tr100305.nex,"{'@tb:identifier.taxon': 342861, '@tb:identifier.taxonVariant': 378928, '@ubio': '3440159', '@uniprot': '393162'}",Lycianthes radiata,864344,-,Lycianthes radiata
Solanum juglandifolium,Solanum juglandifolium,ot_1003_Tr100305.nex,"{'@tb:identifier.taxon': 632156, '@tb:identifier.taxonVariant': 847168, '@ubio': '5860515', '@uniprot': '205559'}",Solanum juglandifolium,261782,-,Solanum juglandifolium
Capsicum geminifolium,Capsicum geminifolium,ot_1003_Tr100305.nex,"{'@tb:identifier.taxon': 342841, '@tb:identifier.taxonVariant': 378909, '@ubio': '5891493', '@uniprot': '393142'}",Capsicum geminifolium,914541,-,Capsicum geminifolium
Solanum ternatum,Solanum ternatum,ot_1003_Tr100305.nex,"{'@tb:identifier.taxon': 564526, '@tb:identifier.taxonVariant': 785379, '@ubio': '3440553', '@uniprot': '0'}",Solanum ternatum,845598,-,Solanum ternatum
Solanum infundibuliforme,Solanum infundibuliforme,ot_1003_Tr100305.nex,"{'@tb:identifier.taxon': 632163, '@tb:identifier.taxonVariant': 847175, '@ubio': '5862031', '@uniprot': '315340'}",Solanum infundibuliforme,775004,-,Solanum infundibuliforme
Nicotiana digluta,Nicotiana digluta,ot_1003_Tr100305.nex,"{'@tb:identifier.taxon': 184592, '@tb:identifier.taxonVariant': 257221, '@ubio': '5970018', '@uniprot': '200322'}",Nicotiana digluta,5145461,-,Nicotiana digluta
Solanum chrysotrichum,Solanum chrysotrichum,ot_1003_Tr100305.nex,"{'@tb:identifier.taxon': 604556, '@tb:identifier.taxonVariant': 806748, '@ubio': '5888333'}",Solanum chrysotrichum,939579,-,Solanum chrysotrichum
Bouchetia anomala,Bouchetia anomala,ot_1003_Tr100305.nex,"{'@tb:identifier.taxon': 41313, '@tb:identifier.taxonVariant': 96300, '@ubio': '9196561', '@uniprot': '274391'}",Bouchetia anomala,324480,-,Bouchetia anomala
Solanum leopoldense,Solanum leopoldense,ot_1003_Tr100305.nex,"{'@tb:identifier.taxon': 34288, '@tb:identifier.taxonVariant': 113703, '@ubio': '10300333', '@uniprot': '368035'}",Solanum leopoldense,518420,-,Solanum leopoldense
Datura ferox,Datura ferox,ot_1003_Tr100305.nex,"{'@tb:identifier.taxon': 159719, '@tb:identifier.taxonVariant': 234940, '@ubio': '2771310', '@uniprot': '169103'}",Datura ferox,449193,-,Datura ferox
Iochroma cyaneum,Iochroma cyaneum,ot_1003_Tr100305.nex,"{'@tb:identifier.taxon': 35206, '@tb:identifier.taxonVariant': 81581, '@ubio': '3440119', '@uniprot': '362357'}",Iochroma cyaneum,974496,-,Iochroma cyaneum
Anthocercis angustifolia,Anthocercis angustifolia,ot_1003_Tr100305.nex,"{'@tb:identifier.taxon': 1852, '@tb:identifier.taxonVariant': 4532, '@ubio': '5969238', '@uniprot': '195717'}",Anthocercis angustifolia,759266,-,Anthocercis angustifolia
Solanum hougasii,Solanum hougasii,ot_1003_Tr100305.nex,"{'@tb:identifier.taxon': 276754, '@tb:identifier.taxonVariant': 330630, '@ubio': '5862676', '@uniprot': '315339'}",Solanum hougasii,46924,-,Solanum hougasii
Solanum monachophyllum,Solanum monachophyllum,ot_1003_Tr100305.nex,"{'@tb:identifier.taxon': 604536, '@tb:identifier.taxonVariant': 806728, '@ubio': '9183836'}",Solanum monachophyllum,464552,-,Solanum monachophyllum
Solanum pendulum,Solanum pendulum,ot_1003_Tr100305.nex,"{'@tb:identifier.taxon': 40206, '@tb:identifier.taxonVariant': 93330, '@ubio': '3440502', '@uniprot': '265408'}",Solanum pendulum,684874,-,Solanum pendulum
Hyoscyamus muticus,Hyoscyamus muticus,ot_1003_Tr100305.nex,"{'@tb:identifier.taxon': 61338, '@tb:identifier.taxonVariant': 135070, '@ubio': '2669888', '@uniprot': '35626'}",Hyoscyamus muticus,689845,-,Hyoscyamus muticus
Solanum coactiliferum,Solanum coactiliferum,ot_1003_Tr100305.nex,"{'@tb:identifier.taxon': 349407, '@tb:identifier.taxonVariant': 382897, '@ubio': '9108333', '@uniprot': '400992'}",Solanum coactiliferum,361005,-,Solanum coactiliferum
Solanum nemorense,Solanum nemorense,ot_1003_Tr100305.nex,"{'@tb:identifier.taxon': 27229, '@tb:identifier.taxonVariant': 63561, '@ubio': '3440471', '@uniprot': '205568'}",Solanum nemorense,785128,-,Solanum nemorense
Schizanthus pinnatus,Schizanthus pinnatus,ot_1003_Tr100305.nex,"{'@tb:identifier.taxon': 26359, '@tb:identifier.taxonVariant': 61606, '@ubio': '2653684', '@uniprot': '33122'}",Schizanthus pinnatus,704904,-,Schizanthus pinnatus
Solanum aculeatissimum,Solanum aculeatissimum,ot_1003_Tr100305.nex,"{'@tb:identifier.taxon': 27118, '@tb:identifier.taxonVariant': 63327, '@ubio': '2771297', '@uniprot': '267265'}",Solanum aculeatissimum,217959,-,Solanum aculeatissimum
Solanum allophyllum,Solanum allophyllum,ot_1003_Tr100305.nex,"{'@tb:identifier.taxon': 27125, '@tb:identifier.taxonVariant': 63344, '@ubio': '3440666', '@uniprot': '45832'}",Solanum allophyllum,121209,-,Solanum allophyllum
Deprea paneroi,Deprea paneroi,ot_1003_Tr100305.nex,"{'@tb:identifier.taxon': 118754, '@tb:identifier.taxonVariant': 427921, '@ubio': '5960786', '@uniprot': '115728'}",Deprea paneroi,378368,-,Deprea paneroi
Jaltomata andersonii,Jaltomata andersonii,ot_1003_Tr100305.nex,"{'@tb:identifier.taxon': 570327, '@tb:identifier.taxonVariant': 790631, '@ubio': '9272105'}",Jaltomata andersonii,482488,-,Jaltomata andersonii
Solanum sitiens,Solanum sitiens,ot_1003_Tr100305.nex,"{'@tb:identifier.taxon': 632172, '@tb:identifier.taxonVariant': 847184, '@ubio': '5873726', '@uniprot': '315349'}",Solanum sitiens,250453,-,Solanum sitiens
Lycium minutifolium,Lycium minutifolium,ot_1003_Tr100305.nex,"{'@tb:identifier.taxon': 362382, '@tb:identifier.taxonVariant': 390413, '@ubio': '9119181', '@uniprot': '416536'}",Lycium minutifolium,86076,-,Lycium minutifolium
Hyoscyamus albus,Hyoscyamus albus,ot_1003_Tr100305.nex,"{'@tb:identifier.taxon': 14045, '@tb:identifier.taxonVariant': 33099, '@ubio': '2667570', '@uniprot': '310458'}",Hyoscyamus albus,648295,-,Hyoscyamus albus
Schizanthus candidus,Schizanthus candidus,ot_1003_Tr100305.nex,"{'@tb:identifier.taxon': 315563, '@tb:identifier.taxonVariant': 360781, '@ubio': '5985520', '@uniprot': '360627'}",Schizanthus candidus,94217,-,Schizanthus candidus
Solanum bukasovii,Solanum bukasovii,ot_1003_Tr100305.nex,"{'@tb:identifier.taxon': 162013, '@tb:identifier.taxonVariant': 237020, '@ubio': '5862381', '@uniprot': '172263'}",Solanum bukasovii,218605,-,Solanum bukasovii
Solanum caripense,Solanum caripense,ot_1003_Tr100305.nex,"{'@tb:identifier.taxon': 632181, '@tb:identifier.taxonVariant': 847193, '@ubio': '5862469', '@uniprot': '205537'}",Solanum caripense,311864,-,Solanum caripense
Lycianthes lysimachioides,Lycianthes lysimachioides,ot_1003_Tr100305.nex,"{'@tb:identifier.taxon': 342853, '@tb:identifier.taxonVariant': 378920, '@ubio': '9180351', '@uniprot': '393154'}",Lycianthes lysimachioides,742554,-,Lycianthes lysimachioides
